avg_latitude,avg_longitude,h_phys_m,avg_temperature,avg_humidity,avg_pressure,week_seq,residual_mean,residual_std,h_pred_mean,h_pred_std
22.6,114.05,150.0,21.59607881568628,61.94148634401749,100412.83249335106,1,0.4356882,0.890271,150.43568819761276,0.890271
22.6,114.05025316455696,150.0,21.59607881568628,61.94148634401749,100412.83249335106,1,0.7597761,1.1170787,150.75977611541748,1.1170787
22.6,114.05050632911392,150.0,21.59607881568628,61.94148634401749,100412.83249335106,1,0.5072575,0.5288373,150.5072575211525,0.5288373
22.6,114.05075949367088,150.0,21.59607881568628,61.94148634401749,100412.83249335106,1,0.5426999,0.5872984,150.54269987344742,0.5872984
22.6,114.05101265822785,150.0,21.59607881568628,61.94148634401749,100412.83249335106,1,0.83783495,1.8741316,150.83783495426178,1.8741316
22.6,114.05126582278481,150.0,21.59607881568628,61.94148634401749,100412.83249335106,1,0.47875008,0.71563256,150.47875007987022,0.71563256
22.6,114.05151898734177,150.0,21.59607881568628,61.94148634401749,100412.83249335106,1,0.58023536,0.98057866,150.58023536205292,0.98057866
22.6,114.05177215189873,150.0,21.59607881568628,61.94148634401749,100412.83249335106,1,0.17377843,0.80122596,150.17377842962742,0.80122596
22.6,114.0520253164557,150.0,21.59607881568628,61.94148634401749,100412.83249335106,1,0.62327284,1.0419722,150.62327283620834,1.0419722
22.6,114.05227848101265,150.0,21.59607881568628,61.94148634401749,100412.83249335106,1,0.47452888,0.5521092,150.47452887892723,0.5521092
22.6,114.05253164556962,150.0,21.59607881568628,61.94148634401749,100412.83249335106,1,0.9147903,1.4168396,150.9147902727127,1.4168396
22.6,114.05278481012658,150.0,21.59607881568628,61.94148634401749,100412.83249335106,1,0.588857,1.1483045,150.58885699510574,1.1483045
22.6,114.05303797468355,150.0,21.59607881568628,61.94148634401749,100412.83249335106,1,0.8438312,1.3054246,150.84383118152618,1.3054246
22.6,114.0532911392405,150.0,21.59607881568628,61.94148634401749,100412.83249335106,1,0.076480575,0.6311822,150.07648057490587,0.6311822
22.6,114.05354430379747,150.0,21.59607881568628,61.94148634401749,100412.83249335106,1,0.36148235,0.7818592,150.36148235201836,0.7818592
22.6,114.05379746835443,150.0,21.59607881568628,61.94148634401749,100412.83249335106,1,0.49867052,0.72498655,150.49867051839828,0.72498655
22.6,114.05405063291138,150.0,21.59607881568628,61.94148634401749,100412.83249335106,1,0.25102064,0.60608685,150.2510206401348,0.60608685
22.6,114.05430379746835,150.0,21.59607881568628,61.94148634401749,100412.83249335106,1,0.80676377,0.9826888,150.8067637681961,0.9826888
22.6,114.05455696202532,150.0,21.59607881568628,61.94148634401749,100412.83249335106,1,0.35844278,0.77887195,150.3584427833557,0.77887195
22.6,114.05481012658227,150.0,21.59607881568628,61.94148634401749,100412.83249335106,1,0.384521,0.59803903,150.38452100753784,0.59803903
22.6,114.05506329113923,150.0,21.59607881568628,61.94148634401749,100412.83249335106,1,0.42960227,1.0846871,150.42960226535797,1.0846871
22.6,114.0553164556962,150.0,21.59607881568628,61.94148634401749,100412.83249335106,1,0.27440575,0.8506768,150.27440574765205,0.8506768
22.6,114.05556962025317,150.0,21.59607881568628,61.94148634401749,100412.83249335106,1,0.14732425,0.94096845,150.14732424914837,0.94096845
22.6,114.05582278481012,150.0,21.59607881568628,61.94148634401749,100412.83249335106,1,1.0700991,2.4277906,151.0700991153717,2.4277906
22.6,114.05607594936708,150.0,21.59607881568628,61.94148634401749,100412.83249335106,1,0.7872526,1.3574522,150.7872526049614,1.3574522
22.6,114.05632911392405,150.0,21.59607881568628,61.94148634401749,100412.83249335106,1,0.45703173,0.88951004,150.45703172683716,0.88951004
22.6,114.056582278481,150.0,21.59607881568628,61.94148634401749,100412.83249335106,1,0.42259926,1.0131475,150.42259925603867,1.0131475
22.6,114.05683544303797,150.0,21.59607881568628,61.94148634401749,100412.83249335106,1,0.56469053,0.96869874,150.56469053030014,0.96869874
22.6,114.05708860759493,150.0,21.59607881568628,61.94148634401749,100412.83249335106,1,0.73192406,1.0276024,150.73192405700684,1.0276024
22.6,114.0573417721519,150.0,21.59607881568628,61.94148634401749,100412.83249335106,1,1.1241561,2.1932871,151.12415611743927,2.1932871
22.6,114.05759493670885,150.0,21.59607881568628,61.94148634401749,100412.83249335106,1,0.74343824,1.5348164,150.74343824386597,1.5348164
22.6,114.05784810126582,150.0,21.59607881568628,61.94148634401749,100412.83249335106,1,0.56684613,1.0870631,150.56684613227844,1.0870631
22.6,114.05810126582278,150.0,21.59607881568628,61.94148634401749,100412.83249335106,1,0.3568446,0.82547325,150.35684460401535,0.82547325
22.6,114.05835443037974,150.0,21.59607881568628,61.94148634401749,100412.83249335106,1,0.40690494,0.9826095,150.4069049358368,0.9826095
22.6,114.0586075949367,150.0,21.59607881568628,61.94148634401749,100412.83249335106,1,0.54681706,0.8692914,150.54681706428528,0.8692914
22.6,114.05886075949367,150.0,21.59607881568628,61.94148634401749,100412.83249335106,1,0.104260996,1.2034171,150.10426099598408,1.2034171
22.6,114.05911392405064,150.0,21.59607881568628,61.94148634401749,100412.83249335106,1,0.70874625,0.968205,150.70874625444412,0.968205
22.6,114.05936708860759,150.0,21.59607881568628,61.94148634401749,100412.83249335106,1,2.2494173,9.827737,152.24941730499268,9.827737
22.6,114.05962025316455,150.0,21.59607881568628,61.94148634401749,100412.83249335106,1,0.2464027,0.6200525,150.24640269577503,0.6200525
22.6,114.05987341772152,150.0,21.59607881568628,61.94148634401749,100412.83249335106,1,0.9209516,1.4005789,150.92095160484314,1.4005789
22.6,114.06012658227847,150.0,21.59607881568628,61.94148634401749,100412.83249335106,1,0.5901089,0.8807013,150.59010887145996,0.8807013
22.6,114.06037974683544,150.0,21.59607881568628,61.94148634401749,100412.83249335106,1,0.92134655,2.009343,150.92134654521942,2.009343
22.6,114.0606329113924,150.0,21.59607881568628,61.94148634401749,100412.83249335106,1,0.542414,1.0963445,150.54241400957108,1.0963445
22.6,114.06088607594936,150.0,21.59607881568628,61.94148634401749,100412.83249335106,1,0.55891085,1.9235684,150.5589108467102,1.9235684
22.6,114.06113924050632,150.0,21.59607881568628,61.94148634401749,100412.83249335106,1,0.8434511,1.6896629,150.84345108270645,1.6896629
22.6,114.06139240506329,150.0,21.59607881568628,61.94148634401749,100412.83249335106,1,8.55358,30.151701,158.55358028411865,30.151701
22.6,114.06164556962025,150.0,21.59607881568628,61.94148634401749,100412.83249335106,1,1.1030653,1.8458908,151.10306525230408,1.8458908
22.6,114.0618987341772,150.0,21.59607881568628,61.94148634401749,100412.83249335106,1,3.812216,11.944515,153.8122160434723,11.944515
22.6,114.06215189873417,150.0,21.59607881568628,61.94148634401749,100412.83249335106,1,3.371995,13.297158,153.371994972229,13.297158
22.6,114.06240506329114,150.0,21.59607881568628,61.94148634401749,100412.83249335106,1,3.25873,7.758354,153.25872993469238,7.758354
22.6,114.06265822784809,150.0,21.59607881568628,61.94148634401749,100412.83249335106,1,3.429913,5.7350893,153.42991304397583,5.7350893
22.6,114.06291139240506,150.0,21.59607881568628,61.94148634401749,100412.83249335106,1,3.8837109,5.8179116,153.88371086120605,5.8179116
22.6,114.06316455696202,150.0,21.59607881568628,61.94148634401749,100412.83249335106,1,1.3951958,2.595493,151.39519584178925,2.595493
22.6,114.06341772151899,150.0,21.59607881568628,61.94148634401749,100412.83249335106,1,3.7094567,10.128264,153.7094566822052,10.128264
22.6,114.06367088607594,150.0,21.59607881568628,61.94148634401749,100412.83249335106,1,9.164131,15.726909,159.16413116455078,15.726909
22.6,114.0639240506329,150.0,21.59607881568628,61.94148634401749,100412.83249335106,1,7.749176,19.97752,157.74917602539062,19.97752
22.6,114.06417721518987,150.0,21.59607881568628,61.94148634401749,100412.83249335106,1,20.13704,34.88263,170.1370391845703,34.88263
22.6,114.06443037974682,150.0,21.59607881568628,61.94148634401749,100412.83249335106,1,10.39394,27.070698,160.39393997192383,27.070698
22.6,114.06468354430379,150.0,21.59607881568628,61.94148634401749,100412.83249335106,1,18.408201,35.410255,168.40820121765137,35.410255
22.6,114.06493670886076,150.0,21.59607881568628,61.94148634401749,100412.83249335106,1,34.303204,45.487152,184.30320358276367,45.487152
22.6,114.06518987341772,150.0,21.59607881568628,61.94148634401749,100412.83249335106,1,42.693733,41.670803,192.69373321533203,41.670803
22.6,114.06544303797467,150.0,21.59607881568628,61.94148634401749,100412.83249335106,1,36.399845,38.080624,186.39984512329102,38.080624
22.6,114.06569620253164,150.0,21.59607881568628,61.94148634401749,100412.83249335106,1,39.587296,41.10974,189.58729553222656,41.10974
22.6,114.0659493670886,150.0,21.59607881568628,61.94148634401749,100412.83249335106,1,41.19998,40.711487,191.19998168945312,40.711487
22.6,114.06620253164556,150.0,21.59607881568628,61.94148634401749,100412.83249335106,1,42.352936,40.4674,192.35293579101562,40.4674
22.6,114.06645569620252,150.0,21.59607881568628,61.94148634401749,100412.83249335106,1,40.666893,44.20889,190.6668930053711,44.20889
22.6,114.06670886075949,150.0,21.59607881568628,61.94148634401749,100412.83249335106,1,62.527298,38.199238,212.5272979736328,38.199238
22.6,114.06696202531644,150.0,21.59607881568628,61.94148634401749,100412.83249335106,1,70.36879,42.925552,220.36878967285156,42.925552
22.6,114.06721518987341,150.0,21.59607881568628,61.94148634401749,100412.83249335106,1,69.0039,45.234234,219.00389862060547,45.234234
22.6,114.06746835443037,150.0,21.59607881568628,61.94148634401749,100412.83249335106,1,87.15237,37.75687,237.1523666381836,37.75687
22.6,114.06772151898734,150.0,21.59607881568628,61.94148634401749,100412.83249335106,1,88.13805,29.716867,238.13804626464844,29.716867
22.6,114.06797468354429,150.0,21.59607881568628,61.94148634401749,100412.83249335106,1,92.35132,26.906313,242.351318359375,26.906313
22.6,114.06822784810126,150.0,21.59607881568628,61.94148634401749,100412.83249335106,1,97.06896,29.984325,247.06896209716797,29.984325
22.6,114.06848101265822,150.0,21.59607881568628,61.94148634401749,100412.83249335106,1,95.85932,28.3075,245.85932159423828,28.3075
22.6,114.06873417721518,150.0,21.59607881568628,61.94148634401749,100412.83249335106,1,102.55072,22.613297,252.55072021484375,22.613297
22.6,114.06898734177214,150.0,21.59607881568628,61.94148634401749,100412.83249335106,1,104.678345,22.967655,254.6783447265625,22.967655
22.6,114.06924050632911,150.0,21.59607881568628,61.94148634401749,100412.83249335106,1,109.660255,16.93185,259.6602554321289,16.93185
22.6,114.06949367088608,150.0,21.59607881568628,61.94148634401749,100412.83249335106,1,107.3087,15.614644,257.30870056152344,15.614644
22.6,114.06974683544303,150.0,21.59607881568628,61.94148634401749,100412.83249335106,1,97.377975,26.415262,247.3779754638672,26.415262
22.6,114.07,150.0,21.59607881568628,61.94148634401749,100412.83249335106,1,107.73758,14.969972,257.7375793457031,14.969972
22.600253164556964,114.05,150.0,21.59607881568628,61.94148634401749,100412.83249335106,1,0.58003676,0.91965806,150.58003675937653,0.91965806
22.600253164556964,114.05025316455696,150.0,21.59607881568628,61.94148634401749,100412.83249335106,1,0.44821006,0.85953295,150.44821006059647,0.85953295
22.600253164556964,114.05050632911392,150.0,21.59607881568628,61.94148634401749,100412.83249335106,1,0.49628124,0.6085357,150.49628123641014,0.6085357
22.600253164556964,114.05075949367088,150.0,21.59607881568628,61.94148634401749,100412.83249335106,1,0.6146698,0.61418164,150.6146697998047,0.61418164
22.600253164556964,114.05101265822785,150.0,21.59607881568628,61.94148634401749,100412.83249335106,1,0.26512596,0.6707163,150.26512596011162,0.6707163
22.600253164556964,114.05126582278481,150.0,21.59607881568628,61.94148634401749,100412.83249335106,1,0.58638823,0.77334476,150.5863882303238,0.77334476
22.600253164556964,114.05151898734177,150.0,21.59607881568628,61.94148634401749,100412.83249335106,1,0.5844228,1.1652329,150.58442282676697,1.1652329
22.600253164556964,114.05177215189873,150.0,21.59607881568628,61.94148634401749,100412.83249335106,1,0.42774066,1.017545,150.42774066329002,1.017545
22.600253164556964,114.0520253164557,150.0,21.59607881568628,61.94148634401749,100412.83249335106,1,0.39282835,0.6400184,150.39282834529877,0.6400184
22.600253164556964,114.05227848101265,150.0,21.59607881568628,61.94148634401749,100412.83249335106,1,0.56983715,0.7596953,150.56983715295792,0.7596953
22.600253164556964,114.05253164556962,150.0,21.59607881568628,61.94148634401749,100412.83249335106,1,0.37270534,0.47380915,150.37270534038544,0.47380915
22.600253164556964,114.05278481012658,150.0,21.59607881568628,61.94148634401749,100412.83249335106,1,0.3991322,0.75132096,150.39913219213486,0.75132096
22.600253164556964,114.05303797468355,150.0,21.59607881568628,61.94148634401749,100412.83249335106,1,0.26868156,0.42554194,150.2686815559864,0.42554194
22.600253164556964,114.0532911392405,150.0,21.59607881568628,61.94148634401749,100412.83249335106,1,0.28723097,0.7620219,150.28723096847534,0.7620219
22.600253164556964,114.05354430379747,150.0,21.59607881568628,61.94148634401749,100412.83249335106,1,0.4488491,0.8985024,150.44884911179543,0.8985024
22.600253164556964,114.05379746835443,150.0,21.59607881568628,61.94148634401749,100412.83249335106,1,0.31445515,0.63126194,150.31445515155792,0.63126194
22.600253164556964,114.05405063291138,150.0,21.59607881568628,61.94148634401749,100412.83249335106,1,0.92704445,1.7311277,150.92704445123672,1.7311277
22.600253164556964,114.05430379746835,150.0,21.59607881568628,61.94148634401749,100412.83249335106,1,0.35230312,0.7600806,150.35230311751366,0.7600806
22.600253164556964,114.05455696202532,150.0,21.59607881568628,61.94148634401749,100412.83249335106,1,0.39606526,0.5611105,150.39606526494026,0.5611105
22.600253164556964,114.05481012658227,150.0,21.59607881568628,61.94148634401749,100412.83249335106,1,0.4048654,0.76257133,150.4048654139042,0.76257133
22.600253164556964,114.05506329113923,150.0,21.59607881568628,61.94148634401749,100412.83249335106,1,0.6669244,1.2056297,150.6669244170189,1.2056297
22.600253164556964,114.0553164556962,150.0,21.59607881568628,61.94148634401749,100412.83249335106,1,0.64823604,1.2501206,150.64823603630066,1.2501206
22.600253164556964,114.05556962025317,150.0,21.59607881568628,61.94148634401749,100412.83249335106,1,0.7539127,1.0784712,150.75391268730164,1.0784712
22.600253164556964,114.05582278481012,150.0,21.59607881568628,61.94148634401749,100412.83249335106,1,0.52343476,0.92310625,150.52343475818634,0.92310625
22.600253164556964,114.05607594936708,150.0,21.59607881568628,61.94148634401749,100412.83249335106,1,0.60355455,0.77656984,150.60355454683304,0.77656984
22.600253164556964,114.05632911392405,150.0,21.59607881568628,61.94148634401749,100412.83249335106,1,0.40866542,0.81853575,150.40866541862488,0.81853575
22.600253164556964,114.056582278481,150.0,21.59607881568628,61.94148634401749,100412.83249335106,1,1.1832244,3.5431838,151.18322443962097,3.5431838
22.600253164556964,114.05683544303797,150.0,21.59607881568628,61.94148634401749,100412.83249335106,1,0.42410773,0.81479216,150.42410773038864,0.81479216
22.600253164556964,114.05708860759493,150.0,21.59607881568628,61.94148634401749,100412.83249335106,1,0.4969246,0.8408519,150.49692460894585,0.8408519
22.600253164556964,114.0573417721519,150.0,21.59607881568628,61.94148634401749,100412.83249335106,1,0.4388812,0.8041481,150.43888118863106,0.8041481
22.600253164556964,114.05759493670885,150.0,21.59607881568628,61.94148634401749,100412.83249335106,1,0.17384562,0.9155634,150.17384561896324,0.9155634
22.600253164556964,114.05784810126582,150.0,21.59607881568628,61.94148634401749,100412.83249335106,1,0.443721,0.6720317,150.44372099637985,0.6720317
22.600253164556964,114.05810126582278,150.0,21.59607881568628,61.94148634401749,100412.83249335106,1,0.20996629,0.56491363,150.20996628701687,0.56491363
22.600253164556964,114.05835443037974,150.0,21.59607881568628,61.94148634401749,100412.83249335106,1,0.41652504,1.3602678,150.41652503609657,1.3602678
22.600253164556964,114.0586075949367,150.0,21.59607881568628,61.94148634401749,100412.83249335106,1,0.31911984,0.84694844,150.31911984086037,0.84694844
22.600253164556964,114.05886075949367,150.0,21.59607881568628,61.94148634401749,100412.83249335106,1,0.2748983,1.1830854,150.27489829063416,1.1830854
22.600253164556964,114.05911392405064,150.0,21.59607881568628,61.94148634401749,100412.83249335106,1,0.8043341,2.6392863,150.80433410406113,2.6392863
22.600253164556964,114.05936708860759,150.0,21.59607881568628,61.94148634401749,100412.83249335106,1,0.7941501,2.3502405,150.79415011405945,2.3502405
22.600253164556964,114.05962025316455,150.0,21.59607881568628,61.94148634401749,100412.83249335106,1,0.5074114,1.507761,150.5074114203453,1.507761
22.600253164556964,114.05987341772152,150.0,21.59607881568628,61.94148634401749,100412.83249335106,1,2.021755,6.7449217,152.02175498008728,6.7449217
22.600253164556964,114.06012658227847,150.0,21.59607881568628,61.94148634401749,100412.83249335106,1,0.61591595,1.7147337,150.615915954113,1.7147337
22.600253164556964,114.06037974683544,150.0,21.59607881568628,61.94148634401749,100412.83249335106,1,0.6831301,1.4784608,150.6831300854683,1.4784608
22.600253164556964,114.0606329113924,150.0,21.59607881568628,61.94148634401749,100412.83249335106,1,0.4607063,1.8768054,150.46070629358292,1.8768054
22.600253164556964,114.06088607594936,150.0,21.59607881568628,61.94148634401749,100412.83249335106,1,3.9850948,11.9761505,153.9850947856903,11.9761505
22.600253164556964,114.06113924050632,150.0,21.59607881568628,61.94148634401749,100412.83249335106,1,0.86703503,2.215179,150.86703503131866,2.215179
22.600253164556964,114.06139240506329,150.0,21.59607881568628,61.94148634401749,100412.83249335106,1,1.2404962,4.1939716,151.24049615859985,4.1939716
22.600253164556964,114.06164556962025,150.0,21.59607881568628,61.94148634401749,100412.83249335106,1,3.8211327,17.36197,153.8211326599121,17.36197
22.600253164556964,114.0618987341772,150.0,21.59607881568628,61.94148634401749,100412.83249335106,1,3.5983224,10.762401,153.59832239151,10.762401
22.600253164556964,114.06215189873417,150.0,21.59607881568628,61.94148634401749,100412.83249335106,1,3.500186,12.212512,153.5001859664917,12.212512
22.600253164556964,114.06240506329114,150.0,21.59607881568628,61.94148634401749,100412.83249335106,1,6.2395563,24.77555,156.23955631256104,24.77555
22.600253164556964,114.06265822784809,150.0,21.59607881568628,61.94148634401749,100412.83249335106,1,5.2586474,18.216833,155.258647441864,18.216833
22.600253164556964,114.06291139240506,150.0,21.59607881568628,61.94148634401749,100412.83249335106,1,1.7393689,4.571182,151.73936891555786,4.571182
22.600253164556964,114.06316455696202,150.0,21.59607881568628,61.94148634401749,100412.83249335106,1,8.480659,23.161196,158.48065853118896,23.161196
22.600253164556964,114.06341772151899,150.0,21.59607881568628,61.94148634401749,100412.83249335106,1,11.644327,28.22278,161.6443271636963,28.22278
22.600253164556964,114.06367088607594,150.0,21.59607881568628,61.94148634401749,100412.83249335106,1,8.722098,22.769056,158.7220983505249,22.769056
22.600253164556964,114.0639240506329,150.0,21.59607881568628,61.94148634401749,100412.83249335106,1,11.584664,24.941284,161.5846643447876,24.941284
22.600253164556964,114.06417721518987,150.0,21.59607881568628,61.94148634401749,100412.83249335106,1,20.376001,36.08095,170.37600135803223,36.08095
22.600253164556964,114.06443037974682,150.0,21.59607881568628,61.94148634401749,100412.83249335106,1,8.833803,18.642784,158.83380317687988,18.642784
22.600253164556964,114.06468354430379,150.0,21.59607881568628,61.94148634401749,100412.83249335106,1,24.584702,31.12176,174.58470153808594,31.12176
22.600253164556964,114.06493670886076,150.0,21.59607881568628,61.94148634401749,100412.83249335106,1,27.502497,38.611473,177.50249671936035,38.611473
22.600253164556964,114.06518987341772,150.0,21.59607881568628,61.94148634401749,100412.83249335106,1,44.4354,39.83433,194.43539810180664,39.83433
22.600253164556964,114.06544303797467,150.0,21.59607881568628,61.94148634401749,100412.83249335106,1,42.6824,36.237255,192.68239974975586,36.237255
22.600253164556964,114.06569620253164,150.0,21.59607881568628,61.94148634401749,100412.83249335106,1,24.525051,33.37163,174.52505111694336,33.37163
22.600253164556964,114.0659493670886,150.0,21.59607881568628,61.94148634401749,100412.83249335106,1,56.69061,39.628338,206.69060897827148,39.628338
22.600253164556964,114.06620253164556,150.0,21.59607881568628,61.94148634401749,100412.83249335106,1,67.03603,44.24163,217.0360336303711,44.24163
22.600253164556964,114.06645569620252,150.0,21.59607881568628,61.94148634401749,100412.83249335106,1,72.34005,39.68335,222.34004974365234,39.68335
22.600253164556964,114.06670886075949,150.0,21.59607881568628,61.94148634401749,100412.83249335106,1,67.79352,42.71198,217.79351806640625,42.71198
22.600253164556964,114.06696202531644,150.0,21.59607881568628,61.94148634401749,100412.83249335106,1,75.11189,40.59929,225.1118927001953,40.59929
22.600253164556964,114.06721518987341,150.0,21.59607881568628,61.94148634401749,100412.83249335106,1,72.975624,37.111095,222.97562408447266,37.111095
22.600253164556964,114.06746835443037,150.0,21.59607881568628,61.94148634401749,100412.83249335106,1,95.639755,25.322824,245.63975524902344,25.322824
22.600253164556964,114.06772151898734,150.0,21.59607881568628,61.94148634401749,100412.83249335106,1,98.13489,10.05987,248.1348876953125,10.05987
22.600253164556964,114.06797468354429,150.0,21.59607881568628,61.94148634401749,100412.83249335106,1,83.40789,36.216972,233.40789031982422,36.216972
22.600253164556964,114.06822784810126,150.0,21.59607881568628,61.94148634401749,100412.83249335106,1,98.02085,20.683819,248.0208511352539,20.683819
22.600253164556964,114.06848101265822,150.0,21.59607881568628,61.94148634401749,100412.83249335106,1,94.063644,22.70036,244.0636444091797,22.70036
22.600253164556964,114.06873417721518,150.0,21.59607881568628,61.94148634401749,100412.83249335106,1,92.03758,27.291813,242.03758239746094,27.291813
22.600253164556964,114.06898734177214,150.0,21.59607881568628,61.94148634401749,100412.83249335106,1,106.450645,8.832965,256.45064544677734,8.832965
22.600253164556964,114.06924050632911,150.0,21.59607881568628,61.94148634401749,100412.83249335106,1,97.93917,23.740847,247.93917083740234,23.740847
22.600253164556964,114.06949367088608,150.0,21.59607881568628,61.94148634401749,100412.83249335106,1,104.46119,10.188499,254.46118927001953,10.188499
22.600253164556964,114.06974683544303,150.0,21.59607881568628,61.94148634401749,100412.83249335106,1,106.496605,16.56591,256.4966049194336,16.56591
22.600253164556964,114.07,150.0,21.59607881568628,61.94148634401749,100412.83249335106,1,108.9797,15.186596,258.97969818115234,15.186596
22.600506329113927,114.05,150.0,21.59607881568628,61.94148634401749,100412.83249335106,1,0.602226,1.308383,150.60222601890564,1.308383
22.600506329113927,114.05025316455696,150.0,21.59607881568628,61.94148634401749,100412.83249335106,1,0.46821696,1.2197903,150.46821695566177,1.2197903
22.600506329113927,114.05050632911392,150.0,21.59607881568628,61.94148634401749,100412.83249335106,1,0.16694361,0.48544955,150.1669436097145,0.48544955
22.600506329113927,114.05075949367088,150.0,21.59607881568628,61.94148634401749,100412.83249335106,1,0.37363476,0.6905608,150.37363475561142,0.6905608
22.600506329113927,114.05101265822785,150.0,21.59607881568628,61.94148634401749,100412.83249335106,1,0.6634372,1.4745408,150.66343718767166,1.4745408
22.600506329113927,114.05126582278481,150.0,21.59607881568628,61.94148634401749,100412.83249335106,1,0.7121945,2.1322975,150.71219450235367,2.1322975
22.600506329113927,114.05151898734177,150.0,21.59607881568628,61.94148634401749,100412.83249335106,1,0.1933988,0.49974817,150.19339880347252,0.49974817
22.600506329113927,114.05177215189873,150.0,21.59607881568628,61.94148634401749,100412.83249335106,1,0.26583016,0.6136164,150.26583015918732,0.6136164
22.600506329113927,114.0520253164557,150.0,21.59607881568628,61.94148634401749,100412.83249335106,1,0.79119784,1.800943,150.79119783639908,1.800943
22.600506329113927,114.05227848101265,150.0,21.59607881568628,61.94148634401749,100412.83249335106,1,0.5247561,0.6829598,150.52475607395172,0.6829598
22.600506329113927,114.05253164556962,150.0,21.59607881568628,61.94148634401749,100412.83249335106,1,0.31877154,0.6786057,150.31877154111862,0.6786057
22.600506329113927,114.05278481012658,150.0,21.59607881568628,61.94148634401749,100412.83249335106,1,0.5202272,0.9528143,150.5202271938324,0.9528143
22.600506329113927,114.05303797468355,150.0,21.59607881568628,61.94148634401749,100412.83249335106,1,0.529171,0.77948415,150.52917098999023,0.77948415
22.600506329113927,114.0532911392405,150.0,21.59607881568628,61.94148634401749,100412.83249335106,1,0.5155055,0.8126949,150.51550549268723,0.8126949
22.600506329113927,114.05354430379747,150.0,21.59607881568628,61.94148634401749,100412.83249335106,1,0.21369658,0.6123755,150.2136965841055,0.6123755
22.600506329113927,114.05379746835443,150.0,21.59607881568628,61.94148634401749,100412.83249335106,1,0.41843244,0.9634952,150.41843244433403,0.9634952
22.600506329113927,114.05405063291138,150.0,21.59607881568628,61.94148634401749,100412.83249335106,1,0.7741806,1.6469444,150.77418059110641,1.6469444
22.600506329113927,114.05430379746835,150.0,21.59607881568628,61.94148634401749,100412.83249335106,1,0.527909,0.7357431,150.5279089808464,0.7357431
22.600506329113927,114.05455696202532,150.0,21.59607881568628,61.94148634401749,100412.83249335106,1,0.10482316,0.74009126,150.10482315719128,0.74009126
22.600506329113927,114.05481012658227,150.0,21.59607881568628,61.94148634401749,100412.83249335106,1,0.5270315,1.1791186,150.52703148126602,1.1791186
22.600506329113927,114.05506329113923,150.0,21.59607881568628,61.94148634401749,100412.83249335106,1,0.28325683,0.8892175,150.28325682878494,0.8892175
22.600506329113927,114.0553164556962,150.0,21.59607881568628,61.94148634401749,100412.83249335106,1,0.20315075,0.53177106,150.20315074920654,0.53177106
22.600506329113927,114.05556962025317,150.0,21.59607881568628,61.94148634401749,100412.83249335106,1,0.87090784,2.2823055,150.87090784311295,2.2823055
22.600506329113927,114.05582278481012,150.0,21.59607881568628,61.94148634401749,100412.83249335106,1,0.02813764,0.77326846,150.02813763916492,0.77326846
22.600506329113927,114.05607594936708,150.0,21.59607881568628,61.94148634401749,100412.83249335106,1,0.240254,0.6288339,150.2402539998293,0.6288339
22.600506329113927,114.05632911392405,150.0,21.59607881568628,61.94148634401749,100412.83249335106,1,0.31206828,0.73088706,150.3120682835579,0.73088706
22.600506329113927,114.056582278481,150.0,21.59607881568628,61.94148634401749,100412.83249335106,1,0.33004627,0.8669666,150.33004626631737,0.8669666
22.600506329113927,114.05683544303797,150.0,21.59607881568628,61.94148634401749,100412.83249335106,1,0.7471725,1.4009612,150.74717247486115,1.4009612
22.600506329113927,114.05708860759493,150.0,21.59607881568628,61.94148634401749,100412.83249335106,1,0.81035966,2.7067735,150.81035965681076,2.7067735
22.600506329113927,114.0573417721519,150.0,21.59607881568628,61.94148634401749,100412.83249335106,1,0.08312897,0.6639774,150.0831289663911,0.6639774
22.600506329113927,114.05759493670885,150.0,21.59607881568628,61.94148634401749,100412.83249335106,1,0.20706816,0.745955,150.20706816017628,0.745955
22.600506329113927,114.05784810126582,150.0,21.59607881568628,61.94148634401749,100412.83249335106,1,0.372657,0.901241,150.37265700101852,0.901241
22.600506329113927,114.05810126582278,150.0,21.59607881568628,61.94148634401749,100412.83249335106,1,0.42681774,1.464414,150.42681774497032,1.464414
22.600506329113927,114.05835443037974,150.0,21.59607881568628,61.94148634401749,100412.83249335106,1,0.1964388,0.75067693,150.19643880426884,0.75067693
22.600506329113927,114.0586075949367,150.0,21.59607881568628,61.94148634401749,100412.83249335106,1,0.4206413,0.71298224,150.42064130306244,0.71298224
22.600506329113927,114.05886075949367,150.0,21.59607881568628,61.94148634401749,100412.83249335106,1,0.43299595,0.7220381,150.43299594521523,0.7220381
22.600506329113927,114.05911392405064,150.0,21.59607881568628,61.94148634401749,100412.83249335106,1,0.36101428,1.450021,150.36101427674294,1.450021
22.600506329113927,114.05936708860759,150.0,21.59607881568628,61.94148634401749,100412.83249335106,1,0.13698453,0.81227916,150.13698452711105,0.81227916
22.600506329113927,114.05962025316455,150.0,21.59607881568628,61.94148634401749,100412.83249335106,1,0.7237521,1.4037907,150.7237520813942,1.4037907
22.600506329113927,114.05987341772152,150.0,21.59607881568628,61.94148634401749,100412.83249335106,1,1.20496,3.5873754,151.20495998859406,3.5873754
22.600506329113927,114.06012658227847,150.0,21.59607881568628,61.94148634401749,100412.83249335106,1,0.20683073,0.9596519,150.20683072507381,0.9596519
22.600506329113927,114.06037974683544,150.0,21.59607881568628,61.94148634401749,100412.83249335106,1,0.47332323,1.4102588,150.47332322597504,1.4102588
22.600506329113927,114.0606329113924,150.0,21.59607881568628,61.94148634401749,100412.83249335106,1,0.32560995,1.2895864,150.32560995221138,1.2895864
22.600506329113927,114.06088607594936,150.0,21.59607881568628,61.94148634401749,100412.83249335106,1,0.60339266,1.4450401,150.60339266061783,1.4450401
22.600506329113927,114.06113924050632,150.0,21.59607881568628,61.94148634401749,100412.83249335106,1,1.5637386,9.22757,151.56373858451843,9.22757
22.600506329113927,114.06139240506329,150.0,21.59607881568628,61.94148634401749,100412.83249335106,1,0.7987796,2.287003,150.79877960681915,2.287003
22.600506329113927,114.06164556962025,150.0,21.59607881568628,61.94148634401749,100412.83249335106,1,1.2822074,5.409057,151.28220736980438,5.409057
22.600506329113927,114.0618987341772,150.0,21.59607881568628,61.94148634401749,100412.83249335106,1,2.311068,9.587011,152.31106805801392,9.587011
22.600506329113927,114.06215189873417,150.0,21.59607881568628,61.94148634401749,100412.83249335106,1,0.40263295,1.677891,150.40263295173645,1.677891
22.600506329113927,114.06240506329114,150.0,21.59607881568628,61.94148634401749,100412.83249335106,1,2.4429047,5.53742,152.44290471076965,5.53742
22.600506329113927,114.06265822784809,150.0,21.59607881568628,61.94148634401749,100412.83249335106,1,3.1357925,11.989202,153.1357924938202,11.989202
22.600506329113927,114.06291139240506,150.0,21.59607881568628,61.94148634401749,100412.83249335106,1,5.76505,16.456427,155.7650499343872,16.456427
22.600506329113927,114.06316455696202,150.0,21.59607881568628,61.94148634401749,100412.83249335106,1,1.6474444,5.188392,151.64744436740875,5.188392
22.600506329113927,114.06341772151899,150.0,21.59607881568628,61.94148634401749,100412.83249335106,1,3.0928946,7.582213,153.09289455413818,7.582213
22.600506329113927,114.06367088607594,150.0,21.59607881568628,61.94148634401749,100412.83249335106,1,12.07305,25.458363,162.0730495452881,25.458363
22.600506329113927,114.0639240506329,150.0,21.59607881568628,61.94148634401749,100412.83249335106,1,7.190281,12.566483,157.19028091430664,12.566483
22.600506329113927,114.06417721518987,150.0,21.59607881568628,61.94148634401749,100412.83249335106,1,6.708961,18.300549,156.70896100997925,18.300549
22.600506329113927,114.06443037974682,150.0,21.59607881568628,61.94148634401749,100412.83249335106,1,21.269152,28.945255,171.26915168762207,28.945255
22.600506329113927,114.06468354430379,150.0,21.59607881568628,61.94148634401749,100412.83249335106,1,35.577335,40.668415,185.57733535766602,40.668415
22.600506329113927,114.06493670886076,150.0,21.59607881568628,61.94148634401749,100412.83249335106,1,38.320488,36.232243,188.32048797607422,36.232243
22.600506329113927,114.06518987341772,150.0,21.59607881568628,61.94148634401749,100412.83249335106,1,49.343678,40.456722,199.34367752075195,40.456722
22.600506329113927,114.06544303797467,150.0,21.59607881568628,61.94148634401749,100412.83249335106,1,41.36754,41.215206,191.36753845214844,41.215206
22.600506329113927,114.06569620253164,150.0,21.59607881568628,61.94148634401749,100412.83249335106,1,54.80844,44.072258,204.80844116210938,44.072258
22.600506329113927,114.0659493670886,150.0,21.59607881568628,61.94148634401749,100412.83249335106,1,59.816227,41.607418,209.81622695922852,41.607418
22.600506329113927,114.06620253164556,150.0,21.59607881568628,61.94148634401749,100412.83249335106,1,72.629265,36.932518,222.62926483154297,36.932518
22.600506329113927,114.06645569620252,150.0,21.59607881568628,61.94148634401749,100412.83249335106,1,69.069275,29.860828,219.06927490234375,29.860828
22.600506329113927,114.06670886075949,150.0,21.59607881568628,61.94148634401749,100412.83249335106,1,63.07655,37.452637,213.0765495300293,37.452637
22.600506329113927,114.06696202531644,150.0,21.59607881568628,61.94148634401749,100412.83249335106,1,68.402916,40.99943,218.40291595458984,40.99943
22.600506329113927,114.06721518987341,150.0,21.59607881568628,61.94148634401749,100412.83249335106,1,76.30152,34.45198,226.30152130126953,34.45198
22.600506329113927,114.06746835443037,150.0,21.59607881568628,61.94148634401749,100412.83249335106,1,94.550766,25.76972,244.55076599121094,25.76972
22.600506329113927,114.06772151898734,150.0,21.59607881568628,61.94148634401749,100412.83249335106,1,86.858574,31.193798,236.85857391357422,31.193798
22.600506329113927,114.06797468354429,150.0,21.59607881568628,61.94148634401749,100412.83249335106,1,87.70114,24.137426,237.70114135742188,24.137426
22.600506329113927,114.06822784810126,150.0,21.59607881568628,61.94148634401749,100412.83249335106,1,91.7427,18.943075,241.7426986694336,18.943075
22.600506329113927,114.06848101265822,150.0,21.59607881568628,61.94148634401749,100412.83249335106,1,97.5235,18.132978,247.52349853515625,18.132978
22.600506329113927,114.06873417721518,150.0,21.59607881568628,61.94148634401749,100412.83249335106,1,96.30473,24.228214,246.3047332763672,24.228214
22.600506329113927,114.06898734177214,150.0,21.59607881568628,61.94148634401749,100412.83249335106,1,99.56249,13.340751,249.56249237060547,13.340751
22.600506329113927,114.06924050632911,150.0,21.59607881568628,61.94148634401749,100412.83249335106,1,99.93384,18.727259,249.933837890625,18.727259
22.600506329113927,114.06949367088608,150.0,21.59607881568628,61.94148634401749,100412.83249335106,1,107.68705,11.795605,257.68704986572266,11.795605
22.600506329113927,114.06974683544303,150.0,21.59607881568628,61.94148634401749,100412.83249335106,1,103.3728,23.2114,253.372802734375,23.2114
22.600506329113927,114.07,150.0,21.59607881568628,61.94148634401749,100412.83249335106,1,106.33263,13.082433,256.33262634277344,13.082433
22.60075949367089,114.05,150.0,21.59607881568628,61.94148634401749,100412.83249335106,1,0.39887843,0.59150773,150.39887842535973,0.59150773
22.60075949367089,114.05025316455696,150.0,21.59607881568628,61.94148634401749,100412.83249335106,1,0.3989058,0.7203259,150.398905813694,0.7203259
22.60075949367089,114.05050632911392,150.0,21.59607881568628,61.94148634401749,100412.83249335106,1,0.22248992,0.5011733,150.22248992323875,0.5011733
22.60075949367089,114.05075949367088,150.0,21.59607881568628,61.94148634401749,100412.83249335106,1,0.21151373,0.79986554,150.21151372790337,0.79986554
22.60075949367089,114.05101265822785,150.0,21.59607881568628,61.94148634401749,100412.83249335106,1,0.14144096,0.73341167,150.14144095778465,0.73341167
22.60075949367089,114.05126582278481,150.0,21.59607881568628,61.94148634401749,100412.83249335106,1,0.5197732,0.9317488,150.51977318525314,0.9317488
22.60075949367089,114.05151898734177,150.0,21.59607881568628,61.94148634401749,100412.83249335106,1,0.28707245,0.7965403,150.28707244992256,0.7965403
22.60075949367089,114.05177215189873,150.0,21.59607881568628,61.94148634401749,100412.83249335106,1,0.608964,0.5981464,150.60896402597427,0.5981464
22.60075949367089,114.0520253164557,150.0,21.59607881568628,61.94148634401749,100412.83249335106,1,0.27017266,0.5404498,150.27017265558243,0.5404498
22.60075949367089,114.05227848101265,150.0,21.59607881568628,61.94148634401749,100412.83249335106,1,0.6374435,1.4933535,150.63744348287582,1.4933535
22.60075949367089,114.05253164556962,150.0,21.59607881568628,61.94148634401749,100412.83249335106,1,0.32605824,0.71070474,150.32605823874474,0.71070474
22.60075949367089,114.05278481012658,150.0,21.59607881568628,61.94148634401749,100412.83249335106,1,0.3016236,1.132246,150.3016236126423,1.132246
22.60075949367089,114.05303797468355,150.0,21.59607881568628,61.94148634401749,100412.83249335106,1,0.2333473,0.538581,150.23334729671478,0.538581
22.60075949367089,114.0532911392405,150.0,21.59607881568628,61.94148634401749,100412.83249335106,1,0.45503232,0.6541981,150.4550323188305,0.6541981
22.60075949367089,114.05354430379747,150.0,21.59607881568628,61.94148634401749,100412.83249335106,1,0.23496747,0.70023394,150.23496747016907,0.70023394
22.60075949367089,114.05379746835443,150.0,21.59607881568628,61.94148634401749,100412.83249335106,1,0.46346676,0.78869104,150.4634667634964,0.78869104
22.60075949367089,114.05405063291138,150.0,21.59607881568628,61.94148634401749,100412.83249335106,1,0.21749313,0.602667,150.21749313175678,0.602667
22.60075949367089,114.05430379746835,150.0,21.59607881568628,61.94148634401749,100412.83249335106,1,0.31747767,0.40792838,150.31747767329216,0.40792838
22.60075949367089,114.05455696202532,150.0,21.59607881568628,61.94148634401749,100412.83249335106,1,0.41469696,0.55935776,150.4146969616413,0.55935776
22.60075949367089,114.05481012658227,150.0,21.59607881568628,61.94148634401749,100412.83249335106,1,0.27228114,0.82965225,150.27228114008904,0.82965225
22.60075949367089,114.05506329113923,150.0,21.59607881568628,61.94148634401749,100412.83249335106,1,0.38151297,0.79088074,150.38151296973228,0.79088074
22.60075949367089,114.0553164556962,150.0,21.59607881568628,61.94148634401749,100412.83249335106,1,0.35083744,0.56268173,150.35083743929863,0.56268173
22.60075949367089,114.05556962025317,150.0,21.59607881568628,61.94148634401749,100412.83249335106,1,0.25755322,0.45228294,150.25755321979523,0.45228294
22.60075949367089,114.05582278481012,150.0,21.59607881568628,61.94148634401749,100412.83249335106,1,-0.09922552,0.77120304,149.90077447891235,0.77120304
22.60075949367089,114.05607594936708,150.0,21.59607881568628,61.94148634401749,100412.83249335106,1,0.3769538,0.9467966,150.37695381045341,0.9467966
22.60075949367089,114.05632911392405,150.0,21.59607881568628,61.94148634401749,100412.83249335106,1,0.27850768,0.7437015,150.27850767970085,0.7437015
22.60075949367089,114.056582278481,150.0,21.59607881568628,61.94148634401749,100412.83249335106,1,0.3049852,0.65759045,150.30498519539833,0.65759045
22.60075949367089,114.05683544303797,150.0,21.59607881568628,61.94148634401749,100412.83249335106,1,0.4361373,0.5812007,150.43613728880882,0.5812007
22.60075949367089,114.05708860759493,150.0,21.59607881568628,61.94148634401749,100412.83249335106,1,0.3880613,0.84330195,150.38806131482124,0.84330195
22.60075949367089,114.0573417721519,150.0,21.59607881568628,61.94148634401749,100412.83249335106,1,0.37191167,0.76196426,150.37191167473793,0.76196426
22.60075949367089,114.05759493670885,150.0,21.59607881568628,61.94148634401749,100412.83249335106,1,0.06559876,0.9568526,150.0655987635255,0.9568526
22.60075949367089,114.05784810126582,150.0,21.59607881568628,61.94148634401749,100412.83249335106,1,0.44231522,0.868436,150.44231522083282,0.868436
22.60075949367089,114.05810126582278,150.0,21.59607881568628,61.94148634401749,100412.83249335106,1,-0.12468623,0.7651411,149.87531376630068,0.7651411
22.60075949367089,114.05835443037974,150.0,21.59607881568628,61.94148634401749,100412.83249335106,1,0.20304483,0.8781857,150.20304483175278,0.8781857
22.60075949367089,114.0586075949367,150.0,21.59607881568628,61.94148634401749,100412.83249335106,1,0.4173004,0.6192783,150.41730040311813,0.6192783
22.60075949367089,114.05886075949367,150.0,21.59607881568628,61.94148634401749,100412.83249335106,1,0.034521025,0.83308244,150.03452102467418,0.83308244
22.60075949367089,114.05911392405064,150.0,21.59607881568628,61.94148634401749,100412.83249335106,1,0.9457703,4.2164125,150.94577032327652,4.2164125
22.60075949367089,114.05936708860759,150.0,21.59607881568628,61.94148634401749,100412.83249335106,1,0.23062228,0.8120844,150.23062227666378,0.8120844
22.60075949367089,114.05962025316455,150.0,21.59607881568628,61.94148634401749,100412.83249335106,1,-0.05670568,1.1561276,149.94329432025552,1.1561276
22.60075949367089,114.05987341772152,150.0,21.59607881568628,61.94148634401749,100412.83249335106,1,0.09960217,0.9172547,150.09960217028856,0.9172547
22.60075949367089,114.06012658227847,150.0,21.59607881568628,61.94148634401749,100412.83249335106,1,0.29834074,1.0097649,150.29834073781967,1.0097649
22.60075949367089,114.06037974683544,150.0,21.59607881568628,61.94148634401749,100412.83249335106,1,0.11274739,2.087492,150.1127473935485,2.087492
22.60075949367089,114.0606329113924,150.0,21.59607881568628,61.94148634401749,100412.83249335106,1,2.2986422,7.5068083,152.2986421585083,7.5068083
22.60075949367089,114.06088607594936,150.0,21.59607881568628,61.94148634401749,100412.83249335106,1,0.020981373,0.8324614,150.02098137326539,0.8324614
22.60075949367089,114.06113924050632,150.0,21.59607881568628,61.94148634401749,100412.83249335106,1,1.9714962,5.9957004,151.97149622440338,5.9957004
22.60075949367089,114.06139240506329,150.0,21.59607881568628,61.94148634401749,100412.83249335106,1,0.7363289,3.6265545,150.73632889986038,3.6265545
22.60075949367089,114.06164556962025,150.0,21.59607881568628,61.94148634401749,100412.83249335106,1,1.902011,5.909145,151.90201103687286,5.909145
22.60075949367089,114.0618987341772,150.0,21.59607881568628,61.94148634401749,100412.83249335106,1,3.4492035,13.399281,153.44920349121094,13.399281
22.60075949367089,114.06215189873417,150.0,21.59607881568628,61.94148634401749,100412.83249335106,1,0.57897365,2.9799287,150.5789736509323,2.9799287
22.60075949367089,114.06240506329114,150.0,21.59607881568628,61.94148634401749,100412.83249335106,1,3.5070853,8.64784,153.50708532333374,8.64784
22.60075949367089,114.06265822784809,150.0,21.59607881568628,61.94148634401749,100412.83249335106,1,9.151414,22.453558,159.1514139175415,22.453558
22.60075949367089,114.06291139240506,150.0,21.59607881568628,61.94148634401749,100412.83249335106,1,3.7951632,8.295059,153.79516315460205,8.295059
22.60075949367089,114.06316455696202,150.0,21.59607881568628,61.94148634401749,100412.83249335106,1,6.89503,17.569807,156.89503002166748,17.569807
22.60075949367089,114.06341772151899,150.0,21.59607881568628,61.94148634401749,100412.83249335106,1,9.045436,23.461082,159.04543590545654,23.461082
22.60075949367089,114.06367088607594,150.0,21.59607881568628,61.94148634401749,100412.83249335106,1,17.988485,27.351385,167.9884853363037,27.351385
22.60075949367089,114.0639240506329,150.0,21.59607881568628,61.94148634401749,100412.83249335106,1,10.134619,19.653475,160.13461875915527,19.653475
22.60075949367089,114.06417721518987,150.0,21.59607881568628,61.94148634401749,100412.83249335106,1,17.63193,26.089638,167.631929397583,26.089638
22.60075949367089,114.06443037974682,150.0,21.59607881568628,61.94148634401749,100412.83249335106,1,12.683021,23.11646,162.68302059173584,23.11646
22.60075949367089,114.06468354430379,150.0,21.59607881568628,61.94148634401749,100412.83249335106,1,21.821213,31.06383,171.8212127685547,31.06383
22.60075949367089,114.06493670886076,150.0,21.59607881568628,61.94148634401749,100412.83249335106,1,34.431316,38.48866,184.43131637573242,38.48866
22.60075949367089,114.06518987341772,150.0,21.59607881568628,61.94148634401749,100412.83249335106,1,33.81986,38.94185,183.8198585510254,38.94185
22.60075949367089,114.06544303797467,150.0,21.59607881568628,61.94148634401749,100412.83249335106,1,38.00535,37.82751,188.0053482055664,37.82751
22.60075949367089,114.06569620253164,150.0,21.59607881568628,61.94148634401749,100412.83249335106,1,59.543526,42.426792,209.54352569580078,42.426792
22.60075949367089,114.0659493670886,150.0,21.59607881568628,61.94148634401749,100412.83249335106,1,65.96757,41.263065,215.96756744384766,41.263065
22.60075949367089,114.06620253164556,150.0,21.59607881568628,61.94148634401749,100412.83249335106,1,55.7001,38.014275,205.70009994506836,38.014275
22.60075949367089,114.06645569620252,150.0,21.59607881568628,61.94148634401749,100412.83249335106,1,55.178017,39.304134,205.17801666259766,39.304134
22.60075949367089,114.06670886075949,150.0,21.59607881568628,61.94148634401749,100412.83249335106,1,60.871696,37.886925,210.87169647216797,37.886925
22.60075949367089,114.06696202531644,150.0,21.59607881568628,61.94148634401749,100412.83249335106,1,77.70593,37.847607,227.7059326171875,37.847607
22.60075949367089,114.06721518987341,150.0,21.59607881568628,61.94148634401749,100412.83249335106,1,82.25257,33.48913,232.25257110595703,33.48913
22.60075949367089,114.06746835443037,150.0,21.59607881568628,61.94148634401749,100412.83249335106,1,86.067474,25.52106,236.06747436523438,25.52106
22.60075949367089,114.06772151898734,150.0,21.59607881568628,61.94148634401749,100412.83249335106,1,82.580246,24.596178,232.5802459716797,24.596178
22.60075949367089,114.06797468354429,150.0,21.59607881568628,61.94148634401749,100412.83249335106,1,94.965096,25.268482,244.96509552001953,25.268482
22.60075949367089,114.06822784810126,150.0,21.59607881568628,61.94148634401749,100412.83249335106,1,90.85245,24.731453,240.85244750976562,24.731453
22.60075949367089,114.06848101265822,150.0,21.59607881568628,61.94148634401749,100412.83249335106,1,98.56204,11.889306,248.56204223632812,11.889306
22.60075949367089,114.06873417721518,150.0,21.59607881568628,61.94148634401749,100412.83249335106,1,100.00994,9.768824,250.00994110107422,9.768824
22.60075949367089,114.06898734177214,150.0,21.59607881568628,61.94148634401749,100412.83249335106,1,100.38701,10.458205,250.3870086669922,10.458205
22.60075949367089,114.06924050632911,150.0,21.59607881568628,61.94148634401749,100412.83249335106,1,99.410416,11.024125,249.41041564941406,11.024125
22.60075949367089,114.06949367088608,150.0,21.59607881568628,61.94148634401749,100412.83249335106,1,105.84635,11.506253,255.84635162353516,11.506253
22.60075949367089,114.06974683544303,150.0,21.59607881568628,61.94148634401749,100412.83249335106,1,107.266594,12.0361805,257.26659393310547,12.0361805
22.60075949367089,114.07,150.0,21.59607881568628,61.94148634401749,100412.83249335106,1,107.21505,9.868265,257.21504974365234,9.868265
22.601012658227848,114.05,150.0,21.59607881568628,61.94148634401749,100412.83249335106,1,0.2337791,0.4295028,150.23377910256386,0.4295028
22.601012658227848,114.05025316455696,150.0,21.59607881568628,61.94148634401749,100412.83249335106,1,0.26114345,0.58998376,150.26114344596863,0.58998376
22.601012658227848,114.05050632911392,150.0,21.59607881568628,61.94148634401749,100412.83249335106,1,0.17270277,0.50297457,150.17270277440548,0.50297457
22.601012658227848,114.05075949367088,150.0,21.59607881568628,61.94148634401749,100412.83249335106,1,0.27188644,0.7057,150.27188643813133,0.7057
22.601012658227848,114.05101265822785,150.0,21.59607881568628,61.94148634401749,100412.83249335106,1,0.26172373,0.61306053,150.26172372698784,0.61306053
22.601012658227848,114.05126582278481,150.0,21.59607881568628,61.94148634401749,100412.83249335106,1,0.22585954,0.5460872,150.22585953772068,0.5460872
22.601012658227848,114.05151898734177,150.0,21.59607881568628,61.94148634401749,100412.83249335106,1,0.18571983,0.8545404,150.18571983277798,0.8545404
22.601012658227848,114.05177215189873,150.0,21.59607881568628,61.94148634401749,100412.83249335106,1,0.48432416,0.554405,150.484324157238,0.554405
22.601012658227848,114.0520253164557,150.0,21.59607881568628,61.94148634401749,100412.83249335106,1,0.1179798,0.68392825,150.11797980219126,0.68392825
22.601012658227848,114.05227848101265,150.0,21.59607881568628,61.94148634401749,100412.83249335106,1,0.45439428,0.7072634,150.4543942809105,0.7072634
22.601012658227848,114.05253164556962,150.0,21.59607881568628,61.94148634401749,100412.83249335106,1,0.3570312,0.5723608,150.35703119635582,0.5723608
22.601012658227848,114.05278481012658,150.0,21.59607881568628,61.94148634401749,100412.83249335106,1,0.3722339,0.6518164,150.3722338974476,0.6518164
22.601012658227848,114.05303797468355,150.0,21.59607881568628,61.94148634401749,100412.83249335106,1,0.25687248,0.53324187,150.25687247514725,0.53324187
22.601012658227848,114.0532911392405,150.0,21.59607881568628,61.94148634401749,100412.83249335106,1,0.36538032,0.84957606,150.36538031697273,0.84957606
22.601012658227848,114.05354430379747,150.0,21.59607881568628,61.94148634401749,100412.83249335106,1,0.24222006,0.5498535,150.2422200590372,0.5498535
22.601012658227848,114.05379746835443,150.0,21.59607881568628,61.94148634401749,100412.83249335106,1,0.28341585,0.53117114,150.2834158539772,0.53117114
22.601012658227848,114.05405063291138,150.0,21.59607881568628,61.94148634401749,100412.83249335106,1,0.2732633,0.81240183,150.27326330542564,0.81240183
22.601012658227848,114.05430379746835,150.0,21.59607881568628,61.94148634401749,100412.83249335106,1,0.24850626,0.5818164,150.24850626289845,0.5818164
22.601012658227848,114.05455696202532,150.0,21.59607881568628,61.94148634401749,100412.83249335106,1,0.34224555,1.2976042,150.34224554896355,1.2976042
22.601012658227848,114.05481012658227,150.0,21.59607881568628,61.94148634401749,100412.83249335106,1,0.09305934,0.6011051,150.09305933862925,0.6011051
22.601012658227848,114.05506329113923,150.0,21.59607881568628,61.94148634401749,100412.83249335106,1,0.4639601,0.5517123,150.4639601111412,0.5517123
22.601012658227848,114.0553164556962,150.0,21.59607881568628,61.94148634401749,100412.83249335106,1,0.19118868,0.37349892,150.1911886781454,0.37349892
22.601012658227848,114.05556962025317,150.0,21.59607881568628,61.94148634401749,100412.83249335106,1,0.23188794,0.40126225,150.2318879365921,0.40126225
22.601012658227848,114.05582278481012,150.0,21.59607881568628,61.94148634401749,100412.83249335106,1,0.633559,1.4698961,150.63355898857117,1.4698961
22.601012658227848,114.05607594936708,150.0,21.59607881568628,61.94148634401749,100412.83249335106,1,0.047145184,0.61379,150.04714518412948,0.61379
22.601012658227848,114.05632911392405,150.0,21.59607881568628,61.94148634401749,100412.83249335106,1,0.12234062,0.8034458,150.12234061956406,0.8034458
22.601012658227848,114.056582278481,150.0,21.59607881568628,61.94148634401749,100412.83249335106,1,0.1296688,0.6051268,150.12966880202293,0.6051268
22.601012658227848,114.05683544303797,150.0,21.59607881568628,61.94148634401749,100412.83249335106,1,0.22077318,0.7325498,150.22077317535877,0.7325498
22.601012658227848,114.05708860759493,150.0,21.59607881568628,61.94148634401749,100412.83249335106,1,0.21408816,0.7141678,150.21408815681934,0.7141678
22.601012658227848,114.0573417721519,150.0,21.59607881568628,61.94148634401749,100412.83249335106,1,0.42252654,1.3315884,150.42252653837204,1.3315884
22.601012658227848,114.05759493670885,150.0,21.59607881568628,61.94148634401749,100412.83249335106,1,0.10065555,0.6063055,150.10065554827452,0.6063055
22.601012658227848,114.05784810126582,150.0,21.59607881568628,61.94148634401749,100412.83249335106,1,0.07351472,0.6988564,150.07351472228765,0.6988564
22.601012658227848,114.05810126582278,150.0,21.59607881568628,61.94148634401749,100412.83249335106,1,0.18970944,0.7661206,150.1897094398737,0.7661206
22.601012658227848,114.05835443037974,150.0,21.59607881568628,61.94148634401749,100412.83249335106,1,0.6918272,3.0447829,150.6918271780014,3.0447829
22.601012658227848,114.0586075949367,150.0,21.59607881568628,61.94148634401749,100412.83249335106,1,0.58656013,1.4943573,150.58656013011932,1.4943573
22.601012658227848,114.05886075949367,150.0,21.59607881568628,61.94148634401749,100412.83249335106,1,0.02899907,0.57114834,150.0289990697056,0.57114834
22.601012658227848,114.05911392405064,150.0,21.59607881568628,61.94148634401749,100412.83249335106,1,0.325457,1.9378529,150.3254570066929,1.9378529
22.601012658227848,114.05936708860759,150.0,21.59607881568628,61.94148634401749,100412.83249335106,1,0.2543323,0.7158974,150.25433230400085,0.7158974
22.601012658227848,114.05962025316455,150.0,21.59607881568628,61.94148634401749,100412.83249335106,1,0.0773525,1.2113267,150.07735250145197,1.2113267
22.601012658227848,114.05987341772152,150.0,21.59607881568628,61.94148634401749,100412.83249335106,1,0.037153885,0.5691842,150.0371538847685,0.5691842
22.601012658227848,114.06012658227847,150.0,21.59607881568628,61.94148634401749,100412.83249335106,1,0.12121334,1.4457365,150.12121333926916,1.4457365
22.601012658227848,114.06037974683544,150.0,21.59607881568628,61.94148634401749,100412.83249335106,1,3.4674115,17.204418,153.46741151809692,17.204418
22.601012658227848,114.0606329113924,150.0,21.59607881568628,61.94148634401749,100412.83249335106,1,-0.09199953,0.8958062,149.90800046920776,0.8958062
22.601012658227848,114.06088607594936,150.0,21.59607881568628,61.94148634401749,100412.83249335106,1,1.7681051,8.108476,151.7681051492691,8.108476
22.601012658227848,114.06113924050632,150.0,21.59607881568628,61.94148634401749,100412.83249335106,1,0.42168412,2.426816,150.4216841161251,2.426816
22.601012658227848,114.06139240506329,150.0,21.59607881568628,61.94148634401749,100412.83249335106,1,1.2483811,6.039067,151.2483811378479,6.039067
22.601012658227848,114.06164556962025,150.0,21.59607881568628,61.94148634401749,100412.83249335106,1,2.4393654,7.4491887,152.4393653869629,7.4491887
22.601012658227848,114.0618987341772,150.0,21.59607881568628,61.94148634401749,100412.83249335106,1,4.2149515,18.513884,154.21495151519775,18.513884
22.601012658227848,114.06215189873417,150.0,21.59607881568628,61.94148634401749,100412.83249335106,1,1.3598851,6.4743123,151.35988509655,6.4743123
22.601012658227848,114.06240506329114,150.0,21.59607881568628,61.94148634401749,100412.83249335106,1,1.7717907,5.781701,151.77179074287415,5.781701
22.601012658227848,114.06265822784809,150.0,21.59607881568628,61.94148634401749,100412.83249335106,1,5.53839,18.463251,155.53839015960693,18.463251
22.601012658227848,114.06291139240506,150.0,21.59607881568628,61.94148634401749,100412.83249335106,1,3.5861528,7.244904,153.58615279197693,7.244904
22.601012658227848,114.06316455696202,150.0,21.59607881568628,61.94148634401749,100412.83249335106,1,5.794535,16.721758,155.7945351600647,16.721758
22.601012658227848,114.06341772151899,150.0,21.59607881568628,61.94148634401749,100412.83249335106,1,11.433264,23.737724,161.43326377868652,23.737724
22.601012658227848,114.06367088607594,150.0,21.59607881568628,61.94148634401749,100412.83249335106,1,17.874504,31.932304,167.87450408935547,31.932304
22.601012658227848,114.0639240506329,150.0,21.59607881568628,61.94148634401749,100412.83249335106,1,14.025026,23.503529,164.02502632141113,23.503529
22.601012658227848,114.06417721518987,150.0,21.59607881568628,61.94148634401749,100412.83249335106,1,16.204575,27.986681,166.20457458496094,27.986681
22.601012658227848,114.06443037974682,150.0,21.59607881568628,61.94148634401749,100412.83249335106,1,12.405841,22.548826,162.40584087371826,22.548826
22.601012658227848,114.06468354430379,150.0,21.59607881568628,61.94148634401749,100412.83249335106,1,16.050524,20.436495,166.05052375793457,20.436495
22.601012658227848,114.06493670886076,150.0,21.59607881568628,61.94148634401749,100412.83249335106,1,24.774912,25.904049,174.77491188049316,25.904049
22.601012658227848,114.06518987341772,150.0,21.59607881568628,61.94148634401749,100412.83249335106,1,33.868896,34.91046,183.868896484375,34.91046
22.601012658227848,114.06544303797467,150.0,21.59607881568628,61.94148634401749,100412.83249335106,1,51.821438,41.084473,201.82143783569336,41.084473
22.601012658227848,114.06569620253164,150.0,21.59607881568628,61.94148634401749,100412.83249335106,1,77.87872,33.931614,227.87872314453125,33.931614
22.601012658227848,114.0659493670886,150.0,21.59607881568628,61.94148634401749,100412.83249335106,1,74.67601,30.438072,224.67601013183594,30.438072
22.601012658227848,114.06620253164556,150.0,21.59607881568628,61.94148634401749,100412.83249335106,1,62.41769,38.313656,212.4176902770996,38.313656
22.601012658227848,114.06645569620252,150.0,21.59607881568628,61.94148634401749,100412.83249335106,1,71.91412,35.261604,221.91412353515625,35.261604
22.601012658227848,114.06670886075949,150.0,21.59607881568628,61.94148634401749,100412.83249335106,1,76.08527,33.131294,226.08527374267578,33.131294
22.601012658227848,114.06696202531644,150.0,21.59607881568628,61.94148634401749,100412.83249335106,1,82.18536,27.27575,232.18536376953125,27.27575
22.601012658227848,114.06721518987341,150.0,21.59607881568628,61.94148634401749,100412.83249335106,1,77.12571,32.924927,227.1257095336914,32.924927
22.601012658227848,114.06746835443037,150.0,21.59607881568628,61.94148634401749,100412.83249335106,1,86.29863,28.343857,236.2986297607422,28.343857
22.601012658227848,114.06772151898734,150.0,21.59607881568628,61.94148634401749,100412.83249335106,1,84.00533,24.487322,234.00533294677734,24.487322
22.601012658227848,114.06797468354429,150.0,21.59607881568628,61.94148634401749,100412.83249335106,1,92.01263,18.654541,242.01262664794922,18.654541
22.601012658227848,114.06822784810126,150.0,21.59607881568628,61.94148634401749,100412.83249335106,1,97.759865,12.338738,247.7598648071289,12.338738
22.601012658227848,114.06848101265822,150.0,21.59607881568628,61.94148634401749,100412.83249335106,1,98.16218,8.952804,248.16217803955078,8.952804
22.601012658227848,114.06873417721518,150.0,21.59607881568628,61.94148634401749,100412.83249335106,1,90.85442,22.211264,240.85442352294922,22.211264
22.601012658227848,114.06898734177214,150.0,21.59607881568628,61.94148634401749,100412.83249335106,1,99.5823,10.360477,249.5822982788086,10.360477
22.601012658227848,114.06924050632911,150.0,21.59607881568628,61.94148634401749,100412.83249335106,1,103.47969,9.669772,253.4796905517578,9.669772
22.601012658227848,114.06949367088608,150.0,21.59607881568628,61.94148634401749,100412.83249335106,1,100.69355,9.970973,250.69355010986328,9.970973
22.601012658227848,114.06974683544303,150.0,21.59607881568628,61.94148634401749,100412.83249335106,1,102.65226,11.776195,252.65225982666016,11.776195
22.601012658227848,114.07,150.0,21.59607881568628,61.94148634401749,100412.83249335106,1,104.732414,11.673069,254.73241424560547,11.673069
22.60126582278481,114.05,150.0,21.59607881568628,61.94148634401749,100412.83249335106,1,0.42026824,0.7421498,150.4202682375908,0.7421498
22.60126582278481,114.05025316455696,150.0,21.59607881568628,61.94148634401749,100412.83249335106,1,0.17084014,0.7560508,150.1708401441574,0.7560508
22.60126582278481,114.05050632911392,150.0,21.59607881568628,61.94148634401749,100412.83249335106,1,0.16973798,0.6988598,150.1697379797697,0.6988598
22.60126582278481,114.05075949367088,150.0,21.59607881568628,61.94148634401749,100412.83249335106,1,0.44821936,1.0120778,150.44821935892105,1.0120778
22.60126582278481,114.05101265822785,150.0,21.59607881568628,61.94148634401749,100412.83249335106,1,0.3222937,0.5460448,150.3222936987877,0.5460448
22.60126582278481,114.05126582278481,150.0,21.59607881568628,61.94148634401749,100412.83249335106,1,0.23335332,0.7376709,150.2333533167839,0.7376709
22.60126582278481,114.05151898734177,150.0,21.59607881568628,61.94148634401749,100412.83249335106,1,0.37978527,0.50648177,150.37978526949883,0.50648177
22.60126582278481,114.05177215189873,150.0,21.59607881568628,61.94148634401749,100412.83249335106,1,0.4444184,0.54134905,150.44441840052605,0.54134905
22.60126582278481,114.0520253164557,150.0,21.59607881568628,61.94148634401749,100412.83249335106,1,0.38348937,0.738019,150.38348937034607,0.738019
22.60126582278481,114.05227848101265,150.0,21.59607881568628,61.94148634401749,100412.83249335106,1,0.24229518,0.6548037,150.2422951757908,0.6548037
22.60126582278481,114.05253164556962,150.0,21.59607881568628,61.94148634401749,100412.83249335106,1,0.09483884,0.54456466,150.0948388427496,0.54456466
22.60126582278481,114.05278481012658,150.0,21.59607881568628,61.94148634401749,100412.83249335106,1,0.19358723,0.6949219,150.19358722865582,0.6949219
22.60126582278481,114.05303797468355,150.0,21.59607881568628,61.94148634401749,100412.83249335106,1,0.19987725,0.55990165,150.19987724721432,0.55990165
22.60126582278481,114.0532911392405,150.0,21.59607881568628,61.94148634401749,100412.83249335106,1,0.4249375,0.8427833,150.42493748664856,0.8427833
22.60126582278481,114.05354430379747,150.0,21.59607881568628,61.94148634401749,100412.83249335106,1,0.22905885,0.90981185,150.22905884683132,0.90981185
22.60126582278481,114.05379746835443,150.0,21.59607881568628,61.94148634401749,100412.83249335106,1,0.39744848,0.49388635,150.39744848012924,0.49388635
22.60126582278481,114.05405063291138,150.0,21.59607881568628,61.94148634401749,100412.83249335106,1,0.3368648,0.9565821,150.3368647992611,0.9565821
22.60126582278481,114.05430379746835,150.0,21.59607881568628,61.94148634401749,100412.83249335106,1,0.38602313,1.0997208,150.38602313399315,1.0997208
22.60126582278481,114.05455696202532,150.0,21.59607881568628,61.94148634401749,100412.83249335106,1,0.16347304,0.70475334,150.1634730398655,0.70475334
22.60126582278481,114.05481012658227,150.0,21.59607881568628,61.94148634401749,100412.83249335106,1,0.35565147,0.62746936,150.35565146803856,0.62746936
22.60126582278481,114.05506329113923,150.0,21.59607881568628,61.94148634401749,100412.83249335106,1,0.32918575,0.61076164,150.32918575406075,0.61076164
22.60126582278481,114.0553164556962,150.0,21.59607881568628,61.94148634401749,100412.83249335106,1,-0.02605467,0.87315536,149.97394533082843,0.87315536
22.60126582278481,114.05556962025317,150.0,21.59607881568628,61.94148634401749,100412.83249335106,1,0.26800388,0.77436817,150.26800388097763,0.77436817
22.60126582278481,114.05582278481012,150.0,21.59607881568628,61.94148634401749,100412.83249335106,1,0.38757098,0.753823,150.387570977211,0.753823
22.60126582278481,114.05607594936708,150.0,21.59607881568628,61.94148634401749,100412.83249335106,1,-0.010436416,0.8474218,149.9895635843277,0.8474218
22.60126582278481,114.05632911392405,150.0,21.59607881568628,61.94148634401749,100412.83249335106,1,0.31968567,0.50959736,150.31968566775322,0.50959736
22.60126582278481,114.056582278481,150.0,21.59607881568628,61.94148634401749,100412.83249335106,1,0.27001134,0.5772134,150.27001133561134,0.5772134
22.60126582278481,114.05683544303797,150.0,21.59607881568628,61.94148634401749,100412.83249335106,1,0.18673743,0.57356197,150.1867374330759,0.57356197
22.60126582278481,114.05708860759493,150.0,21.59607881568628,61.94148634401749,100412.83249335106,1,0.12017284,0.60042536,150.12017284333706,0.60042536
22.60126582278481,114.0573417721519,150.0,21.59607881568628,61.94148634401749,100412.83249335106,1,0.23538552,0.7601957,150.23538552224636,0.7601957
22.60126582278481,114.05759493670885,150.0,21.59607881568628,61.94148634401749,100412.83249335106,1,0.20025574,0.56242675,150.20025573670864,0.56242675
22.60126582278481,114.05784810126582,150.0,21.59607881568628,61.94148634401749,100412.83249335106,1,0.2852543,0.6222467,150.28525429964066,0.6222467
22.60126582278481,114.05810126582278,150.0,21.59607881568628,61.94148634401749,100412.83249335106,1,-0.083103105,0.5209097,149.91689689457417,0.5209097
22.60126582278481,114.05835443037974,150.0,21.59607881568628,61.94148634401749,100412.83249335106,1,0.28302708,0.6698746,150.28302708268166,0.6698746
22.60126582278481,114.0586075949367,150.0,21.59607881568628,61.94148634401749,100412.83249335106,1,-0.019054271,0.81953037,149.98094572871923,0.81953037
22.60126582278481,114.05886075949367,150.0,21.59607881568628,61.94148634401749,100412.83249335106,1,0.044148106,0.777731,150.04414810612798,0.777731
22.60126582278481,114.05911392405064,150.0,21.59607881568628,61.94148634401749,100412.83249335106,1,-0.1763243,0.66025347,149.8236757069826,0.66025347
22.60126582278481,114.05936708860759,150.0,21.59607881568628,61.94148634401749,100412.83249335106,1,0.13574806,0.83159983,150.1357480585575,0.83159983
22.60126582278481,114.05962025316455,150.0,21.59607881568628,61.94148634401749,100412.83249335106,1,1.2458119,3.880912,151.2458119392395,3.880912
22.60126582278481,114.05987341772152,150.0,21.59607881568628,61.94148634401749,100412.83249335106,1,0.22363564,0.54943544,150.22363564372063,0.54943544
22.60126582278481,114.06012658227847,150.0,21.59607881568628,61.94148634401749,100412.83249335106,1,0.1489923,0.7772963,150.14899230003357,0.7772963
22.60126582278481,114.06037974683544,150.0,21.59607881568628,61.94148634401749,100412.83249335106,1,-0.01695628,1.0824395,149.98304371908307,1.0824395
22.60126582278481,114.0606329113924,150.0,21.59607881568628,61.94148634401749,100412.83249335106,1,0.11199823,0.6883507,150.1119982302189,0.6883507
22.60126582278481,114.06088607594936,150.0,21.59607881568628,61.94148634401749,100412.83249335106,1,1.0005479,3.303073,151.00054788589478,3.303073
22.60126582278481,114.06113924050632,150.0,21.59607881568628,61.94148634401749,100412.83249335106,1,0.10802579,1.2926939,150.10802578926086,1.2926939
22.60126582278481,114.06139240506329,150.0,21.59607881568628,61.94148634401749,100412.83249335106,1,0.70507646,3.3717594,150.70507645606995,3.3717594
22.60126582278481,114.06164556962025,150.0,21.59607881568628,61.94148634401749,100412.83249335106,1,0.5572983,3.31575,150.55729830265045,3.31575
22.60126582278481,114.0618987341772,150.0,21.59607881568628,61.94148634401749,100412.83249335106,1,0.7994473,3.706009,150.79944729804993,3.706009
22.60126582278481,114.06215189873417,150.0,21.59607881568628,61.94148634401749,100412.83249335106,1,10.594683,25.197596,160.59468269348145,25.197596
22.60126582278481,114.06240506329114,150.0,21.59607881568628,61.94148634401749,100412.83249335106,1,-0.061982617,1.5920668,149.9380173832178,1.5920668
22.60126582278481,114.06265822784809,150.0,21.59607881568628,61.94148634401749,100412.83249335106,1,3.2317276,13.827412,153.23172760009766,13.827412
22.60126582278481,114.06291139240506,150.0,21.59607881568628,61.94148634401749,100412.83249335106,1,4.3005404,16.089762,154.3005404472351,16.089762
22.60126582278481,114.06316455696202,150.0,21.59607881568628,61.94148634401749,100412.83249335106,1,5.72248,13.112671,155.72247982025146,13.112671
22.60126582278481,114.06341772151899,150.0,21.59607881568628,61.94148634401749,100412.83249335106,1,15.625732,26.720348,165.625732421875,26.720348
22.60126582278481,114.06367088607594,150.0,21.59607881568628,61.94148634401749,100412.83249335106,1,22.82804,33.76149,172.82803916931152,33.76149
22.60126582278481,114.0639240506329,150.0,21.59607881568628,61.94148634401749,100412.83249335106,1,16.51844,29.309536,166.51844024658203,29.309536
22.60126582278481,114.06417721518987,150.0,21.59607881568628,61.94148634401749,100412.83249335106,1,25.824793,33.965813,175.82479286193848,33.965813
22.60126582278481,114.06443037974682,150.0,21.59607881568628,61.94148634401749,100412.83249335106,1,26.676313,31.580233,176.67631340026855,31.580233
22.60126582278481,114.06468354430379,150.0,21.59607881568628,61.94148634401749,100412.83249335106,1,24.439608,26.325628,174.43960762023926,26.325628
22.60126582278481,114.06493670886076,150.0,21.59607881568628,61.94148634401749,100412.83249335106,1,47.390694,40.644665,197.39069366455078,40.644665
22.60126582278481,114.06518987341772,150.0,21.59607881568628,61.94148634401749,100412.83249335106,1,41.654648,38.950367,191.65464782714844,38.950367
22.60126582278481,114.06544303797467,150.0,21.59607881568628,61.94148634401749,100412.83249335106,1,46.545662,38.900734,196.54566192626953,38.900734
22.60126582278481,114.06569620253164,150.0,21.59607881568628,61.94148634401749,100412.83249335106,1,64.24223,36.04757,214.2422332763672,36.04757
22.60126582278481,114.0659493670886,150.0,21.59607881568628,61.94148634401749,100412.83249335106,1,66.62995,31.423641,216.62995147705078,31.423641
22.60126582278481,114.06620253164556,150.0,21.59607881568628,61.94148634401749,100412.83249335106,1,66.953636,31.557005,216.9536361694336,31.557005
22.60126582278481,114.06645569620252,150.0,21.59607881568628,61.94148634401749,100412.83249335106,1,77.206696,34.621387,227.20669555664062,34.621387
22.60126582278481,114.06670886075949,150.0,21.59607881568628,61.94148634401749,100412.83249335106,1,68.52447,29.686348,218.52446746826172,29.686348
22.60126582278481,114.06696202531644,150.0,21.59607881568628,61.94148634401749,100412.83249335106,1,76.96829,28.13758,226.96829223632812,28.13758
22.60126582278481,114.06721518987341,150.0,21.59607881568628,61.94148634401749,100412.83249335106,1,78.41565,31.180126,228.4156494140625,31.180126
22.60126582278481,114.06746835443037,150.0,21.59607881568628,61.94148634401749,100412.83249335106,1,93.7245,9.352783,243.72450256347656,9.352783
22.60126582278481,114.06772151898734,150.0,21.59607881568628,61.94148634401749,100412.83249335106,1,93.15564,12.090597,243.1556396484375,12.090597
22.60126582278481,114.06797468354429,150.0,21.59607881568628,61.94148634401749,100412.83249335106,1,89.35388,21.995213,239.3538818359375,21.995213
22.60126582278481,114.06822784810126,150.0,21.59607881568628,61.94148634401749,100412.83249335106,1,88.475716,17.60218,238.47571563720703,17.60218
22.60126582278481,114.06848101265822,150.0,21.59607881568628,61.94148634401749,100412.83249335106,1,90.108025,20.041403,240.10802459716797,20.041403
22.60126582278481,114.06873417721518,150.0,21.59607881568628,61.94148634401749,100412.83249335106,1,95.31299,14.395075,245.31298828125,14.395075
22.60126582278481,114.06898734177214,150.0,21.59607881568628,61.94148634401749,100412.83249335106,1,100.61984,8.355723,250.61984252929688,8.355723
22.60126582278481,114.06924050632911,150.0,21.59607881568628,61.94148634401749,100412.83249335106,1,99.94025,11.118282,249.94024658203125,11.118282
22.60126582278481,114.06949367088608,150.0,21.59607881568628,61.94148634401749,100412.83249335106,1,101.84344,9.639537,251.84343719482422,9.639537
22.60126582278481,114.06974683544303,150.0,21.59607881568628,61.94148634401749,100412.83249335106,1,99.208,12.966069,249.20800018310547,12.966069
22.60126582278481,114.07,150.0,21.59607881568628,61.94148634401749,100412.83249335106,1,101.6281,10.621723,251.6280975341797,10.621723
22.601518987341773,114.05,150.0,21.59607881568628,61.94148634401749,100412.83249335106,1,0.30036262,0.72356445,150.30036261677742,0.72356445
22.601518987341773,114.05025316455696,150.0,21.59607881568628,61.94148634401749,100412.83249335106,1,0.3393441,0.6472396,150.33934411406517,0.6472396
22.601518987341773,114.05050632911392,150.0,21.59607881568628,61.94148634401749,100412.83249335106,1,0.31075844,0.48398063,150.31075844168663,0.48398063
22.601518987341773,114.05075949367088,150.0,21.59607881568628,61.94148634401749,100412.83249335106,1,0.4397619,0.45994332,150.43976190686226,0.45994332
22.601518987341773,114.05101265822785,150.0,21.59607881568628,61.94148634401749,100412.83249335106,1,0.25882122,0.5313761,150.25882121920586,0.5313761
22.601518987341773,114.05126582278481,150.0,21.59607881568628,61.94148634401749,100412.83249335106,1,0.56272244,0.80538034,150.5627224445343,0.80538034
22.601518987341773,114.05151898734177,150.0,21.59607881568628,61.94148634401749,100412.83249335106,1,0.33607975,0.5179996,150.33607974648476,0.5179996
22.601518987341773,114.05177215189873,150.0,21.59607881568628,61.94148634401749,100412.83249335106,1,0.31207484,0.54838896,150.31207484006882,0.54838896
22.601518987341773,114.0520253164557,150.0,21.59607881568628,61.94148634401749,100412.83249335106,1,0.32139018,0.63482654,150.32139018177986,0.63482654
22.601518987341773,114.05227848101265,150.0,21.59607881568628,61.94148634401749,100412.83249335106,1,0.21863212,0.64113957,150.2186321169138,0.64113957
22.601518987341773,114.05253164556962,150.0,21.59607881568628,61.94148634401749,100412.83249335106,1,0.3168499,0.45217887,150.31684988737106,0.45217887
22.601518987341773,114.05278481012658,150.0,21.59607881568628,61.94148634401749,100412.83249335106,1,0.46460062,1.0107512,150.46460062265396,1.0107512
22.601518987341773,114.05303797468355,150.0,21.59607881568628,61.94148634401749,100412.83249335106,1,0.20449297,0.68717945,150.20449297130108,0.68717945
22.601518987341773,114.0532911392405,150.0,21.59607881568628,61.94148634401749,100412.83249335106,1,0.3457232,0.6290715,150.3457232117653,0.6290715
22.601518987341773,114.05354430379747,150.0,21.59607881568628,61.94148634401749,100412.83249335106,1,0.5613151,1.401086,150.5613151192665,1.401086
22.601518987341773,114.05379746835443,150.0,21.59607881568628,61.94148634401749,100412.83249335106,1,0.2197725,0.52934647,150.21977250277996,0.52934647
22.601518987341773,114.05405063291138,150.0,21.59607881568628,61.94148634401749,100412.83249335106,1,0.29876173,0.7586536,150.29876172542572,0.7586536
22.601518987341773,114.05430379746835,150.0,21.59607881568628,61.94148634401749,100412.83249335106,1,0.45764315,0.8978719,150.45764315128326,0.8978719
22.601518987341773,114.05455696202532,150.0,21.59607881568628,61.94148634401749,100412.83249335106,1,0.5043869,1.0563781,150.50438690185547,1.0563781
22.601518987341773,114.05481012658227,150.0,21.59607881568628,61.94148634401749,100412.83249335106,1,0.14555006,0.48725736,150.14555005729198,0.48725736
22.601518987341773,114.05506329113923,150.0,21.59607881568628,61.94148634401749,100412.83249335106,1,0.09735218,0.8279167,150.09735217690468,0.8279167
22.601518987341773,114.0553164556962,150.0,21.59607881568628,61.94148634401749,100412.83249335106,1,0.19255465,0.64065033,150.1925546526909,0.64065033
22.601518987341773,114.05556962025317,150.0,21.59607881568628,61.94148634401749,100412.83249335106,1,0.19673714,0.52820235,150.1967371404171,0.52820235
22.601518987341773,114.05582278481012,150.0,21.59607881568628,61.94148634401749,100412.83249335106,1,0.27740115,0.8706077,150.27740114927292,0.8706077
22.601518987341773,114.05607594936708,150.0,21.59607881568628,61.94148634401749,100412.83249335106,1,0.18825431,0.67414665,150.1882543116808,0.67414665
22.601518987341773,114.05632911392405,150.0,21.59607881568628,61.94148634401749,100412.83249335106,1,0.24242002,0.5661948,150.24242001771927,0.5661948
22.601518987341773,114.056582278481,150.0,21.59607881568628,61.94148634401749,100412.83249335106,1,0.14855087,0.7821164,150.14855086803436,0.7821164
22.601518987341773,114.05683544303797,150.0,21.59607881568628,61.94148634401749,100412.83249335106,1,0.29800227,0.4942701,150.29800227284431,0.4942701
22.601518987341773,114.05708860759493,150.0,21.59607881568628,61.94148634401749,100412.83249335106,1,0.33908302,0.59889126,150.33908301591873,0.59889126
22.601518987341773,114.0573417721519,150.0,21.59607881568628,61.94148634401749,100412.83249335106,1,-0.10234482,0.57579195,149.89765518158674,0.57579195
22.601518987341773,114.05759493670885,150.0,21.59607881568628,61.94148634401749,100412.83249335106,1,0.11436721,0.6425068,150.1143672093749,0.6425068
22.601518987341773,114.05784810126582,150.0,21.59607881568628,61.94148634401749,100412.83249335106,1,-0.03200497,0.6435758,149.96799502894282,0.6435758
22.601518987341773,114.05810126582278,150.0,21.59607881568628,61.94148634401749,100412.83249335106,1,-0.12278164,0.8489757,149.87721835821867,0.8489757
22.601518987341773,114.05835443037974,150.0,21.59607881568628,61.94148634401749,100412.83249335106,1,0.08619987,0.6805726,150.08619987219572,0.6805726
22.601518987341773,114.0586075949367,150.0,21.59607881568628,61.94148634401749,100412.83249335106,1,-0.091928996,0.8773763,149.90807100385427,0.8773763
22.601518987341773,114.05886075949367,150.0,21.59607881568628,61.94148634401749,100412.83249335106,1,-0.07735852,0.82208425,149.9226414784789,0.82208425
22.601518987341773,114.05911392405064,150.0,21.59607881568628,61.94148634401749,100412.83249335106,1,0.33248806,0.9963156,150.33248805999756,0.9963156
22.601518987341773,114.05936708860759,150.0,21.59607881568628,61.94148634401749,100412.83249335106,1,0.06972418,0.57841146,150.06972417980433,0.57841146
22.601518987341773,114.05962025316455,150.0,21.59607881568628,61.94148634401749,100412.83249335106,1,0.13803306,1.1193566,150.13803306221962,1.1193566
22.601518987341773,114.05987341772152,150.0,21.59607881568628,61.94148634401749,100412.83249335106,1,0.0015127935,0.77394176,150.00151279347483,0.77394176
22.601518987341773,114.06012658227847,150.0,21.59607881568628,61.94148634401749,100412.83249335106,1,0.64888424,3.7575943,150.6488842368126,3.7575943
22.601518987341773,114.06037974683544,150.0,21.59607881568628,61.94148634401749,100412.83249335106,1,-0.08280465,0.9314458,149.91719534993172,0.9314458
22.601518987341773,114.0606329113924,150.0,21.59607881568628,61.94148634401749,100412.83249335106,1,0.010808245,1.0211694,150.0108082452789,1.0211694
22.601518987341773,114.06088607594936,150.0,21.59607881568628,61.94148634401749,100412.83249335106,1,0.34213927,2.812092,150.3421392738819,2.812092
22.601518987341773,114.06113924050632,150.0,21.59607881568628,61.94148634401749,100412.83249335106,1,-0.298812,0.57577235,149.7011879980564,0.57577235
22.601518987341773,114.06139240506329,150.0,21.59607881568628,61.94148634401749,100412.83249335106,1,-0.33103192,1.3084694,149.6689680814743,1.3084694
22.601518987341773,114.06164556962025,150.0,21.59607881568628,61.94148634401749,100412.83249335106,1,0.60306066,2.2949057,150.60306066274643,2.2949057
22.601518987341773,114.0618987341772,150.0,21.59607881568628,61.94148634401749,100412.83249335106,1,0.77771455,5.82092,150.77771455049515,5.82092
22.601518987341773,114.06215189873417,150.0,21.59607881568628,61.94148634401749,100412.83249335106,1,1.094032,4.2702365,151.09403204917908,4.2702365
22.601518987341773,114.06240506329114,150.0,21.59607881568628,61.94148634401749,100412.83249335106,1,6.3166366,13.713264,156.3166365623474,13.713264
22.601518987341773,114.06265822784809,150.0,21.59607881568628,61.94148634401749,100412.83249335106,1,9.4328,20.831528,159.43280029296875,20.831528
22.601518987341773,114.06291139240506,150.0,21.59607881568628,61.94148634401749,100412.83249335106,1,5.0606885,17.433191,155.060688495636,17.433191
22.601518987341773,114.06316455696202,150.0,21.59607881568628,61.94148634401749,100412.83249335106,1,8.862435,17.21169,158.86243534088135,17.21169
22.601518987341773,114.06341772151899,150.0,21.59607881568628,61.94148634401749,100412.83249335106,1,14.851633,25.621634,164.8516330718994,25.621634
22.601518987341773,114.06367088607594,150.0,21.59607881568628,61.94148634401749,100412.83249335106,1,19.673859,26.60132,169.67385864257812,26.60132
22.601518987341773,114.0639240506329,150.0,21.59607881568628,61.94148634401749,100412.83249335106,1,20.495655,31.532764,170.49565505981445,31.532764
22.601518987341773,114.06417721518987,150.0,21.59607881568628,61.94148634401749,100412.83249335106,1,19.999823,23.779455,169.99982261657715,23.779455
22.601518987341773,114.06443037974682,150.0,21.59607881568628,61.94148634401749,100412.83249335106,1,24.241585,28.06332,174.24158477783203,28.06332
22.601518987341773,114.06468354430379,150.0,21.59607881568628,61.94148634401749,100412.83249335106,1,32.232903,34.18013,182.23290252685547,34.18013
22.601518987341773,114.06493670886076,150.0,21.59607881568628,61.94148634401749,100412.83249335106,1,43.814983,38.577103,193.81498336791992,38.577103
22.601518987341773,114.06518987341772,150.0,21.59607881568628,61.94148634401749,100412.83249335106,1,54.159733,34.17352,204.15973281860352,34.17352
22.601518987341773,114.06544303797467,150.0,21.59607881568628,61.94148634401749,100412.83249335106,1,57.427032,31.443352,207.42703247070312,31.443352
22.601518987341773,114.06569620253164,150.0,21.59607881568628,61.94148634401749,100412.83249335106,1,59.141666,34.222565,209.14166641235352,34.222565
22.601518987341773,114.0659493670886,150.0,21.59607881568628,61.94148634401749,100412.83249335106,1,74.32861,29.75301,224.32861328125,29.75301
22.601518987341773,114.06620253164556,150.0,21.59607881568628,61.94148634401749,100412.83249335106,1,79.052505,18.406355,229.05250549316406,18.406355
22.601518987341773,114.06645569620252,150.0,21.59607881568628,61.94148634401749,100412.83249335106,1,75.27497,29.098436,225.27497100830078,29.098436
22.601518987341773,114.06670886075949,150.0,21.59607881568628,61.94148634401749,100412.83249335106,1,82.25559,15.387994,232.2555923461914,15.387994
22.601518987341773,114.06696202531644,150.0,21.59607881568628,61.94148634401749,100412.83249335106,1,84.88234,13.856193,234.88233947753906,13.856193
22.601518987341773,114.06721518987341,150.0,21.59607881568628,61.94148634401749,100412.83249335106,1,85.88056,16.785992,235.88056182861328,16.785992
22.601518987341773,114.06746835443037,150.0,21.59607881568628,61.94148634401749,100412.83249335106,1,92.19456,11.540661,242.1945571899414,11.540661
22.601518987341773,114.06772151898734,150.0,21.59607881568628,61.94148634401749,100412.83249335106,1,89.58314,8.336351,239.58313751220703,8.336351
22.601518987341773,114.06797468354429,150.0,21.59607881568628,61.94148634401749,100412.83249335106,1,94.49791,9.285821,244.49790954589844,9.285821
22.601518987341773,114.06822784810126,150.0,21.59607881568628,61.94148634401749,100412.83249335106,1,91.82447,8.957706,241.82447052001953,8.957706
22.601518987341773,114.06848101265822,150.0,21.59607881568628,61.94148634401749,100412.83249335106,1,93.29948,15.757688,243.29947662353516,15.757688
22.601518987341773,114.06873417721518,150.0,21.59607881568628,61.94148634401749,100412.83249335106,1,96.76235,8.622521,246.7623519897461,8.622521
22.601518987341773,114.06898734177214,150.0,21.59607881568628,61.94148634401749,100412.83249335106,1,95.7022,9.949756,245.70220184326172,9.949756
22.601518987341773,114.06924050632911,150.0,21.59607881568628,61.94148634401749,100412.83249335106,1,95.238976,8.068049,245.23897552490234,8.068049
22.601518987341773,114.06949367088608,150.0,21.59607881568628,61.94148634401749,100412.83249335106,1,100.0533,9.219391,250.0532989501953,9.219391
22.601518987341773,114.06974683544303,150.0,21.59607881568628,61.94148634401749,100412.83249335106,1,99.645966,9.496312,249.64596557617188,9.496312
22.601518987341773,114.07,150.0,21.59607881568628,61.94148634401749,100412.83249335106,1,101.93284,6.7334476,251.9328384399414,6.7334476
22.601772151898736,114.05,150.0,21.59607881568628,61.94148634401749,100412.83249335106,1,0.1801426,0.6367342,150.18014259636402,0.6367342
22.601772151898736,114.05025316455696,150.0,21.59607881568628,61.94148634401749,100412.83249335106,1,0.42998022,0.5263864,150.4299802184105,0.5263864
22.601772151898736,114.05050632911392,150.0,21.59607881568628,61.94148634401749,100412.83249335106,1,0.32564756,0.54729426,150.32564756274223,0.54729426
22.601772151898736,114.05075949367088,150.0,21.59607881568628,61.94148634401749,100412.83249335106,1,0.27979448,0.5248977,150.2797944843769,0.5248977
22.601772151898736,114.05101265822785,150.0,21.59607881568628,61.94148634401749,100412.83249335106,1,0.14418434,0.5571911,150.14418433606625,0.5571911
22.601772151898736,114.05126582278481,150.0,21.59607881568628,61.94148634401749,100412.83249335106,1,-0.009463987,0.5923738,149.9905360126868,0.5923738
22.601772151898736,114.05151898734177,150.0,21.59607881568628,61.94148634401749,100412.83249335106,1,0.044760168,0.6801499,150.04476016759872,0.6801499
22.601772151898736,114.05177215189873,150.0,21.59607881568628,61.94148634401749,100412.83249335106,1,0.03498182,0.4245299,150.03498182073236,0.4245299
22.601772151898736,114.0520253164557,150.0,21.59607881568628,61.94148634401749,100412.83249335106,1,0.1897039,0.59643304,150.18970389664173,0.59643304
22.601772151898736,114.05227848101265,150.0,21.59607881568628,61.94148634401749,100412.83249335106,1,-0.009065633,0.60650855,149.99093436729163,0.60650855
22.601772151898736,114.05253164556962,150.0,21.59607881568628,61.94148634401749,100412.83249335106,1,0.19132192,0.672045,150.1913219243288,0.672045
22.601772151898736,114.05278481012658,150.0,21.59607881568628,61.94148634401749,100412.83249335106,1,0.41181177,0.5851328,150.41181176900864,0.5851328
22.601772151898736,114.05303797468355,150.0,21.59607881568628,61.94148634401749,100412.83249335106,1,0.1450897,0.58410835,150.14508970081806,0.58410835
22.601772151898736,114.0532911392405,150.0,21.59607881568628,61.94148634401749,100412.83249335106,1,0.17277709,0.6823276,150.17277708649635,0.6823276
22.601772151898736,114.05354430379747,150.0,21.59607881568628,61.94148634401749,100412.83249335106,1,0.044738308,0.671995,150.04473830759525,0.671995
22.601772151898736,114.05379746835443,150.0,21.59607881568628,61.94148634401749,100412.83249335106,1,0.28657648,0.44701546,150.28657647967339,0.44701546
22.601772151898736,114.05405063291138,150.0,21.59607881568628,61.94148634401749,100412.83249335106,1,0.27943763,0.69583,150.27943763136864,0.69583
22.601772151898736,114.05430379746835,150.0,21.59607881568628,61.94148634401749,100412.83249335106,1,0.21815552,0.49268973,150.21815551817417,0.49268973
22.601772151898736,114.05455696202532,150.0,21.59607881568628,61.94148634401749,100412.83249335106,1,0.18226941,0.54897183,150.1822694092989,0.54897183
22.601772151898736,114.05481012658227,150.0,21.59607881568628,61.94148634401749,100412.83249335106,1,0.116016455,0.6701638,150.11601645499468,0.6701638
22.601772151898736,114.05506329113923,150.0,21.59607881568628,61.94148634401749,100412.83249335106,1,0.19498272,0.68696094,150.19498272240162,0.68696094
22.601772151898736,114.0553164556962,150.0,21.59607881568628,61.94148634401749,100412.83249335106,1,0.08301248,0.6027114,150.08301247656345,0.6027114
22.601772151898736,114.05556962025317,150.0,21.59607881568628,61.94148634401749,100412.83249335106,1,0.3321679,0.6849107,150.33216789364815,0.6849107
22.601772151898736,114.05582278481012,150.0,21.59607881568628,61.94148634401749,100412.83249335106,1,-0.05391026,0.69325846,149.94608974084258,0.69325846
22.601772151898736,114.05607594936708,150.0,21.59607881568628,61.94148634401749,100412.83249335106,1,0.2425275,0.9811295,150.24252749979496,0.9811295
22.601772151898736,114.05632911392405,150.0,21.59607881568628,61.94148634401749,100412.83249335106,1,0.3641941,0.64618737,150.36419409513474,0.64618737
22.601772151898736,114.056582278481,150.0,21.59607881568628,61.94148634401749,100412.83249335106,1,0.3799352,1.0020887,150.37993520498276,1.0020887
22.601772151898736,114.05683544303797,150.0,21.59607881568628,61.94148634401749,100412.83249335106,1,-0.07418206,0.60763913,149.92581793665886,0.60763913
22.601772151898736,114.05708860759493,150.0,21.59607881568628,61.94148634401749,100412.83249335106,1,0.074105464,0.6046261,150.07410546392202,0.6046261
22.601772151898736,114.0573417721519,150.0,21.59607881568628,61.94148634401749,100412.83249335106,1,0.18934125,0.63643473,150.18934124708176,0.63643473
22.601772151898736,114.05759493670885,150.0,21.59607881568628,61.94148634401749,100412.83249335106,1,0.11595745,0.6663699,150.11595744639635,0.6663699
22.601772151898736,114.05784810126582,150.0,21.59607881568628,61.94148634401749,100412.83249335106,1,0.19591814,0.5766731,150.19591814279556,0.5766731
22.601772151898736,114.05810126582278,150.0,21.59607881568628,61.94148634401749,100412.83249335106,1,0.10492027,0.6964436,150.10492026805878,0.6964436
22.601772151898736,114.05835443037974,150.0,21.59607881568628,61.94148634401749,100412.83249335106,1,-0.016128551,0.5485389,149.98387144878507,0.5485389
22.601772151898736,114.0586075949367,150.0,21.59607881568628,61.94148634401749,100412.83249335106,1,-0.09731332,0.5555661,149.90268667787313,0.5555661
22.601772151898736,114.05886075949367,150.0,21.59607881568628,61.94148634401749,100412.83249335106,1,-0.041435536,0.5818614,149.95856446400285,0.5818614
22.601772151898736,114.05911392405064,150.0,21.59607881568628,61.94148634401749,100412.83249335106,1,-0.10248346,0.6000164,149.897516541183,0.6000164
22.601772151898736,114.05936708860759,150.0,21.59607881568628,61.94148634401749,100412.83249335106,1,-0.020524569,0.61790943,149.97947543114424,0.61790943
22.601772151898736,114.05962025316455,150.0,21.59607881568628,61.94148634401749,100412.83249335106,1,-0.016454458,0.6327632,149.9835455417633,0.6327632
22.601772151898736,114.05987341772152,150.0,21.59607881568628,61.94148634401749,100412.83249335106,1,-0.28024143,0.58834475,149.71975857019424,0.58834475
22.601772151898736,114.06012658227847,150.0,21.59607881568628,61.94148634401749,100412.83249335106,1,-0.20409897,0.6378524,149.79590103030205,0.6378524
22.601772151898736,114.06037974683544,150.0,21.59607881568628,61.94148634401749,100412.83249335106,1,1.9302917,11.941254,151.93029165267944,11.941254
22.601772151898736,114.0606329113924,150.0,21.59607881568628,61.94148634401749,100412.83249335106,1,2.571256,14.280178,152.5712559223175,14.280178
22.601772151898736,114.06088607594936,150.0,21.59607881568628,61.94148634401749,100412.83249335106,1,0.45984268,2.640784,150.45984268188477,2.640784
22.601772151898736,114.06113924050632,150.0,21.59607881568628,61.94148634401749,100412.83249335106,1,1.0735236,5.417766,151.07352364063263,5.417766
22.601772151898736,114.06139240506329,150.0,21.59607881568628,61.94148634401749,100412.83249335106,1,0.06185656,1.7991593,150.06185656040907,1.7991593
22.601772151898736,114.06164556962025,150.0,21.59607881568628,61.94148634401749,100412.83249335106,1,5.9735436,19.61762,155.97354364395142,19.61762
22.601772151898736,114.0618987341772,150.0,21.59607881568628,61.94148634401749,100412.83249335106,1,1.0811965,5.7572327,151.08119654655457,5.7572327
22.601772151898736,114.06215189873417,150.0,21.59607881568628,61.94148634401749,100412.83249335106,1,4.4019814,13.397439,154.40198135375977,13.397439
22.601772151898736,114.06240506329114,150.0,21.59607881568628,61.94148634401749,100412.83249335106,1,0.49187177,4.69811,150.49187177419662,4.69811
22.601772151898736,114.06265822784809,150.0,21.59607881568628,61.94148634401749,100412.83249335106,1,2.4758048,7.548283,152.47580480575562,7.548283
22.601772151898736,114.06291139240506,150.0,21.59607881568628,61.94148634401749,100412.83249335106,1,5.022092,13.69653,155.02209186553955,13.69653
22.601772151898736,114.06316455696202,150.0,21.59607881568628,61.94148634401749,100412.83249335106,1,14.469854,28.982843,164.4698543548584,28.982843
22.601772151898736,114.06341772151899,150.0,21.59607881568628,61.94148634401749,100412.83249335106,1,16.60627,25.489553,166.60626983642578,25.489553
22.601772151898736,114.06367088607594,150.0,21.59607881568628,61.94148634401749,100412.83249335106,1,21.806698,24.612022,171.80669784545898,24.612022
22.601772151898736,114.0639240506329,150.0,21.59607881568628,61.94148634401749,100412.83249335106,1,13.802008,22.724535,163.8020076751709,22.724535
22.601772151898736,114.06417721518987,150.0,21.59607881568628,61.94148634401749,100412.83249335106,1,27.172226,31.324682,177.17222595214844,31.324682
22.601772151898736,114.06443037974682,150.0,21.59607881568628,61.94148634401749,100412.83249335106,1,38.964466,31.84,188.9644660949707,31.84
22.601772151898736,114.06468354430379,150.0,21.59607881568628,61.94148634401749,100412.83249335106,1,61.326668,26.486582,211.32666778564453,26.486582
22.601772151898736,114.06493670886076,150.0,21.59607881568628,61.94148634401749,100412.83249335106,1,54.125263,29.904993,204.12526321411133,29.904993
22.601772151898736,114.06518987341772,150.0,21.59607881568628,61.94148634401749,100412.83249335106,1,56.42858,30.504448,206.42858123779297,30.504448
22.601772151898736,114.06544303797467,150.0,21.59607881568628,61.94148634401749,100412.83249335106,1,47.952343,29.291775,197.95234298706055,29.291775
22.601772151898736,114.06569620253164,150.0,21.59607881568628,61.94148634401749,100412.83249335106,1,67.257416,29.077044,217.25741577148438,29.077044
22.601772151898736,114.0659493670886,150.0,21.59607881568628,61.94148634401749,100412.83249335106,1,62.514378,32.954975,212.51437759399414,32.954975
22.601772151898736,114.06620253164556,150.0,21.59607881568628,61.94148634401749,100412.83249335106,1,72.571175,27.040276,222.57117462158203,27.040276
22.601772151898736,114.06645569620252,150.0,21.59607881568628,61.94148634401749,100412.83249335106,1,78.27332,21.333015,228.27332305908203,21.333015
22.601772151898736,114.06670886075949,150.0,21.59607881568628,61.94148634401749,100412.83249335106,1,82.62042,14.757019,232.62042236328125,14.757019
22.601772151898736,114.06696202531644,150.0,21.59607881568628,61.94148634401749,100412.83249335106,1,86.10405,22.557135,236.1040496826172,22.557135
22.601772151898736,114.06721518987341,150.0,21.59607881568628,61.94148634401749,100412.83249335106,1,87.16445,12.717896,237.1644515991211,12.717896
22.601772151898736,114.06746835443037,150.0,21.59607881568628,61.94148634401749,100412.83249335106,1,89.48052,11.571686,239.48052215576172,11.571686
22.601772151898736,114.06772151898734,150.0,21.59607881568628,61.94148634401749,100412.83249335106,1,91.401054,7.64177,241.40105438232422,7.64177
22.601772151898736,114.06797468354429,150.0,21.59607881568628,61.94148634401749,100412.83249335106,1,86.94192,13.971968,236.9419174194336,13.971968
22.601772151898736,114.06822784810126,150.0,21.59607881568628,61.94148634401749,100412.83249335106,1,94.91497,7.527302,244.91497039794922,7.527302
22.601772151898736,114.06848101265822,150.0,21.59607881568628,61.94148634401749,100412.83249335106,1,94.4548,8.166167,244.45480346679688,8.166167
22.601772151898736,114.06873417721518,150.0,21.59607881568628,61.94148634401749,100412.83249335106,1,94.253136,8.419384,244.25313568115234,8.419384
22.601772151898736,114.06898734177214,150.0,21.59607881568628,61.94148634401749,100412.83249335106,1,97.88171,9.019765,247.88170623779297,9.019765
22.601772151898736,114.06924050632911,150.0,21.59607881568628,61.94148634401749,100412.83249335106,1,94.80337,8.406448,244.8033676147461,8.406448
22.601772151898736,114.06949367088608,150.0,21.59607881568628,61.94148634401749,100412.83249335106,1,97.75674,12.091761,247.7567367553711,12.091761
22.601772151898736,114.06974683544303,150.0,21.59607881568628,61.94148634401749,100412.83249335106,1,102.269295,10.395963,252.26929473876953,10.395963
22.601772151898736,114.07,150.0,21.59607881568628,61.94148634401749,100412.83249335106,1,99.95177,10.025072,249.95176696777344,10.025072
22.6020253164557,114.05,150.0,21.59607881568628,61.94148634401749,100412.83249335106,1,0.21306519,0.43067908,150.2130651921034,0.43067908
22.6020253164557,114.05025316455696,150.0,21.59607881568628,61.94148634401749,100412.83249335106,1,0.23717923,0.4178783,150.2371792346239,0.4178783
22.6020253164557,114.05050632911392,150.0,21.59607881568628,61.94148634401749,100412.83249335106,1,0.18079704,0.54344755,150.1807970404625,0.54344755
22.6020253164557,114.05075949367088,150.0,21.59607881568628,61.94148634401749,100412.83249335106,1,0.24471064,0.7439128,150.24471063911915,0.7439128
22.6020253164557,114.05101265822785,150.0,21.59607881568628,61.94148634401749,100412.83249335106,1,0.2820735,0.6103019,150.28207349777222,0.6103019
22.6020253164557,114.05126582278481,150.0,21.59607881568628,61.94148634401749,100412.83249335106,1,0.23511669,0.5294401,150.23511669039726,0.5294401
22.6020253164557,114.05151898734177,150.0,21.59607881568628,61.94148634401749,100412.83249335106,1,0.16844651,0.6018107,150.1684465110302,0.6018107
22.6020253164557,114.05177215189873,150.0,21.59607881568628,61.94148634401749,100412.83249335106,1,0.13669044,0.5404852,150.13669043779373,0.5404852
22.6020253164557,114.0520253164557,150.0,21.59607881568628,61.94148634401749,100412.83249335106,1,0.4222774,0.39246216,150.42227739095688,0.39246216
22.6020253164557,114.05227848101265,150.0,21.59607881568628,61.94148634401749,100412.83249335106,1,0.17327555,0.5446688,150.17327554523945,0.5446688
22.6020253164557,114.05253164556962,150.0,21.59607881568628,61.94148634401749,100412.83249335106,1,0.30564442,0.42400852,150.30564442276955,0.42400852
22.6020253164557,114.05278481012658,150.0,21.59607881568628,61.94148634401749,100412.83249335106,1,0.23378693,0.44562897,150.23378692567348,0.44562897
22.6020253164557,114.05303797468355,150.0,21.59607881568628,61.94148634401749,100412.83249335106,1,0.32415828,0.49761614,150.32415828108788,0.49761614
22.6020253164557,114.0532911392405,150.0,21.59607881568628,61.94148634401749,100412.83249335106,1,0.17432427,0.5877989,150.1743242740631,0.5877989
22.6020253164557,114.05354430379747,150.0,21.59607881568628,61.94148634401749,100412.83249335106,1,0.13836445,0.95148855,150.1383644491434,0.95148855
22.6020253164557,114.05379746835443,150.0,21.59607881568628,61.94148634401749,100412.83249335106,1,0.20166779,0.508505,150.20166778564453,0.508505
22.6020253164557,114.05405063291138,150.0,21.59607881568628,61.94148634401749,100412.83249335106,1,0.26745433,0.60275114,150.2674543261528,0.60275114
22.6020253164557,114.05430379746835,150.0,21.59607881568628,61.94148634401749,100412.83249335106,1,0.0120226275,0.6124414,150.01202262751758,0.6124414
22.6020253164557,114.05455696202532,150.0,21.59607881568628,61.94148634401749,100412.83249335106,1,0.027010353,0.5708825,150.0270103532821,0.5708825
22.6020253164557,114.05481012658227,150.0,21.59607881568628,61.94148634401749,100412.83249335106,1,0.14645776,0.41049618,150.1464577615261,0.41049618
22.6020253164557,114.05506329113923,150.0,21.59607881568628,61.94148634401749,100412.83249335106,1,0.24709938,0.5085476,150.2470993846655,0.5085476
22.6020253164557,114.0553164556962,150.0,21.59607881568628,61.94148634401749,100412.83249335106,1,0.11122314,0.60319793,150.1112231388688,0.60319793
22.6020253164557,114.05556962025317,150.0,21.59607881568628,61.94148634401749,100412.83249335106,1,0.051600836,0.518446,150.0516008362174,0.518446
22.6020253164557,114.05582278481012,150.0,21.59607881568628,61.94148634401749,100412.83249335106,1,0.17300625,0.6635423,150.17300625145435,0.6635423
22.6020253164557,114.05607594936708,150.0,21.59607881568628,61.94148634401749,100412.83249335106,1,0.06561318,0.5460098,150.06561318039894,0.5460098
22.6020253164557,114.05632911392405,150.0,21.59607881568628,61.94148634401749,100412.83249335106,1,0.12374394,0.48881823,150.1237439364195,0.48881823
22.6020253164557,114.056582278481,150.0,21.59607881568628,61.94148634401749,100412.83249335106,1,0.022750542,0.68979466,150.0227505415678,0.68979466
22.6020253164557,114.05683544303797,150.0,21.59607881568628,61.94148634401749,100412.83249335106,1,-0.052608725,0.50728256,149.94739127531648,0.50728256
22.6020253164557,114.05708860759493,150.0,21.59607881568628,61.94148634401749,100412.83249335106,1,-0.007407617,0.727751,149.9925923831761,0.727751
22.6020253164557,114.0573417721519,150.0,21.59607881568628,61.94148634401749,100412.83249335106,1,0.09759688,0.5029712,150.09759687632322,0.5029712
22.6020253164557,114.05759493670885,150.0,21.59607881568628,61.94148634401749,100412.83249335106,1,-0.011573279,0.63275623,149.9884267207235,0.63275623
22.6020253164557,114.05784810126582,150.0,21.59607881568628,61.94148634401749,100412.83249335106,1,0.076328315,0.54354143,150.0763283148408,0.54354143
22.6020253164557,114.05810126582278,150.0,21.59607881568628,61.94148634401749,100412.83249335106,1,0.15698244,0.54968137,150.15698243677616,0.54968137
22.6020253164557,114.05835443037974,150.0,21.59607881568628,61.94148634401749,100412.83249335106,1,0.076805025,0.4400073,150.07680502533913,0.4400073
22.6020253164557,114.0586075949367,150.0,21.59607881568628,61.94148634401749,100412.83249335106,1,-0.0989857,0.66506803,149.9010142982006,0.66506803
22.6020253164557,114.05886075949367,150.0,21.59607881568628,61.94148634401749,100412.83249335106,1,0.24202988,0.58480847,150.2420298755169,0.58480847
22.6020253164557,114.05911392405064,150.0,21.59607881568628,61.94148634401749,100412.83249335106,1,1.3103592,8.016904,151.31035923957825,8.016904
22.6020253164557,114.05936708860759,150.0,21.59607881568628,61.94148634401749,100412.83249335106,1,-0.12558985,0.6162729,149.8744101524353,0.6162729
22.6020253164557,114.05962025316455,150.0,21.59607881568628,61.94148634401749,100412.83249335106,1,-0.12555632,0.7983459,149.874443680048,0.7983459
22.6020253164557,114.05987341772152,150.0,21.59607881568628,61.94148634401749,100412.83249335106,1,0.06711972,0.9977263,150.06711971759796,0.9977263
22.6020253164557,114.06012658227847,150.0,21.59607881568628,61.94148634401749,100412.83249335106,1,-0.09056659,1.4279233,149.90943340957165,1.4279233
22.6020253164557,114.06037974683544,150.0,21.59607881568628,61.94148634401749,100412.83249335106,1,0.67924964,4.7534904,150.67924964427948,4.7534904
22.6020253164557,114.0606329113924,150.0,21.59607881568628,61.94148634401749,100412.83249335106,1,-0.29697752,1.1055826,149.703022480011,1.1055826
22.6020253164557,114.06088607594936,150.0,21.59607881568628,61.94148634401749,100412.83249335106,1,-0.3029506,1.1663972,149.69704940915108,1.1663972
22.6020253164557,114.06113924050632,150.0,21.59607881568628,61.94148634401749,100412.83249335106,1,1.0824819,3.6139977,151.0824818611145,3.6139977
22.6020253164557,114.06139240506329,150.0,21.59607881568628,61.94148634401749,100412.83249335106,1,-0.07240592,0.7734714,149.92759408056736,0.7734714
22.6020253164557,114.06164556962025,150.0,21.59607881568628,61.94148634401749,100412.83249335106,1,-0.19906394,0.8912933,149.80093605816364,0.8912933
22.6020253164557,114.0618987341772,150.0,21.59607881568628,61.94148634401749,100412.83249335106,1,0.50564075,3.7642257,150.50564074516296,3.7642257
22.6020253164557,114.06215189873417,150.0,21.59607881568628,61.94148634401749,100412.83249335106,1,1.8081843,7.7429895,151.8081842660904,7.7429895
22.6020253164557,114.06240506329114,150.0,21.59607881568628,61.94148634401749,100412.83249335106,1,1.8716034,6.4595046,151.87160336971283,6.4595046
22.6020253164557,114.06265822784809,150.0,21.59607881568628,61.94148634401749,100412.83249335106,1,2.9751909,7.0679154,152.97519087791443,7.0679154
22.6020253164557,114.06291139240506,150.0,21.59607881568628,61.94148634401749,100412.83249335106,1,9.792404,22.24648,159.7924041748047,22.24648
22.6020253164557,114.06316455696202,150.0,21.59607881568628,61.94148634401749,100412.83249335106,1,10.940325,20.93175,160.9403247833252,20.93175
22.6020253164557,114.06341772151899,150.0,21.59607881568628,61.94148634401749,100412.83249335106,1,18.914978,25.510876,168.91497802734375,25.510876
22.6020253164557,114.06367088607594,150.0,21.59607881568628,61.94148634401749,100412.83249335106,1,18.245243,22.734419,168.24524307250977,22.734419
22.6020253164557,114.0639240506329,150.0,21.59607881568628,61.94148634401749,100412.83249335106,1,23.36671,25.23783,173.3667106628418,25.23783
22.6020253164557,114.06417721518987,150.0,21.59607881568628,61.94148634401749,100412.83249335106,1,36.517925,32.692196,186.51792526245117,32.692196
22.6020253164557,114.06443037974682,150.0,21.59607881568628,61.94148634401749,100412.83249335106,1,40.68969,32.35057,190.68968963623047,32.35057
22.6020253164557,114.06468354430379,150.0,21.59607881568628,61.94148634401749,100412.83249335106,1,41.737785,32.727833,191.73778533935547,32.727833
22.6020253164557,114.06493670886076,150.0,21.59607881568628,61.94148634401749,100412.83249335106,1,57.91837,27.380232,207.9183692932129,27.380232
22.6020253164557,114.06518987341772,150.0,21.59607881568628,61.94148634401749,100412.83249335106,1,66.63703,22.101751,216.63703155517578,22.101751
22.6020253164557,114.06544303797467,150.0,21.59607881568628,61.94148634401749,100412.83249335106,1,60.958588,28.661219,210.95858764648438,28.661219
22.6020253164557,114.06569620253164,150.0,21.59607881568628,61.94148634401749,100412.83249335106,1,67.94648,28.777775,217.94647979736328,28.777775
22.6020253164557,114.0659493670886,150.0,21.59607881568628,61.94148634401749,100412.83249335106,1,78.80605,16.500843,228.8060531616211,16.500843
22.6020253164557,114.06620253164556,150.0,21.59607881568628,61.94148634401749,100412.83249335106,1,82.1478,17.124523,232.14779663085938,17.124523
22.6020253164557,114.06645569620252,150.0,21.59607881568628,61.94148634401749,100412.83249335106,1,77.67736,23.84541,227.67736053466797,23.84541
22.6020253164557,114.06670886075949,150.0,21.59607881568628,61.94148634401749,100412.83249335106,1,81.28931,21.866203,231.289306640625,21.866203
22.6020253164557,114.06696202531644,150.0,21.59607881568628,61.94148634401749,100412.83249335106,1,91.5807,8.063344,241.58070373535156,8.063344
22.6020253164557,114.06721518987341,150.0,21.59607881568628,61.94148634401749,100412.83249335106,1,84.781,20.294323,234.78099822998047,20.294323
22.6020253164557,114.06746835443037,150.0,21.59607881568628,61.94148634401749,100412.83249335106,1,91.218155,6.5305014,241.21815490722656,6.5305014
22.6020253164557,114.06772151898734,150.0,21.59607881568628,61.94148634401749,100412.83249335106,1,87.83632,11.754652,237.83631896972656,11.754652
22.6020253164557,114.06797468354429,150.0,21.59607881568628,61.94148634401749,100412.83249335106,1,87.10654,17.90395,237.10653686523438,17.90395
22.6020253164557,114.06822784810126,150.0,21.59607881568628,61.94148634401749,100412.83249335106,1,91.1339,10.2018,241.13390350341797,10.2018
22.6020253164557,114.06848101265822,150.0,21.59607881568628,61.94148634401749,100412.83249335106,1,90.64063,7.750036,240.64063262939453,7.750036
22.6020253164557,114.06873417721518,150.0,21.59607881568628,61.94148634401749,100412.83249335106,1,90.29804,11.1070385,240.29804229736328,11.1070385
22.6020253164557,114.06898734177214,150.0,21.59607881568628,61.94148634401749,100412.83249335106,1,95.96072,8.678707,245.9607162475586,8.678707
22.6020253164557,114.06924050632911,150.0,21.59607881568628,61.94148634401749,100412.83249335106,1,94.20621,6.4521174,244.20620727539062,6.4521174
22.6020253164557,114.06949367088608,150.0,21.59607881568628,61.94148634401749,100412.83249335106,1,100.789665,11.209291,250.78966522216797,11.209291
22.6020253164557,114.06974683544303,150.0,21.59607881568628,61.94148634401749,100412.83249335106,1,99.25062,9.144076,249.25061798095703,9.144076
22.6020253164557,114.07,150.0,21.59607881568628,61.94148634401749,100412.83249335106,1,95.8989,8.492678,245.8989028930664,8.492678
22.60227848101266,114.05,150.0,21.59607881568628,61.94148634401749,100412.83249335106,1,0.29066437,0.5647987,150.29066437482834,0.5647987
22.60227848101266,114.05025316455696,150.0,21.59607881568628,61.94148634401749,100412.83249335106,1,0.17031874,0.5577678,150.17031873762608,0.5577678
22.60227848101266,114.05050632911392,150.0,21.59607881568628,61.94148634401749,100412.83249335106,1,0.3773384,0.48700264,150.37733840942383,0.48700264
22.60227848101266,114.05075949367088,150.0,21.59607881568628,61.94148634401749,100412.83249335106,1,0.27294207,0.3985864,150.27294206619263,0.3985864
22.60227848101266,114.05101265822785,150.0,21.59607881568628,61.94148634401749,100412.83249335106,1,0.12348042,0.62768877,150.12348041683435,0.62768877
22.60227848101266,114.05126582278481,150.0,21.59607881568628,61.94148634401749,100412.83249335106,1,0.23451978,0.58095706,150.23451977968216,0.58095706
22.60227848101266,114.05151898734177,150.0,21.59607881568628,61.94148634401749,100412.83249335106,1,0.31094977,0.46602783,150.31094977259636,0.46602783
22.60227848101266,114.05177215189873,150.0,21.59607881568628,61.94148634401749,100412.83249335106,1,0.25261867,0.58988386,150.25261867046356,0.58988386
22.60227848101266,114.0520253164557,150.0,21.59607881568628,61.94148634401749,100412.83249335106,1,0.43507364,0.5179653,150.4350736439228,0.5179653
22.60227848101266,114.05227848101265,150.0,21.59607881568628,61.94148634401749,100412.83249335106,1,0.12988059,0.50267524,150.12988059222698,0.50267524
22.60227848101266,114.05253164556962,150.0,21.59607881568628,61.94148634401749,100412.83249335106,1,0.21300168,0.5222415,150.21300168335438,0.5222415
22.60227848101266,114.05278481012658,150.0,21.59607881568628,61.94148634401749,100412.83249335106,1,0.06627698,0.5250959,150.06627698242664,0.5250959
22.60227848101266,114.05303797468355,150.0,21.59607881568628,61.94148634401749,100412.83249335106,1,0.16141674,0.40508726,150.1614167392254,0.40508726
22.60227848101266,114.0532911392405,150.0,21.59607881568628,61.94148634401749,100412.83249335106,1,0.056473885,0.5904006,150.05647388473153,0.5904006
22.60227848101266,114.05354430379747,150.0,21.59607881568628,61.94148634401749,100412.83249335106,1,0.15865025,0.45782092,150.15865024924278,0.45782092
22.60227848101266,114.05379746835443,150.0,21.59607881568628,61.94148634401749,100412.83249335106,1,0.060001135,0.6120447,150.06000113487244,0.6120447
22.60227848101266,114.05405063291138,150.0,21.59607881568628,61.94148634401749,100412.83249335106,1,0.031702314,0.48964274,150.03170231357217,0.48964274
22.60227848101266,114.05430379746835,150.0,21.59607881568628,61.94148634401749,100412.83249335106,1,0.25647825,0.49038097,150.2564782500267,0.49038097
22.60227848101266,114.05455696202532,150.0,21.59607881568628,61.94148634401749,100412.83249335106,1,-0.121383905,0.44223908,149.87861609458923,0.44223908
22.60227848101266,114.05481012658227,150.0,21.59607881568628,61.94148634401749,100412.83249335106,1,0.09510158,0.47242582,150.09510158002377,0.47242582
22.60227848101266,114.05506329113923,150.0,21.59607881568628,61.94148634401749,100412.83249335106,1,-0.030925779,0.63170856,149.9690742213279,0.63170856
22.60227848101266,114.0553164556962,150.0,21.59607881568628,61.94148634401749,100412.83249335106,1,0.0045675463,0.68214196,150.00456754630432,0.68214196
22.60227848101266,114.05556962025317,150.0,21.59607881568628,61.94148634401749,100412.83249335106,1,0.12501647,0.49577907,150.12501646578312,0.49577907
22.60227848101266,114.05582278481012,150.0,21.59607881568628,61.94148634401749,100412.83249335106,1,0.10452511,0.48309115,150.10452511161566,0.48309115
22.60227848101266,114.05607594936708,150.0,21.59607881568628,61.94148634401749,100412.83249335106,1,0.13804667,0.55655247,150.1380466669798,0.55655247
22.60227848101266,114.05632911392405,150.0,21.59607881568628,61.94148634401749,100412.83249335106,1,0.24702755,0.4992213,150.24702754616737,0.4992213
22.60227848101266,114.056582278481,150.0,21.59607881568628,61.94148634401749,100412.83249335106,1,0.05333985,0.5516453,150.0533398501575,0.5516453
22.60227848101266,114.05683544303797,150.0,21.59607881568628,61.94148634401749,100412.83249335106,1,0.13281707,0.47135887,150.1328170746565,0.47135887
22.60227848101266,114.05708860759493,150.0,21.59607881568628,61.94148634401749,100412.83249335106,1,0.057038132,0.4485792,150.0570381321013,0.4485792
22.60227848101266,114.0573417721519,150.0,21.59607881568628,61.94148634401749,100412.83249335106,1,0.13934271,0.5672429,150.1393427103758,0.5672429
22.60227848101266,114.05759493670885,150.0,21.59607881568628,61.94148634401749,100412.83249335106,1,-0.16704178,0.6473823,149.83295822143555,0.6473823
22.60227848101266,114.05784810126582,150.0,21.59607881568628,61.94148634401749,100412.83249335106,1,-0.12968154,0.8033642,149.87031845748425,0.8033642
22.60227848101266,114.05810126582278,150.0,21.59607881568628,61.94148634401749,100412.83249335106,1,0.11219486,0.49000815,150.11219485849142,0.49000815
22.60227848101266,114.05835443037974,150.0,21.59607881568628,61.94148634401749,100412.83249335106,1,-0.19244413,0.6723563,149.8075558692217,0.6723563
22.60227848101266,114.0586075949367,150.0,21.59607881568628,61.94148634401749,100412.83249335106,1,0.20062733,0.6592883,150.20062732696533,0.6592883
22.60227848101266,114.05886075949367,150.0,21.59607881568628,61.94148634401749,100412.83249335106,1,-0.2702818,0.5171045,149.729718208313,0.5171045
22.60227848101266,114.05911392405064,150.0,21.59607881568628,61.94148634401749,100412.83249335106,1,-0.35849342,0.7606968,149.64150658249855,0.7606968
22.60227848101266,114.05936708860759,150.0,21.59607881568628,61.94148634401749,100412.83249335106,1,0.04614523,0.66695243,150.0461452305317,0.66695243
22.60227848101266,114.05962025316455,150.0,21.59607881568628,61.94148634401749,100412.83249335106,1,0.30226907,2.248723,150.30226907134056,2.248723
22.60227848101266,114.05987341772152,150.0,21.59607881568628,61.94148634401749,100412.83249335106,1,0.062242236,0.37536308,150.06224223598838,0.37536308
22.60227848101266,114.06012658227847,150.0,21.59607881568628,61.94148634401749,100412.83249335106,1,-0.19143586,0.69771785,149.8085641413927,0.69771785
22.60227848101266,114.06037974683544,150.0,21.59607881568628,61.94148634401749,100412.83249335106,1,0.59948164,3.5686612,150.59948164224625,3.5686612
22.60227848101266,114.0606329113924,150.0,21.59607881568628,61.94148634401749,100412.83249335106,1,0.27025515,2.790483,150.2702551484108,2.790483
22.60227848101266,114.06088607594936,150.0,21.59607881568628,61.94148634401749,100412.83249335106,1,-0.05802881,1.6227942,149.94197119027376,1.6227942
22.60227848101266,114.06113924050632,150.0,21.59607881568628,61.94148634401749,100412.83249335106,1,2.076739,7.1115804,152.07673907279968,7.1115804
22.60227848101266,114.06139240506329,150.0,21.59607881568628,61.94148634401749,100412.83249335106,1,1.0498136,6.5083275,151.04981362819672,6.5083275
22.60227848101266,114.06164556962025,150.0,21.59607881568628,61.94148634401749,100412.83249335106,1,0.26705483,2.261961,150.2670548260212,2.261961
22.60227848101266,114.0618987341772,150.0,21.59607881568628,61.94148634401749,100412.83249335106,1,4.7366276,17.970762,154.73662757873535,17.970762
22.60227848101266,114.06215189873417,150.0,21.59607881568628,61.94148634401749,100412.83249335106,1,1.561298,5.4587655,151.56129801273346,5.4587655
22.60227848101266,114.06240506329114,150.0,21.59607881568628,61.94148634401749,100412.83249335106,1,8.824147,20.097223,158.82414722442627,20.097223
22.60227848101266,114.06265822784809,150.0,21.59607881568628,61.94148634401749,100412.83249335106,1,3.9872777,6.6143055,153.98727774620056,6.6143055
22.60227848101266,114.06291139240506,150.0,21.59607881568628,61.94148634401749,100412.83249335106,1,5.954236,11.979964,155.9542360305786,11.979964
22.60227848101266,114.06316455696202,150.0,21.59607881568628,61.94148634401749,100412.83249335106,1,16.055416,21.43251,166.05541610717773,21.43251
22.60227848101266,114.06341772151899,150.0,21.59607881568628,61.94148634401749,100412.83249335106,1,26.57036,28.011444,176.57036018371582,28.011444
22.60227848101266,114.06367088607594,150.0,21.59607881568628,61.94148634401749,100412.83249335106,1,31.019682,28.594093,181.019681930542,28.594093
22.60227848101266,114.0639240506329,150.0,21.59607881568628,61.94148634401749,100412.83249335106,1,24.38405,29.333307,174.3840503692627,29.333307
22.60227848101266,114.06417721518987,150.0,21.59607881568628,61.94148634401749,100412.83249335106,1,45.44133,30.807545,195.4413299560547,30.807545
22.60227848101266,114.06443037974682,150.0,21.59607881568628,61.94148634401749,100412.83249335106,1,53.70788,30.026882,203.70787811279297,30.026882
22.60227848101266,114.06468354430379,150.0,21.59607881568628,61.94148634401749,100412.83249335106,1,44.56987,28.910923,194.5698699951172,28.910923
22.60227848101266,114.06493670886076,150.0,21.59607881568628,61.94148634401749,100412.83249335106,1,51.398308,27.70672,201.39830780029297,27.70672
22.60227848101266,114.06518987341772,150.0,21.59607881568628,61.94148634401749,100412.83249335106,1,56.68645,26.766806,206.68645095825195,26.766806
22.60227848101266,114.06544303797467,150.0,21.59607881568628,61.94148634401749,100412.83249335106,1,66.29609,29.63145,216.29608917236328,29.63145
22.60227848101266,114.06569620253164,150.0,21.59607881568628,61.94148634401749,100412.83249335106,1,69.052704,22.135843,219.05270385742188,22.135843
22.60227848101266,114.0659493670886,150.0,21.59607881568628,61.94148634401749,100412.83249335106,1,74.41111,19.98129,224.4111099243164,19.98129
22.60227848101266,114.06620253164556,150.0,21.59607881568628,61.94148634401749,100412.83249335106,1,78.75517,13.420327,228.7551727294922,13.420327
22.60227848101266,114.06645569620252,150.0,21.59607881568628,61.94148634401749,100412.83249335106,1,79.40398,20.548454,229.4039764404297,20.548454
22.60227848101266,114.06670886075949,150.0,21.59607881568628,61.94148634401749,100412.83249335106,1,83.26159,9.355501,233.26158905029297,9.355501
22.60227848101266,114.06696202531644,150.0,21.59607881568628,61.94148634401749,100412.83249335106,1,86.31309,10.838161,236.3130874633789,10.838161
22.60227848101266,114.06721518987341,150.0,21.59607881568628,61.94148634401749,100412.83249335106,1,83.77374,7.5223975,233.77374267578125,7.5223975
22.60227848101266,114.06746835443037,150.0,21.59607881568628,61.94148634401749,100412.83249335106,1,85.56547,17.532776,235.56546783447266,17.532776
22.60227848101266,114.06772151898734,150.0,21.59607881568628,61.94148634401749,100412.83249335106,1,85.830956,8.627553,235.8309555053711,8.627553
22.60227848101266,114.06797468354429,150.0,21.59607881568628,61.94148634401749,100412.83249335106,1,92.938774,8.137659,242.93877410888672,8.137659
22.60227848101266,114.06822784810126,150.0,21.59607881568628,61.94148634401749,100412.83249335106,1,89.714264,8.572112,239.71426391601562,8.572112
22.60227848101266,114.06848101265822,150.0,21.59607881568628,61.94148634401749,100412.83249335106,1,87.0419,17.804731,237.04190063476562,17.804731
22.60227848101266,114.06873417721518,150.0,21.59607881568628,61.94148634401749,100412.83249335106,1,90.40059,11.861572,240.4005889892578,11.861572
22.60227848101266,114.06898734177214,150.0,21.59607881568628,61.94148634401749,100412.83249335106,1,96.15602,7.6468883,246.15602111816406,7.6468883
22.60227848101266,114.06924050632911,150.0,21.59607881568628,61.94148634401749,100412.83249335106,1,95.51574,10.470094,245.51573944091797,10.470094
22.60227848101266,114.06949367088608,150.0,21.59607881568628,61.94148634401749,100412.83249335106,1,95.73557,9.967356,245.7355728149414,9.967356
22.60227848101266,114.06974683544303,150.0,21.59607881568628,61.94148634401749,100412.83249335106,1,94.372055,8.649292,244.37205505371094,8.649292
22.60227848101266,114.07,150.0,21.59607881568628,61.94148634401749,100412.83249335106,1,97.43172,8.807245,247.4317169189453,8.807245
22.60253164556962,114.05,150.0,21.59607881568628,61.94148634401749,100412.83249335106,1,0.29181105,0.5354036,150.29181104898453,0.5354036
22.60253164556962,114.05025316455696,150.0,21.59607881568628,61.94148634401749,100412.83249335106,1,0.34246126,0.4942291,150.342461258173,0.4942291
22.60253164556962,114.05050632911392,150.0,21.59607881568628,61.94148634401749,100412.83249335106,1,0.17491493,0.449011,150.1749149262905,0.449011
22.60253164556962,114.05075949367088,150.0,21.59607881568628,61.94148634401749,100412.83249335106,1,0.3458851,0.40069222,150.3458850979805,0.40069222
22.60253164556962,114.05101265822785,150.0,21.59607881568628,61.94148634401749,100412.83249335106,1,0.47861782,0.4944665,150.47861781716347,0.4944665
22.60253164556962,114.05126582278481,150.0,21.59607881568628,61.94148634401749,100412.83249335106,1,0.2786146,0.47578928,150.27861461043358,0.47578928
22.60253164556962,114.05151898734177,150.0,21.59607881568628,61.94148634401749,100412.83249335106,1,0.3205382,0.6330382,150.32053819298744,0.6330382
22.60253164556962,114.05177215189873,150.0,21.59607881568628,61.94148634401749,100412.83249335106,1,0.28655222,0.6827388,150.28655222058296,0.6827388
22.60253164556962,114.0520253164557,150.0,21.59607881568628,61.94148634401749,100412.83249335106,1,0.3324935,0.6929349,150.33249351382256,0.6929349
22.60253164556962,114.05227848101265,150.0,21.59607881568628,61.94148634401749,100412.83249335106,1,0.31370878,0.7598226,150.31370878219604,0.7598226
22.60253164556962,114.05253164556962,150.0,21.59607881568628,61.94148634401749,100412.83249335106,1,0.27484864,0.49656284,150.27484863996506,0.49656284
22.60253164556962,114.05278481012658,150.0,21.59607881568628,61.94148634401749,100412.83249335106,1,0.10991481,0.8639853,150.1099148094654,0.8639853
22.60253164556962,114.05303797468355,150.0,21.59607881568628,61.94148634401749,100412.83249335106,1,0.12689894,0.49731475,150.1268989443779,0.49731475
22.60253164556962,114.0532911392405,150.0,21.59607881568628,61.94148634401749,100412.83249335106,1,0.08193335,0.5901477,150.08193334937096,0.5901477
22.60253164556962,114.05354430379747,150.0,21.59607881568628,61.94148634401749,100412.83249335106,1,0.16568062,0.5351658,150.16568061709404,0.5351658
22.60253164556962,114.05379746835443,150.0,21.59607881568628,61.94148634401749,100412.83249335106,1,0.2182958,0.3411384,150.21829579770565,0.3411384
22.60253164556962,114.05405063291138,150.0,21.59607881568628,61.94148634401749,100412.83249335106,1,0.06937918,0.50409126,150.06937918066978,0.50409126
22.60253164556962,114.05430379746835,150.0,21.59607881568628,61.94148634401749,100412.83249335106,1,0.12322636,0.512953,150.12322635948658,0.512953
22.60253164556962,114.05455696202532,150.0,21.59607881568628,61.94148634401749,100412.83249335106,1,0.12375833,0.39129895,150.1237583309412,0.39129895
22.60253164556962,114.05481012658227,150.0,21.59607881568628,61.94148634401749,100412.83249335106,1,0.17857693,0.52119255,150.17857693135738,0.52119255
22.60253164556962,114.05506329113923,150.0,21.59607881568628,61.94148634401749,100412.83249335106,1,0.087710075,0.48068655,150.0877100750804,0.48068655
22.60253164556962,114.0553164556962,150.0,21.59607881568628,61.94148634401749,100412.83249335106,1,0.2490319,0.5607111,150.24903190135956,0.5607111
22.60253164556962,114.05556962025317,150.0,21.59607881568628,61.94148634401749,100412.83249335106,1,-0.013170243,0.5139624,149.9868297567591,0.5139624
22.60253164556962,114.05582278481012,150.0,21.59607881568628,61.94148634401749,100412.83249335106,1,-0.16911513,0.6869159,149.83088487386703,0.6869159
22.60253164556962,114.05607594936708,150.0,21.59607881568628,61.94148634401749,100412.83249335106,1,0.26952168,0.40732086,150.2695216834545,0.40732086
22.60253164556962,114.05632911392405,150.0,21.59607881568628,61.94148634401749,100412.83249335106,1,0.07693758,0.63751715,150.07693757861853,0.63751715
22.60253164556962,114.056582278481,150.0,21.59607881568628,61.94148634401749,100412.83249335106,1,0.23856938,0.56568897,150.23856937885284,0.56568897
22.60253164556962,114.05683544303797,150.0,21.59607881568628,61.94148634401749,100412.83249335106,1,0.00067357544,0.5072393,150.00067357544322,0.5072393
22.60253164556962,114.05708860759493,150.0,21.59607881568628,61.94148634401749,100412.83249335106,1,0.09130517,0.6238072,150.09130516648293,0.6238072
22.60253164556962,114.0573417721519,150.0,21.59607881568628,61.94148634401749,100412.83249335106,1,0.08419569,0.5786031,150.0841956883669,0.5786031
22.60253164556962,114.05759493670885,150.0,21.59607881568628,61.94148634401749,100412.83249335106,1,-0.16909738,0.6330987,149.83090262115002,0.6330987
22.60253164556962,114.05784810126582,150.0,21.59607881568628,61.94148634401749,100412.83249335106,1,0.13422179,0.51157176,150.13422179222107,0.51157176
22.60253164556962,114.05810126582278,150.0,21.59607881568628,61.94148634401749,100412.83249335106,1,0.10304765,0.63882214,150.10304764658213,0.63882214
22.60253164556962,114.05835443037974,150.0,21.59607881568628,61.94148634401749,100412.83249335106,1,0.23396716,0.7479712,150.23396715521812,0.7479712
22.60253164556962,114.0586075949367,150.0,21.59607881568628,61.94148634401749,100412.83249335106,1,0.10909282,0.5488652,150.10909281671047,0.5488652
22.60253164556962,114.05886075949367,150.0,21.59607881568628,61.94148634401749,100412.83249335106,1,-0.1623515,0.8528992,149.83764849603176,0.8528992
22.60253164556962,114.05911392405064,150.0,21.59607881568628,61.94148634401749,100412.83249335106,1,0.06388774,0.47367203,150.0638877376914,0.47367203
22.60253164556962,114.05936708860759,150.0,21.59607881568628,61.94148634401749,100412.83249335106,1,0.20957328,0.46841782,150.20957328379154,0.46841782
22.60253164556962,114.05962025316455,150.0,21.59607881568628,61.94148634401749,100412.83249335106,1,-0.1492632,0.54599524,149.85073679685593,0.54599524
22.60253164556962,114.05987341772152,150.0,21.59607881568628,61.94148634401749,100412.83249335106,1,0.66456723,2.6522624,150.66456723213196,2.6522624
22.60253164556962,114.06012658227847,150.0,21.59607881568628,61.94148634401749,100412.83249335106,1,0.040425163,1.774866,150.0404251627624,1.774866
22.60253164556962,114.06037974683544,150.0,21.59607881568628,61.94148634401749,100412.83249335106,1,0.20365375,1.5576297,150.2036537528038,1.5576297
22.60253164556962,114.0606329113924,150.0,21.59607881568628,61.94148634401749,100412.83249335106,1,-0.1293758,0.6952443,149.87062419950962,0.6952443
22.60253164556962,114.06088607594936,150.0,21.59607881568628,61.94148634401749,100412.83249335106,1,1.7332368,11.370817,151.73323678970337,11.370817
22.60253164556962,114.06113924050632,150.0,21.59607881568628,61.94148634401749,100412.83249335106,1,0.8731954,7.703518,150.87319540977478,7.703518
22.60253164556962,114.06139240506329,150.0,21.59607881568628,61.94148634401749,100412.83249335106,1,-0.3400521,0.9636977,149.6599479019642,0.9636977
22.60253164556962,114.06164556962025,150.0,21.59607881568628,61.94148634401749,100412.83249335106,1,3.5149465,12.873163,153.51494646072388,12.873163
22.60253164556962,114.0618987341772,150.0,21.59607881568628,61.94148634401749,100412.83249335106,1,4.305037,14.96524,154.30503702163696,14.96524
22.60253164556962,114.06215189873417,150.0,21.59607881568628,61.94148634401749,100412.83249335106,1,7.1415486,15.815956,157.14154863357544,15.815956
22.60253164556962,114.06240506329114,150.0,21.59607881568628,61.94148634401749,100412.83249335106,1,14.715989,22.924625,164.715989112854,22.924625
22.60253164556962,114.06265822784809,150.0,21.59607881568628,61.94148634401749,100412.83249335106,1,10.654608,18.363008,160.65460777282715,18.363008
22.60253164556962,114.06291139240506,150.0,21.59607881568628,61.94148634401749,100412.83249335106,1,19.41166,25.869638,169.41165924072266,25.869638
22.60253164556962,114.06316455696202,150.0,21.59607881568628,61.94148634401749,100412.83249335106,1,13.836975,19.424992,163.83697509765625,19.424992
22.60253164556962,114.06341772151899,150.0,21.59607881568628,61.94148634401749,100412.83249335106,1,20.853617,24.678364,170.85361671447754,24.678364
22.60253164556962,114.06367088607594,150.0,21.59607881568628,61.94148634401749,100412.83249335106,1,25.483734,21.526794,175.48373413085938,21.526794
22.60253164556962,114.0639240506329,150.0,21.59607881568628,61.94148634401749,100412.83249335106,1,39.702282,28.86174,189.7022819519043,28.86174
22.60253164556962,114.06417721518987,150.0,21.59607881568628,61.94148634401749,100412.83249335106,1,44.572357,29.412506,194.57235717773438,29.412506
22.60253164556962,114.06443037974682,150.0,21.59607881568628,61.94148634401749,100412.83249335106,1,42.44682,25.245638,192.44681930541992,25.245638
22.60253164556962,114.06468354430379,150.0,21.59607881568628,61.94148634401749,100412.83249335106,1,54.779194,24.703636,204.77919387817383,24.703636
22.60253164556962,114.06493670886076,150.0,21.59607881568628,61.94148634401749,100412.83249335106,1,56.125134,24.560638,206.1251335144043,24.560638
22.60253164556962,114.06518987341772,150.0,21.59607881568628,61.94148634401749,100412.83249335106,1,69.28215,18.306072,219.2821502685547,18.306072
22.60253164556962,114.06544303797467,150.0,21.59607881568628,61.94148634401749,100412.83249335106,1,69.32837,21.673689,219.328369140625,21.673689
22.60253164556962,114.06569620253164,150.0,21.59607881568628,61.94148634401749,100412.83249335106,1,68.194626,25.52981,218.1946258544922,25.52981
22.60253164556962,114.0659493670886,150.0,21.59607881568628,61.94148634401749,100412.83249335106,1,75.76449,16.335052,225.76448822021484,16.335052
22.60253164556962,114.06620253164556,150.0,21.59607881568628,61.94148634401749,100412.83249335106,1,72.822586,18.74554,222.8225860595703,18.74554
22.60253164556962,114.06645569620252,150.0,21.59607881568628,61.94148634401749,100412.83249335106,1,83.676254,6.9155087,233.67625427246094,6.9155087
22.60253164556962,114.06670886075949,150.0,21.59607881568628,61.94148634401749,100412.83249335106,1,81.30982,11.606445,231.30982208251953,11.606445
22.60253164556962,114.06696202531644,150.0,21.59607881568628,61.94148634401749,100412.83249335106,1,86.96717,10.12295,236.96717071533203,10.12295
22.60253164556962,114.06721518987341,150.0,21.59607881568628,61.94148634401749,100412.83249335106,1,83.246994,11.240429,233.2469940185547,11.240429
22.60253164556962,114.06746835443037,150.0,21.59607881568628,61.94148634401749,100412.83249335106,1,87.61044,7.8735833,237.61044311523438,7.8735833
22.60253164556962,114.06772151898734,150.0,21.59607881568628,61.94148634401749,100412.83249335106,1,88.30599,7.023907,238.30599212646484,7.023907
22.60253164556962,114.06797468354429,150.0,21.59607881568628,61.94148634401749,100412.83249335106,1,87.85721,8.822742,237.85720825195312,8.822742
22.60253164556962,114.06822784810126,150.0,21.59607881568628,61.94148634401749,100412.83249335106,1,88.31621,7.1723294,238.3162078857422,7.1723294
22.60253164556962,114.06848101265822,150.0,21.59607881568628,61.94148634401749,100412.83249335106,1,92.01968,7.5935745,242.0196762084961,7.5935745
22.60253164556962,114.06873417721518,150.0,21.59607881568628,61.94148634401749,100412.83249335106,1,87.24867,9.111653,237.24867248535156,9.111653
22.60253164556962,114.06898734177214,150.0,21.59607881568628,61.94148634401749,100412.83249335106,1,95.20196,8.785338,245.20195770263672,8.785338
22.60253164556962,114.06924050632911,150.0,21.59607881568628,61.94148634401749,100412.83249335106,1,91.427986,15.843792,241.42798614501953,15.843792
22.60253164556962,114.06949367088608,150.0,21.59607881568628,61.94148634401749,100412.83249335106,1,94.029594,10.61017,244.02959442138672,10.61017
22.60253164556962,114.06974683544303,150.0,21.59607881568628,61.94148634401749,100412.83249335106,1,94.83704,10.187242,244.83704376220703,10.187242
22.60253164556962,114.07,150.0,21.59607881568628,61.94148634401749,100412.83249335106,1,95.423645,10.19337,245.42364501953125,10.19337
22.602784810126582,114.05,150.0,21.59607881568628,61.94148634401749,100412.83249335106,1,0.19833742,0.50442976,150.1983374208212,0.50442976
22.602784810126582,114.05025316455696,150.0,21.59607881568628,61.94148634401749,100412.83249335106,1,0.09189851,0.55505437,150.09189850836992,0.55505437
22.602784810126582,114.05050632911392,150.0,21.59607881568628,61.94148634401749,100412.83249335106,1,0.21764036,0.464134,150.21764035522938,0.464134
22.602784810126582,114.05075949367088,150.0,21.59607881568628,61.94148634401749,100412.83249335106,1,0.2199156,0.38420087,150.2199155986309,0.38420087
22.602784810126582,114.05101265822785,150.0,21.59607881568628,61.94148634401749,100412.83249335106,1,0.05826164,0.50141793,150.0582616403699,0.50141793
22.602784810126582,114.05126582278481,150.0,21.59607881568628,61.94148634401749,100412.83249335106,1,0.17088102,0.565057,150.17088101804256,0.565057
22.602784810126582,114.05151898734177,150.0,21.59607881568628,61.94148634401749,100412.83249335106,1,0.119063586,0.60650265,150.11906358599663,0.60650265
22.602784810126582,114.05177215189873,150.0,21.59607881568628,61.94148634401749,100412.83249335106,1,0.14735147,0.51045734,150.14735147356987,0.51045734
22.602784810126582,114.0520253164557,150.0,21.59607881568628,61.94148634401749,100412.83249335106,1,0.13959426,0.4706863,150.1395942568779,0.4706863
22.602784810126582,114.05227848101265,150.0,21.59607881568628,61.94148634401749,100412.83249335106,1,0.28864917,0.57481617,150.2886491715908,0.57481617
22.602784810126582,114.05253164556962,150.0,21.59607881568628,61.94148634401749,100412.83249335106,1,0.20860593,0.49146485,150.20860593020916,0.49146485
22.602784810126582,114.05278481012658,150.0,21.59607881568628,61.94148634401749,100412.83249335106,1,0.32434228,0.54443526,150.3243422806263,0.54443526
22.602784810126582,114.05303797468355,150.0,21.59607881568628,61.94148634401749,100412.83249335106,1,0.13001215,0.36067778,150.13001215457916,0.36067778
22.602784810126582,114.0532911392405,150.0,21.59607881568628,61.94148634401749,100412.83249335106,1,0.28163853,0.45205122,150.28163853287697,0.45205122
22.602784810126582,114.05354430379747,150.0,21.59607881568628,61.94148634401749,100412.83249335106,1,0.17450503,0.5785,150.1745050251484,0.5785
22.602784810126582,114.05379746835443,150.0,21.59607881568628,61.94148634401749,100412.83249335106,1,0.2383252,0.5130603,150.23832519352436,0.5130603
22.602784810126582,114.05405063291138,150.0,21.59607881568628,61.94148634401749,100412.83249335106,1,0.20145136,0.63027996,150.20145136117935,0.63027996
22.602784810126582,114.05430379746835,150.0,21.59607881568628,61.94148634401749,100412.83249335106,1,0.15702276,0.5464596,150.15702275931835,0.5464596
22.602784810126582,114.05455696202532,150.0,21.59607881568628,61.94148634401749,100412.83249335106,1,0.03441725,0.48945227,150.03441724926233,0.48945227
22.602784810126582,114.05481012658227,150.0,21.59607881568628,61.94148634401749,100412.83249335106,1,-0.045711502,0.50615734,149.95428849756718,0.50615734
22.602784810126582,114.05506329113923,150.0,21.59607881568628,61.94148634401749,100412.83249335106,1,0.11458711,0.5669071,150.11458711326122,0.5669071
22.602784810126582,114.0553164556962,150.0,21.59607881568628,61.94148634401749,100412.83249335106,1,0.09548004,0.517932,150.09548003971577,0.517932
22.602784810126582,114.05556962025317,150.0,21.59607881568628,61.94148634401749,100412.83249335106,1,0.0056184363,0.6634699,150.005618436262,0.6634699
22.602784810126582,114.05582278481012,150.0,21.59607881568628,61.94148634401749,100412.83249335106,1,-0.07525743,0.4924265,149.92474257200956,0.4924265
22.602784810126582,114.05607594936708,150.0,21.59607881568628,61.94148634401749,100412.83249335106,1,0.021741692,0.4689369,150.02174169197679,0.4689369
22.602784810126582,114.05632911392405,150.0,21.59607881568628,61.94148634401749,100412.83249335106,1,0.103703834,0.6558249,150.10370383411646,0.6558249
22.602784810126582,114.056582278481,150.0,21.59607881568628,61.94148634401749,100412.83249335106,1,-0.1474792,0.69650775,149.85252079367638,0.69650775
22.602784810126582,114.05683544303797,150.0,21.59607881568628,61.94148634401749,100412.83249335106,1,0.055939604,0.48049644,150.05593960359693,0.48049644
22.602784810126582,114.05708860759493,150.0,21.59607881568628,61.94148634401749,100412.83249335106,1,-0.14238033,0.49139205,149.8576196730137,0.49139205
22.602784810126582,114.0573417721519,150.0,21.59607881568628,61.94148634401749,100412.83249335106,1,-0.09805599,0.5170813,149.9019440114498,0.5170813
22.602784810126582,114.05759493670885,150.0,21.59607881568628,61.94148634401749,100412.83249335106,1,-0.08588861,0.54889554,149.91411139070988,0.54889554
22.602784810126582,114.05784810126582,150.0,21.59607881568628,61.94148634401749,100412.83249335106,1,0.19259575,0.47725588,150.19259575009346,0.47725588
22.602784810126582,114.05810126582278,150.0,21.59607881568628,61.94148634401749,100412.83249335106,1,-0.11290696,0.7925636,149.88709303736687,0.7925636
22.602784810126582,114.05835443037974,150.0,21.59607881568628,61.94148634401749,100412.83249335106,1,-0.07555914,0.8293183,149.9244408607483,0.8293183
22.602784810126582,114.0586075949367,150.0,21.59607881568628,61.94148634401749,100412.83249335106,1,-0.16082087,0.7083568,149.83917912840843,0.7083568
22.602784810126582,114.05886075949367,150.0,21.59607881568628,61.94148634401749,100412.83249335106,1,0.22073862,0.6035719,150.22073861956596,0.6035719
22.602784810126582,114.05911392405064,150.0,21.59607881568628,61.94148634401749,100412.83249335106,1,-0.026011106,0.58631766,149.97398889437318,0.58631766
22.602784810126582,114.05936708860759,150.0,21.59607881568628,61.94148634401749,100412.83249335106,1,0.026746118,0.6486054,150.02674611844122,0.6486054
22.602784810126582,114.05962025316455,150.0,21.59607881568628,61.94148634401749,100412.83249335106,1,-0.2686105,0.7918223,149.73138949275017,0.7918223
22.602784810126582,114.05987341772152,150.0,21.59607881568628,61.94148634401749,100412.83249335106,1,-0.17347237,0.8171417,149.82652762532234,0.8171417
22.602784810126582,114.06012658227847,150.0,21.59607881568628,61.94148634401749,100412.83249335106,1,1.1138535,4.0139623,151.11385345458984,4.0139623
22.602784810126582,114.06037974683544,150.0,21.59607881568628,61.94148634401749,100412.83249335106,1,-0.30362192,0.7162325,149.69637808203697,0.7162325
22.602784810126582,114.0606329113924,150.0,21.59607881568628,61.94148634401749,100412.83249335106,1,-0.22825254,0.715993,149.77174745500088,0.715993
22.602784810126582,114.06088607594936,150.0,21.59607881568628,61.94148634401749,100412.83249335106,1,0.15881957,1.791385,150.15881957113743,1.791385
22.602784810126582,114.06113924050632,150.0,21.59607881568628,61.94148634401749,100412.83249335106,1,0.77131414,4.1829505,150.77131414413452,4.1829505
22.602784810126582,114.06139240506329,150.0,21.59607881568628,61.94148634401749,100412.83249335106,1,3.7924864,11.380755,153.79248642921448,11.380755
22.602784810126582,114.06164556962025,150.0,21.59607881568628,61.94148634401749,100412.83249335106,1,0.579217,5.6390305,150.57921701669693,5.6390305
22.602784810126582,114.0618987341772,150.0,21.59607881568628,61.94148634401749,100412.83249335106,1,2.7784228,6.746247,152.778422832489,6.746247
22.602784810126582,114.06215189873417,150.0,21.59607881568628,61.94148634401749,100412.83249335106,1,7.400923,14.14935,157.40092277526855,14.14935
22.602784810126582,114.06240506329114,150.0,21.59607881568628,61.94148634401749,100412.83249335106,1,14.195819,24.957626,164.195818901062,24.957626
22.602784810126582,114.06265822784809,150.0,21.59607881568628,61.94148634401749,100412.83249335106,1,16.1905,18.490448,166.1905002593994,18.490448
22.602784810126582,114.06291139240506,150.0,21.59607881568628,61.94148634401749,100412.83249335106,1,7.9019113,13.296738,157.9019112586975,13.296738
22.602784810126582,114.06316455696202,150.0,21.59607881568628,61.94148634401749,100412.83249335106,1,23.453789,20.704958,173.45378875732422,20.704958
22.602784810126582,114.06341772151899,150.0,21.59607881568628,61.94148634401749,100412.83249335106,1,23.954191,24.564743,173.95419120788574,24.564743
22.602784810126582,114.06367088607594,150.0,21.59607881568628,61.94148634401749,100412.83249335106,1,32.501823,27.80074,182.50182342529297,27.80074
22.602784810126582,114.0639240506329,150.0,21.59607881568628,61.94148634401749,100412.83249335106,1,42.916954,23.1208,192.91695404052734,23.1208
22.602784810126582,114.06417721518987,150.0,21.59607881568628,61.94148634401749,100412.83249335106,1,45.170757,24.789785,195.17075729370117,24.789785
22.602784810126582,114.06443037974682,150.0,21.59607881568628,61.94148634401749,100412.83249335106,1,43.466263,28.035992,193.4662628173828,28.035992
22.602784810126582,114.06468354430379,150.0,21.59607881568628,61.94148634401749,100412.83249335106,1,56.96501,21.823154,206.9650115966797,21.823154
22.602784810126582,114.06493670886076,150.0,21.59607881568628,61.94148634401749,100412.83249335106,1,67.49828,16.790976,217.49828338623047,16.790976
22.602784810126582,114.06518987341772,150.0,21.59607881568628,61.94148634401749,100412.83249335106,1,71.08335,15.060368,221.0833511352539,15.060368
22.602784810126582,114.06544303797467,150.0,21.59607881568628,61.94148634401749,100412.83249335106,1,69.95211,16.494587,219.95211029052734,16.494587
22.602784810126582,114.06569620253164,150.0,21.59607881568628,61.94148634401749,100412.83249335106,1,68.05694,19.674028,218.05693817138672,19.674028
22.602784810126582,114.0659493670886,150.0,21.59607881568628,61.94148634401749,100412.83249335106,1,82.92731,8.599346,232.92730712890625,8.599346
22.602784810126582,114.06620253164556,150.0,21.59607881568628,61.94148634401749,100412.83249335106,1,80.72034,8.01763,230.7203369140625,8.01763
22.602784810126582,114.06645569620252,150.0,21.59607881568628,61.94148634401749,100412.83249335106,1,83.26566,8.546895,233.26566314697266,8.546895
22.602784810126582,114.06670886075949,150.0,21.59607881568628,61.94148634401749,100412.83249335106,1,80.29413,8.895351,230.29412841796875,8.895351
22.602784810126582,114.06696202531644,150.0,21.59607881568628,61.94148634401749,100412.83249335106,1,83.213905,12.671785,233.21390533447266,12.671785
22.602784810126582,114.06721518987341,150.0,21.59607881568628,61.94148634401749,100412.83249335106,1,81.77111,10.378506,231.77111053466797,10.378506
22.602784810126582,114.06746835443037,150.0,21.59607881568628,61.94148634401749,100412.83249335106,1,88.8651,13.537492,238.86509704589844,13.537492
22.602784810126582,114.06772151898734,150.0,21.59607881568628,61.94148634401749,100412.83249335106,1,85.47031,15.914901,235.47030639648438,15.914901
22.602784810126582,114.06797468354429,150.0,21.59607881568628,61.94148634401749,100412.83249335106,1,93.643166,7.8055587,243.6431655883789,7.8055587
22.602784810126582,114.06822784810126,150.0,21.59607881568628,61.94148634401749,100412.83249335106,1,88.49081,7.3200626,238.49080657958984,7.3200626
22.602784810126582,114.06848101265822,150.0,21.59607881568628,61.94148634401749,100412.83249335106,1,92.68264,8.025162,242.6826400756836,8.025162
22.602784810126582,114.06873417721518,150.0,21.59607881568628,61.94148634401749,100412.83249335106,1,93.24614,10.909826,243.2461395263672,10.909826
22.602784810126582,114.06898734177214,150.0,21.59607881568628,61.94148634401749,100412.83249335106,1,93.16731,12.084403,243.1673126220703,12.084403
22.602784810126582,114.06924050632911,150.0,21.59607881568628,61.94148634401749,100412.83249335106,1,91.435036,9.532754,241.4350357055664,9.532754
22.602784810126582,114.06949367088608,150.0,21.59607881568628,61.94148634401749,100412.83249335106,1,94.38942,9.093676,244.38941955566406,9.093676
22.602784810126582,114.06974683544303,150.0,21.59607881568628,61.94148634401749,100412.83249335106,1,95.55953,9.250641,245.55953216552734,9.250641
22.602784810126582,114.07,150.0,21.59607881568628,61.94148634401749,100412.83249335106,1,96.463905,10.240687,246.46390533447266,10.240687
22.603037974683545,114.05,150.0,21.59607881568628,61.94148634401749,100412.83249335106,1,0.27044716,0.44577074,150.27044716477394,0.44577074
22.603037974683545,114.05025316455696,150.0,21.59607881568628,61.94148634401749,100412.83249335106,1,0.14723635,0.6149913,150.1472363471985,0.6149913
22.603037974683545,114.05050632911392,150.0,21.59607881568628,61.94148634401749,100412.83249335106,1,0.21260016,0.3867008,150.21260015666485,0.3867008
22.603037974683545,114.05075949367088,150.0,21.59607881568628,61.94148634401749,100412.83249335106,1,0.25387448,0.43093306,150.25387448072433,0.43093306
22.603037974683545,114.05101265822785,150.0,21.59607881568628,61.94148634401749,100412.83249335106,1,0.18077561,0.37402526,150.1807756125927,0.37402526
22.603037974683545,114.05126582278481,150.0,21.59607881568628,61.94148634401749,100412.83249335106,1,0.17466907,0.34885332,150.17466907203197,0.34885332
22.603037974683545,114.05151898734177,150.0,21.59607881568628,61.94148634401749,100412.83249335106,1,0.37829408,0.3664112,150.37829408049583,0.3664112
22.603037974683545,114.05177215189873,150.0,21.59607881568628,61.94148634401749,100412.83249335106,1,0.21708788,0.47998595,150.21708787977695,0.47998595
22.603037974683545,114.0520253164557,150.0,21.59607881568628,61.94148634401749,100412.83249335106,1,0.220802,0.44099364,150.22080199420452,0.44099364
22.603037974683545,114.05227848101265,150.0,21.59607881568628,61.94148634401749,100412.83249335106,1,0.16758391,0.49613634,150.167583912611,0.49613634
22.603037974683545,114.05253164556962,150.0,21.59607881568628,61.94148634401749,100412.83249335106,1,0.13834448,0.49744445,150.1383444815874,0.49744445
22.603037974683545,114.05278481012658,150.0,21.59607881568628,61.94148634401749,100412.83249335106,1,0.22827107,0.49806455,150.2282710671425,0.49806455
22.603037974683545,114.05303797468355,150.0,21.59607881568628,61.94148634401749,100412.83249335106,1,0.18172,0.48977354,150.18172000348568,0.48977354
22.603037974683545,114.0532911392405,150.0,21.59607881568628,61.94148634401749,100412.83249335106,1,0.10520302,0.4912878,150.10520301759243,0.4912878
22.603037974683545,114.05354430379747,150.0,21.59607881568628,61.94148634401749,100412.83249335106,1,0.21283509,0.50414854,150.21283508837223,0.50414854
22.603037974683545,114.05379746835443,150.0,21.59607881568628,61.94148634401749,100412.83249335106,1,0.0900291,0.5586761,150.0900290980935,0.5586761
22.603037974683545,114.05405063291138,150.0,21.59607881568628,61.94148634401749,100412.83249335106,1,0.025224948,0.6340493,150.0252249483019,0.6340493
22.603037974683545,114.05430379746835,150.0,21.59607881568628,61.94148634401749,100412.83249335106,1,-0.014451692,0.68833935,149.98554830811918,0.68833935
22.603037974683545,114.05455696202532,150.0,21.59607881568628,61.94148634401749,100412.83249335106,1,0.04498709,0.43057075,150.04498708993196,0.43057075
22.603037974683545,114.05481012658227,150.0,21.59607881568628,61.94148634401749,100412.83249335106,1,0.19511087,0.52304405,150.1951108723879,0.52304405
22.603037974683545,114.05506329113923,150.0,21.59607881568628,61.94148634401749,100412.83249335106,1,0.07807303,0.48641923,150.07807303220034,0.48641923
22.603037974683545,114.0553164556962,150.0,21.59607881568628,61.94148634401749,100412.83249335106,1,-0.057657503,0.45311537,149.9423424974084,0.45311537
22.603037974683545,114.05556962025317,150.0,21.59607881568628,61.94148634401749,100412.83249335106,1,0.05185143,0.45331886,150.0518514290452,0.45331886
22.603037974683545,114.05582278481012,150.0,21.59607881568628,61.94148634401749,100412.83249335106,1,-0.03690325,0.6096522,149.9630967490375,0.6096522
22.603037974683545,114.05607594936708,150.0,21.59607881568628,61.94148634401749,100412.83249335106,1,0.123998664,0.46966547,150.12399866431952,0.46966547
22.603037974683545,114.05632911392405,150.0,21.59607881568628,61.94148634401749,100412.83249335106,1,0.17194954,0.4927389,150.1719495356083,0.4927389
22.603037974683545,114.056582278481,150.0,21.59607881568628,61.94148634401749,100412.83249335106,1,-0.080116466,0.629791,149.91988353431225,0.629791
22.603037974683545,114.05683544303797,150.0,21.59607881568628,61.94148634401749,100412.83249335106,1,0.06424196,0.5606564,150.06424196064472,0.5606564
22.603037974683545,114.05708860759493,150.0,21.59607881568628,61.94148634401749,100412.83249335106,1,-0.02377606,0.6110257,149.97622394002974,0.6110257
22.603037974683545,114.0573417721519,150.0,21.59607881568628,61.94148634401749,100412.83249335106,1,0.03224504,0.5756617,150.03224503993988,0.5756617
22.603037974683545,114.05759493670885,150.0,21.59607881568628,61.94148634401749,100412.83249335106,1,-0.14113684,0.7261212,149.85886316001415,0.7261212
22.603037974683545,114.05784810126582,150.0,21.59607881568628,61.94148634401749,100412.83249335106,1,0.03193676,0.6905188,150.0319367609918,0.6905188
22.603037974683545,114.05810126582278,150.0,21.59607881568628,61.94148634401749,100412.83249335106,1,-0.23896143,0.667064,149.76103857159615,0.667064
22.603037974683545,114.05835443037974,150.0,21.59607881568628,61.94148634401749,100412.83249335106,1,-0.0826057,0.44671944,149.9173943027854,0.44671944
22.603037974683545,114.0586075949367,150.0,21.59607881568628,61.94148634401749,100412.83249335106,1,-0.1571946,0.6489301,149.84280540049076,0.6489301
22.603037974683545,114.05886075949367,150.0,21.59607881568628,61.94148634401749,100412.83249335106,1,0.08679406,0.68717736,150.0867940634489,0.68717736
22.603037974683545,114.05911392405064,150.0,21.59607881568628,61.94148634401749,100412.83249335106,1,-0.1598515,0.7930026,149.84014849364758,0.7930026
22.603037974683545,114.05936708860759,150.0,21.59607881568628,61.94148634401749,100412.83249335106,1,-0.2602128,0.63890773,149.73978719115257,0.63890773
22.603037974683545,114.05962025316455,150.0,21.59607881568628,61.94148634401749,100412.83249335106,1,0.33934426,2.7501612,150.33934426307678,2.7501612
22.603037974683545,114.05987341772152,150.0,21.59607881568628,61.94148634401749,100412.83249335106,1,-0.27797455,0.938355,149.72202545404434,0.938355
22.603037974683545,114.06012658227847,150.0,21.59607881568628,61.94148634401749,100412.83249335106,1,-0.1849826,0.6723632,149.8150174021721,0.6723632
22.603037974683545,114.06037974683544,150.0,21.59607881568628,61.94148634401749,100412.83249335106,1,0.57926565,4.239431,150.57926565408707,4.239431
22.603037974683545,114.0606329113924,150.0,21.59607881568628,61.94148634401749,100412.83249335106,1,-0.58902466,0.96815175,149.4109753370285,0.96815175
22.603037974683545,114.06088607594936,150.0,21.59607881568628,61.94148634401749,100412.83249335106,1,0.31654498,2.8286467,150.31654497981071,2.8286467
22.603037974683545,114.06113924050632,150.0,21.59607881568628,61.94148634401749,100412.83249335106,1,1.8181889,6.6614776,151.81818890571594,6.6614776
22.603037974683545,114.06139240506329,150.0,21.59607881568628,61.94148634401749,100412.83249335106,1,2.8123114,11.195427,152.81231141090393,11.195427
22.603037974683545,114.06164556962025,150.0,21.59607881568628,61.94148634401749,100412.83249335106,1,3.7260158,11.763486,153.72601580619812,11.763486
22.603037974683545,114.0618987341772,150.0,21.59607881568628,61.94148634401749,100412.83249335106,1,7.760263,15.887961,157.760262966156,15.887961
22.603037974683545,114.06215189873417,150.0,21.59607881568628,61.94148634401749,100412.83249335106,1,6.641896,13.020602,156.6418957710266,13.020602
22.603037974683545,114.06240506329114,150.0,21.59607881568628,61.94148634401749,100412.83249335106,1,13.459336,17.489086,163.45933628082275,17.489086
22.603037974683545,114.06265822784809,150.0,21.59607881568628,61.94148634401749,100412.83249335106,1,15.085288,19.520775,165.08528804779053,19.520775
22.603037974683545,114.06291139240506,150.0,21.59607881568628,61.94148634401749,100412.83249335106,1,13.595549,15.211045,163.59554862976074,15.211045
22.603037974683545,114.06316455696202,150.0,21.59607881568628,61.94148634401749,100412.83249335106,1,25.495842,21.316532,175.49584197998047,21.316532
22.603037974683545,114.06341772151899,150.0,21.59607881568628,61.94148634401749,100412.83249335106,1,37.21237,23.491041,187.21237182617188,23.491041
22.603037974683545,114.06367088607594,150.0,21.59607881568628,61.94148634401749,100412.83249335106,1,37.079227,25.68869,187.07922744750977,25.68869
22.603037974683545,114.0639240506329,150.0,21.59607881568628,61.94148634401749,100412.83249335106,1,45.32349,25.29889,195.32349014282227,25.29889
22.603037974683545,114.06417721518987,150.0,21.59607881568628,61.94148634401749,100412.83249335106,1,54.004765,20.738125,204.00476455688477,20.738125
22.603037974683545,114.06443037974682,150.0,21.59607881568628,61.94148634401749,100412.83249335106,1,63.34365,22.958714,213.3436508178711,22.958714
22.603037974683545,114.06468354430379,150.0,21.59607881568628,61.94148634401749,100412.83249335106,1,61.27097,20.47372,211.27096939086914,20.47372
22.603037974683545,114.06493670886076,150.0,21.59607881568628,61.94148634401749,100412.83249335106,1,62.398907,25.580877,212.39890670776367,25.580877
22.603037974683545,114.06518987341772,150.0,21.59607881568628,61.94148634401749,100412.83249335106,1,70.33617,11.843926,220.33616638183594,11.843926
22.603037974683545,114.06544303797467,150.0,21.59607881568628,61.94148634401749,100412.83249335106,1,72.687454,13.832268,222.6874542236328,13.832268
22.603037974683545,114.06569620253164,150.0,21.59607881568628,61.94148634401749,100412.83249335106,1,70.36948,17.916653,220.36947631835938,17.916653
22.603037974683545,114.0659493670886,150.0,21.59607881568628,61.94148634401749,100412.83249335106,1,76.86487,8.276269,226.8648681640625,8.276269
22.603037974683545,114.06620253164556,150.0,21.59607881568628,61.94148634401749,100412.83249335106,1,82.56088,7.980431,232.56088256835938,7.980431
22.603037974683545,114.06645569620252,150.0,21.59607881568628,61.94148634401749,100412.83249335106,1,82.71387,11.701998,232.7138671875,11.701998
22.603037974683545,114.06670886075949,150.0,21.59607881568628,61.94148634401749,100412.83249335106,1,76.29396,16.519861,226.29396057128906,16.519861
22.603037974683545,114.06696202531644,150.0,21.59607881568628,61.94148634401749,100412.83249335106,1,83.84693,7.4984446,233.84693145751953,7.4984446
22.603037974683545,114.06721518987341,150.0,21.59607881568628,61.94148634401749,100412.83249335106,1,83.94075,7.8700404,233.9407501220703,7.8700404
22.603037974683545,114.06746835443037,150.0,21.59607881568628,61.94148634401749,100412.83249335106,1,84.11361,11.428212,234.11360931396484,11.428212
22.603037974683545,114.06772151898734,150.0,21.59607881568628,61.94148634401749,100412.83249335106,1,86.030685,6.866909,236.0306854248047,6.866909
22.603037974683545,114.06797468354429,150.0,21.59607881568628,61.94148634401749,100412.83249335106,1,85.757645,9.350272,235.7576446533203,9.350272
22.603037974683545,114.06822784810126,150.0,21.59607881568628,61.94148634401749,100412.83249335106,1,88.813385,8.83345,238.81338500976562,8.83345
22.603037974683545,114.06848101265822,150.0,21.59607881568628,61.94148634401749,100412.83249335106,1,87.91866,7.9943194,237.91866302490234,7.9943194
22.603037974683545,114.06873417721518,150.0,21.59607881568628,61.94148634401749,100412.83249335106,1,92.58504,6.1660404,242.5850372314453,6.1660404
22.603037974683545,114.06898734177214,150.0,21.59607881568628,61.94148634401749,100412.83249335106,1,88.80479,8.528777,238.8047866821289,8.528777
22.603037974683545,114.06924050632911,150.0,21.59607881568628,61.94148634401749,100412.83249335106,1,90.72592,6.36286,240.72592163085938,6.36286
22.603037974683545,114.06949367088608,150.0,21.59607881568628,61.94148634401749,100412.83249335106,1,93.72046,7.7944145,243.720458984375,7.7944145
22.603037974683545,114.06974683544303,150.0,21.59607881568628,61.94148634401749,100412.83249335106,1,94.87064,10.472864,244.87064361572266,10.472864
22.603037974683545,114.07,150.0,21.59607881568628,61.94148634401749,100412.83249335106,1,92.45795,8.814067,242.45794677734375,8.814067
22.603291139240508,114.05,150.0,21.59607881568628,61.94148634401749,100412.83249335106,1,0.11310708,0.5073416,150.11310707777739,0.5073416
22.603291139240508,114.05025316455696,150.0,21.59607881568628,61.94148634401749,100412.83249335106,1,0.3088304,0.5041362,150.30883041024208,0.5041362
22.603291139240508,114.05050632911392,150.0,21.59607881568628,61.94148634401749,100412.83249335106,1,0.038976777,0.7721022,150.03897677734494,0.7721022
22.603291139240508,114.05075949367088,150.0,21.59607881568628,61.94148634401749,100412.83249335106,1,0.043491945,0.57862574,150.04349194467068,0.57862574
22.603291139240508,114.05101265822785,150.0,21.59607881568628,61.94148634401749,100412.83249335106,1,0.23563224,0.3544571,150.23563224077225,0.3544571
22.603291139240508,114.05126582278481,150.0,21.59607881568628,61.94148634401749,100412.83249335106,1,0.12270748,0.538095,150.12270747870207,0.538095
22.603291139240508,114.05151898734177,150.0,21.59607881568628,61.94148634401749,100412.83249335106,1,0.099201694,0.5763331,150.0992016941309,0.5763331
22.603291139240508,114.05177215189873,150.0,21.59607881568628,61.94148634401749,100412.83249335106,1,0.3419687,0.4795152,150.34196868538857,0.4795152
22.603291139240508,114.0520253164557,150.0,21.59607881568628,61.94148634401749,100412.83249335106,1,0.35708115,0.45437244,150.35708114504814,0.45437244
22.603291139240508,114.05227848101265,150.0,21.59607881568628,61.94148634401749,100412.83249335106,1,0.23879017,0.5765324,150.23879016935825,0.5765324
22.603291139240508,114.05253164556962,150.0,21.59607881568628,61.94148634401749,100412.83249335106,1,0.09927511,0.45663851,150.0992751121521,0.45663851
22.603291139240508,114.05278481012658,150.0,21.59607881568628,61.94148634401749,100412.83249335106,1,0.17325723,0.42859945,150.17325723171234,0.42859945
22.603291139240508,114.05303797468355,150.0,21.59607881568628,61.94148634401749,100412.83249335106,1,0.058576412,0.57530135,150.05857641249895,0.57530135
22.603291139240508,114.0532911392405,150.0,21.59607881568628,61.94148634401749,100412.83249335106,1,0.31419218,0.5043052,150.31419217586517,0.5043052
22.603291139240508,114.05354430379747,150.0,21.59607881568628,61.94148634401749,100412.83249335106,1,0.062176757,0.5710755,150.0621767565608,0.5710755
22.603291139240508,114.05379746835443,150.0,21.59607881568628,61.94148634401749,100412.83249335106,1,0.16084261,0.47027045,150.16084261238575,0.47027045
22.603291139240508,114.05405063291138,150.0,21.59607881568628,61.94148634401749,100412.83249335106,1,0.21116462,0.58564496,150.21116462349892,0.58564496
22.603291139240508,114.05430379746835,150.0,21.59607881568628,61.94148634401749,100412.83249335106,1,-0.015326665,0.4547299,149.98467333521694,0.4547299
22.603291139240508,114.05455696202532,150.0,21.59607881568628,61.94148634401749,100412.83249335106,1,0.25923485,0.48102936,150.25923484563828,0.48102936
22.603291139240508,114.05481012658227,150.0,21.59607881568628,61.94148634401749,100412.83249335106,1,0.21651576,0.46046764,150.21651576459408,0.46046764
22.603291139240508,114.05506329113923,150.0,21.59607881568628,61.94148634401749,100412.83249335106,1,0.057809796,0.5764101,150.0578097961843,0.5764101
22.603291139240508,114.0553164556962,150.0,21.59607881568628,61.94148634401749,100412.83249335106,1,0.27308318,0.52248824,150.27308318018913,0.52248824
22.603291139240508,114.05556962025317,150.0,21.59607881568628,61.94148634401749,100412.83249335106,1,0.0073160846,0.63952565,150.00731608457863,0.63952565
22.603291139240508,114.05582278481012,150.0,21.59607881568628,61.94148634401749,100412.83249335106,1,0.23375477,0.4738057,150.23375476896763,0.4738057
22.603291139240508,114.05607594936708,150.0,21.59607881568628,61.94148634401749,100412.83249335106,1,0.16671264,0.48479643,150.166712641716,0.48479643
22.603291139240508,114.05632911392405,150.0,21.59607881568628,61.94148634401749,100412.83249335106,1,0.19351314,0.4711585,150.19351314008236,0.4711585
22.603291139240508,114.056582278481,150.0,21.59607881568628,61.94148634401749,100412.83249335106,1,0.119307496,0.5149899,150.11930749565363,0.5149899
22.603291139240508,114.05683544303797,150.0,21.59607881568628,61.94148634401749,100412.83249335106,1,-0.01251969,0.5764994,149.98748030979186,0.5764994
22.603291139240508,114.05708860759493,150.0,21.59607881568628,61.94148634401749,100412.83249335106,1,0.29804012,0.47114012,150.29804012179375,0.47114012
22.603291139240508,114.0573417721519,150.0,21.59607881568628,61.94148634401749,100412.83249335106,1,0.044139102,0.54581785,150.04413910210133,0.54581785
22.603291139240508,114.05759493670885,150.0,21.59607881568628,61.94148634401749,100412.83249335106,1,-0.024079164,0.540235,149.9759208355099,0.540235
22.603291139240508,114.05784810126582,150.0,21.59607881568628,61.94148634401749,100412.83249335106,1,0.13297778,0.4694126,150.13297778367996,0.4694126
22.603291139240508,114.05810126582278,150.0,21.59607881568628,61.94148634401749,100412.83249335106,1,0.086200036,0.5472735,150.0862000361085,0.5472735
22.603291139240508,114.05835443037974,150.0,21.59607881568628,61.94148634401749,100412.83249335106,1,0.06419221,0.521982,150.06419221311808,0.521982
22.603291139240508,114.0586075949367,150.0,21.59607881568628,61.94148634401749,100412.83249335106,1,-0.06799957,0.6641345,149.9320004284382,0.6641345
22.603291139240508,114.05886075949367,150.0,21.59607881568628,61.94148634401749,100412.83249335106,1,-0.020527057,0.47398862,149.97947294265032,0.47398862
22.603291139240508,114.05911392405064,150.0,21.59607881568628,61.94148634401749,100412.83249335106,1,-0.10661012,0.60555905,149.8933898806572,0.60555905
22.603291139240508,114.05936708860759,150.0,21.59607881568628,61.94148634401749,100412.83249335106,1,-0.20588279,0.68541574,149.79411721229553,0.68541574
22.603291139240508,114.05962025316455,150.0,21.59607881568628,61.94148634401749,100412.83249335106,1,0.13171378,1.2460606,150.13171377778053,1.2460606
22.603291139240508,114.05987341772152,150.0,21.59607881568628,61.94148634401749,100412.83249335106,1,-0.452949,0.81333727,149.54705101251602,0.81333727
22.603291139240508,114.06012658227847,150.0,21.59607881568628,61.94148634401749,100412.83249335106,1,-0.3022182,0.5856115,149.69778180122375,0.5856115
22.603291139240508,114.06037974683544,150.0,21.59607881568628,61.94148634401749,100412.83249335106,1,-0.60014445,0.7218581,149.39985555410385,0.7218581
22.603291139240508,114.0606329113924,150.0,21.59607881568628,61.94148634401749,100412.83249335106,1,1.4346561,4.352908,151.43465614318848,4.352908
22.603291139240508,114.06088607594936,150.0,21.59607881568628,61.94148634401749,100412.83249335106,1,0.093229525,1.14617,150.09322952479124,1.14617
22.603291139240508,114.06113924050632,150.0,21.59607881568628,61.94148634401749,100412.83249335106,1,2.3881936,6.642663,152.38819360733032,6.642663
22.603291139240508,114.06139240506329,150.0,21.59607881568628,61.94148634401749,100412.83249335106,1,0.92755544,3.201704,150.92755544185638,3.201704
22.603291139240508,114.06164556962025,150.0,21.59607881568628,61.94148634401749,100412.83249335106,1,8.972321,12.08502,158.97232055664062,12.08502
22.603291139240508,114.0618987341772,150.0,21.59607881568628,61.94148634401749,100412.83249335106,1,8.549724,14.34281,158.5497236251831,14.34281
22.603291139240508,114.06215189873417,150.0,21.59607881568628,61.94148634401749,100412.83249335106,1,13.880752,16.12887,163.88075160980225,16.12887
22.603291139240508,114.06240506329114,150.0,21.59607881568628,61.94148634401749,100412.83249335106,1,21.388508,19.069382,171.38850784301758,19.069382
22.603291139240508,114.06265822784809,150.0,21.59607881568628,61.94148634401749,100412.83249335106,1,19.411293,20.281496,169.41129302978516,20.281496
22.603291139240508,114.06291139240506,150.0,21.59607881568628,61.94148634401749,100412.83249335106,1,29.663021,22.432526,179.66302108764648,22.432526
22.603291139240508,114.06316455696202,150.0,21.59607881568628,61.94148634401749,100412.83249335106,1,32.27002,20.582943,182.27001953125,20.582943
22.603291139240508,114.06341772151899,150.0,21.59607881568628,61.94148634401749,100412.83249335106,1,42.426235,20.31572,192.4262351989746,20.31572
22.603291139240508,114.06367088607594,150.0,21.59607881568628,61.94148634401749,100412.83249335106,1,40.86378,21.822374,190.8637809753418,21.822374
22.603291139240508,114.0639240506329,150.0,21.59607881568628,61.94148634401749,100412.83249335106,1,46.29296,26.209366,196.29296112060547,26.209366
22.603291139240508,114.06417721518987,150.0,21.59607881568628,61.94148634401749,100412.83249335106,1,53.30731,20.298698,203.30730819702148,20.298698
22.603291139240508,114.06443037974682,150.0,21.59607881568628,61.94148634401749,100412.83249335106,1,59.586006,13.396963,209.58600616455078,13.396963
22.603291139240508,114.06468354430379,150.0,21.59607881568628,61.94148634401749,100412.83249335106,1,61.929035,14.855731,211.92903518676758,14.855731
22.603291139240508,114.06493670886076,150.0,21.59607881568628,61.94148634401749,100412.83249335106,1,67.16179,17.06725,217.1617889404297,17.06725
22.603291139240508,114.06518987341772,150.0,21.59607881568628,61.94148634401749,100412.83249335106,1,68.0922,11.919575,218.09220123291016,11.919575
22.603291139240508,114.06544303797467,150.0,21.59607881568628,61.94148634401749,100412.83249335106,1,67.87441,15.770517,217.8744125366211,15.770517
22.603291139240508,114.06569620253164,150.0,21.59607881568628,61.94148634401749,100412.83249335106,1,72.49936,15.311753,222.49935913085938,15.311753
22.603291139240508,114.0659493670886,150.0,21.59607881568628,61.94148634401749,100412.83249335106,1,78.976425,7.8195524,228.97642517089844,7.8195524
22.603291139240508,114.06620253164556,150.0,21.59607881568628,61.94148634401749,100412.83249335106,1,74.57829,7.3277674,224.5782928466797,7.3277674
22.603291139240508,114.06645569620252,150.0,21.59607881568628,61.94148634401749,100412.83249335106,1,80.70229,7.8818536,230.7022933959961,7.8818536
22.603291139240508,114.06670886075949,150.0,21.59607881568628,61.94148634401749,100412.83249335106,1,82.54533,6.3753343,232.54532623291016,6.3753343
22.603291139240508,114.06696202531644,150.0,21.59607881568628,61.94148634401749,100412.83249335106,1,82.38646,5.8818126,232.38645935058594,5.8818126
22.603291139240508,114.06721518987341,150.0,21.59607881568628,61.94148634401749,100412.83249335106,1,82.03575,10.00967,232.03575134277344,10.00967
22.603291139240508,114.06746835443037,150.0,21.59607881568628,61.94148634401749,100412.83249335106,1,84.80542,6.4004445,234.805419921875,6.4004445
22.603291139240508,114.06772151898734,150.0,21.59607881568628,61.94148634401749,100412.83249335106,1,87.3862,6.091079,237.38619995117188,6.091079
22.603291139240508,114.06797468354429,150.0,21.59607881568628,61.94148634401749,100412.83249335106,1,85.55315,6.7831907,235.5531463623047,6.7831907
22.603291139240508,114.06822784810126,150.0,21.59607881568628,61.94148634401749,100412.83249335106,1,85.51311,7.205436,235.5131072998047,7.205436
22.603291139240508,114.06848101265822,150.0,21.59607881568628,61.94148634401749,100412.83249335106,1,87.46243,5.012161,237.46243286132812,5.012161
22.603291139240508,114.06873417721518,150.0,21.59607881568628,61.94148634401749,100412.83249335106,1,87.567444,9.410184,237.56744384765625,9.410184
22.603291139240508,114.06898734177214,150.0,21.59607881568628,61.94148634401749,100412.83249335106,1,92.6926,9.398263,242.69259643554688,9.398263
22.603291139240508,114.06924050632911,150.0,21.59607881568628,61.94148634401749,100412.83249335106,1,89.91877,9.268572,239.91876983642578,9.268572
22.603291139240508,114.06949367088608,150.0,21.59607881568628,61.94148634401749,100412.83249335106,1,94.05809,8.057985,244.05809020996094,8.057985
22.603291139240508,114.06974683544303,150.0,21.59607881568628,61.94148634401749,100412.83249335106,1,93.92868,7.868465,243.92868041992188,7.868465
22.603291139240508,114.07,150.0,21.59607881568628,61.94148634401749,100412.83249335106,1,92.37978,12.439757,242.3797836303711,12.439757
22.60354430379747,114.05,150.0,21.59607881568628,61.94148634401749,100412.83249335106,1,0.19792087,0.43274596,150.19792087376118,0.43274596
22.60354430379747,114.05025316455696,150.0,21.59607881568628,61.94148634401749,100412.83249335106,1,0.19647631,0.6392407,150.19647631049156,0.6392407
22.60354430379747,114.05050632911392,150.0,21.59607881568628,61.94148634401749,100412.83249335106,1,0.31170696,0.42603678,150.31170696020126,0.42603678
22.60354430379747,114.05075949367088,150.0,21.59607881568628,61.94148634401749,100412.83249335106,1,0.13835022,0.53594637,150.13835021853447,0.53594637
22.60354430379747,114.05101265822785,150.0,21.59607881568628,61.94148634401749,100412.83249335106,1,0.09812233,0.56735885,150.09812232851982,0.56735885
22.60354430379747,114.05126582278481,150.0,21.59607881568628,61.94148634401749,100412.83249335106,1,0.0026940238,0.5465535,150.00269402377307,0.5465535
22.60354430379747,114.05151898734177,150.0,21.59607881568628,61.94148634401749,100412.83249335106,1,0.121860534,0.39285988,150.1218605339527,0.39285988
22.60354430379747,114.05177215189873,150.0,21.59607881568628,61.94148634401749,100412.83249335106,1,-0.06989039,0.54284006,149.93010961264372,0.54284006
22.60354430379747,114.0520253164557,150.0,21.59607881568628,61.94148634401749,100412.83249335106,1,0.15524735,0.41458145,150.15524734556675,0.41458145
22.60354430379747,114.05227848101265,150.0,21.59607881568628,61.94148634401749,100412.83249335106,1,0.13262191,0.64017844,150.13262191414833,0.64017844
22.60354430379747,114.05253164556962,150.0,21.59607881568628,61.94148634401749,100412.83249335106,1,0.14203021,0.5371867,150.1420302093029,0.5371867
22.60354430379747,114.05278481012658,150.0,21.59607881568628,61.94148634401749,100412.83249335106,1,0.1381616,0.46527323,150.13816159963608,0.46527323
22.60354430379747,114.05303797468355,150.0,21.59607881568628,61.94148634401749,100412.83249335106,1,0.09726012,0.64120406,150.09726011753082,0.64120406
22.60354430379747,114.0532911392405,150.0,21.59607881568628,61.94148634401749,100412.83249335106,1,0.1848135,0.6309939,150.18481349945068,0.6309939
22.60354430379747,114.05354430379747,150.0,21.59607881568628,61.94148634401749,100412.83249335106,1,0.14875852,0.5468393,150.1487585157156,0.5468393
22.60354430379747,114.05379746835443,150.0,21.59607881568628,61.94148634401749,100412.83249335106,1,0.10469314,0.5108294,150.10469313710928,0.5108294
22.60354430379747,114.05405063291138,150.0,21.59607881568628,61.94148634401749,100412.83249335106,1,0.08780005,0.50983185,150.08780004829168,0.50983185
22.60354430379747,114.05430379746835,150.0,21.59607881568628,61.94148634401749,100412.83249335106,1,0.049770977,0.48805568,150.0497709773481,0.48805568
22.60354430379747,114.05455696202532,150.0,21.59607881568628,61.94148634401749,100412.83249335106,1,0.15775189,0.5461269,150.15775188803673,0.5461269
22.60354430379747,114.05481012658227,150.0,21.59607881568628,61.94148634401749,100412.83249335106,1,0.048314646,0.5390925,150.04831464588642,0.5390925
22.60354430379747,114.05506329113923,150.0,21.59607881568628,61.94148634401749,100412.83249335106,1,-0.077239096,0.6259033,149.9227609038353,0.6259033
22.60354430379747,114.0553164556962,150.0,21.59607881568628,61.94148634401749,100412.83249335106,1,0.15987979,0.51061493,150.15987978875637,0.51061493
22.60354430379747,114.05556962025317,150.0,21.59607881568628,61.94148634401749,100412.83249335106,1,-0.007896697,0.6055014,149.99210330285132,0.6055014
22.60354430379747,114.05582278481012,150.0,21.59607881568628,61.94148634401749,100412.83249335106,1,0.10305346,0.5677542,150.103053458035,0.5677542
22.60354430379747,114.05607594936708,150.0,21.59607881568628,61.94148634401749,100412.83249335106,1,0.13136275,0.5490633,150.1313627511263,0.5490633
22.60354430379747,114.05632911392405,150.0,21.59607881568628,61.94148634401749,100412.83249335106,1,0.02755726,0.47686255,150.02755725942552,0.47686255
22.60354430379747,114.056582278481,150.0,21.59607881568628,61.94148634401749,100412.83249335106,1,0.06975095,0.6693829,150.0697509497404,0.6693829
22.60354430379747,114.05683544303797,150.0,21.59607881568628,61.94148634401749,100412.83249335106,1,0.0015379364,0.5356311,150.00153793639038,0.5356311
22.60354430379747,114.05708860759493,150.0,21.59607881568628,61.94148634401749,100412.83249335106,1,0.05838568,0.4822572,150.05838568136096,0.4822572
22.60354430379747,114.0573417721519,150.0,21.59607881568628,61.94148634401749,100412.83249335106,1,0.10990713,0.6140238,150.1099071279168,0.6140238
22.60354430379747,114.05759493670885,150.0,21.59607881568628,61.94148634401749,100412.83249335106,1,0.015736606,0.84986895,150.01573660597205,0.84986895
22.60354430379747,114.05784810126582,150.0,21.59607881568628,61.94148634401749,100412.83249335106,1,-0.13260569,0.71247596,149.8673943132162,0.71247596
22.60354430379747,114.05810126582278,150.0,21.59607881568628,61.94148634401749,100412.83249335106,1,0.004894682,0.5537996,150.0048946822062,0.5537996
22.60354430379747,114.05835443037974,150.0,21.59607881568628,61.94148634401749,100412.83249335106,1,0.01411891,0.5530717,150.01411890983582,0.5530717
22.60354430379747,114.0586075949367,150.0,21.59607881568628,61.94148634401749,100412.83249335106,1,-0.0763837,0.518583,149.92361629754305,0.518583
22.60354430379747,114.05886075949367,150.0,21.59607881568628,61.94148634401749,100412.83249335106,1,0.08453634,1.0252635,150.08453633636236,1.0252635
22.60354430379747,114.05911392405064,150.0,21.59607881568628,61.94148634401749,100412.83249335106,1,-0.06138164,0.64286786,149.93861835822463,0.64286786
22.60354430379747,114.05936708860759,150.0,21.59607881568628,61.94148634401749,100412.83249335106,1,-0.19960536,0.72522146,149.80039463937283,0.72522146
22.60354430379747,114.05962025316455,150.0,21.59607881568628,61.94148634401749,100412.83249335106,1,0.07451721,3.36378,150.07451721280813,3.36378
22.60354430379747,114.05987341772152,150.0,21.59607881568628,61.94148634401749,100412.83249335106,1,-0.081060745,1.3989979,149.91893925517797,1.3989979
22.60354430379747,114.06012658227847,150.0,21.59607881568628,61.94148634401749,100412.83249335106,1,0.52815485,3.5061734,150.5281548500061,3.5061734
22.60354430379747,114.06037974683544,150.0,21.59607881568628,61.94148634401749,100412.83249335106,1,0.7186225,2.4334176,150.71862250566483,2.4334176
22.60354430379747,114.0606329113924,150.0,21.59607881568628,61.94148634401749,100412.83249335106,1,3.5194416,10.44448,153.51944160461426,10.44448
22.60354430379747,114.06088607594936,150.0,21.59607881568628,61.94148634401749,100412.83249335106,1,1.3919287,4.474936,151.39192867279053,4.474936
22.60354430379747,114.06113924050632,150.0,21.59607881568628,61.94148634401749,100412.83249335106,1,0.13034399,1.5592378,150.1303439885378,1.5592378
22.60354430379747,114.06139240506329,150.0,21.59607881568628,61.94148634401749,100412.83249335106,1,8.873926,11.188844,158.87392616271973,11.188844
22.60354430379747,114.06164556962025,150.0,21.59607881568628,61.94148634401749,100412.83249335106,1,5.9865026,11.362098,155.9865026473999,11.362098
22.60354430379747,114.0618987341772,150.0,21.59607881568628,61.94148634401749,100412.83249335106,1,7.690128,10.877698,157.69012784957886,10.877698
22.60354430379747,114.06215189873417,150.0,21.59607881568628,61.94148634401749,100412.83249335106,1,14.697389,11.828782,164.69738864898682,11.828782
22.60354430379747,114.06240506329114,150.0,21.59607881568628,61.94148634401749,100412.83249335106,1,10.431538,15.594332,160.43153762817383,15.594332
22.60354430379747,114.06265822784809,150.0,21.59607881568628,61.94148634401749,100412.83249335106,1,25.969322,24.487898,175.96932220458984,24.487898
22.60354430379747,114.06291139240506,150.0,21.59607881568628,61.94148634401749,100412.83249335106,1,24.491598,19.554697,174.49159812927246,19.554697
22.60354430379747,114.06316455696202,150.0,21.59607881568628,61.94148634401749,100412.83249335106,1,34.86379,20.806,184.86378860473633,20.806
22.60354430379747,114.06341772151899,150.0,21.59607881568628,61.94148634401749,100412.83249335106,1,47.91265,17.869535,197.91265106201172,17.869535
22.60354430379747,114.06367088607594,150.0,21.59607881568628,61.94148634401749,100412.83249335106,1,40.290146,20.408287,190.29014587402344,20.408287
22.60354430379747,114.0639240506329,150.0,21.59607881568628,61.94148634401749,100412.83249335106,1,54.402546,14.246412,204.40254592895508,14.246412
22.60354430379747,114.06417721518987,150.0,21.59607881568628,61.94148634401749,100412.83249335106,1,51.32612,20.046131,201.32611846923828,20.046131
22.60354430379747,114.06443037974682,150.0,21.59607881568628,61.94148634401749,100412.83249335106,1,56.286575,20.285854,206.2865753173828,20.285854
22.60354430379747,114.06468354430379,150.0,21.59607881568628,61.94148634401749,100412.83249335106,1,62.316013,13.870894,212.31601333618164,13.870894
22.60354430379747,114.06493670886076,150.0,21.59607881568628,61.94148634401749,100412.83249335106,1,70.92422,11.095102,220.9242172241211,11.095102
22.60354430379747,114.06518987341772,150.0,21.59607881568628,61.94148634401749,100412.83249335106,1,67.27647,17.421347,217.2764663696289,17.421347
22.60354430379747,114.06544303797467,150.0,21.59607881568628,61.94148634401749,100412.83249335106,1,68.69549,15.836969,218.69548797607422,15.836969
22.60354430379747,114.06569620253164,150.0,21.59607881568628,61.94148634401749,100412.83249335106,1,68.56435,14.153558,218.56434631347656,14.153558
22.60354430379747,114.0659493670886,150.0,21.59607881568628,61.94148634401749,100412.83249335106,1,73.92055,10.819673,223.92054748535156,10.819673
22.60354430379747,114.06620253164556,150.0,21.59607881568628,61.94148634401749,100412.83249335106,1,74.53697,10.997039,224.53697204589844,10.997039
22.60354430379747,114.06645569620252,150.0,21.59607881568628,61.94148634401749,100412.83249335106,1,78.24776,16.632109,228.2477569580078,16.632109
22.60354430379747,114.06670886075949,150.0,21.59607881568628,61.94148634401749,100412.83249335106,1,75.738976,11.894203,225.73897552490234,11.894203
22.60354430379747,114.06696202531644,150.0,21.59607881568628,61.94148634401749,100412.83249335106,1,83.47871,6.841162,233.47870635986328,6.841162
22.60354430379747,114.06721518987341,150.0,21.59607881568628,61.94148634401749,100412.83249335106,1,85.30808,6.9783726,235.3080825805664,6.9783726
22.60354430379747,114.06746835443037,150.0,21.59607881568628,61.94148634401749,100412.83249335106,1,84.30803,7.0528092,234.3080291748047,7.0528092
22.60354430379747,114.06772151898734,150.0,21.59607881568628,61.94148634401749,100412.83249335106,1,85.390526,7.58669,235.3905258178711,7.58669
22.60354430379747,114.06797468354429,150.0,21.59607881568628,61.94148634401749,100412.83249335106,1,86.814156,8.104371,236.81415557861328,8.104371
22.60354430379747,114.06822784810126,150.0,21.59607881568628,61.94148634401749,100412.83249335106,1,83.67944,7.0505695,233.679443359375,7.0505695
22.60354430379747,114.06848101265822,150.0,21.59607881568628,61.94148634401749,100412.83249335106,1,86.276245,8.0240965,236.2762451171875,8.0240965
22.60354430379747,114.06873417721518,150.0,21.59607881568628,61.94148634401749,100412.83249335106,1,85.70904,8.897626,235.70903778076172,8.897626
22.60354430379747,114.06898734177214,150.0,21.59607881568628,61.94148634401749,100412.83249335106,1,87.571396,10.357519,237.57139587402344,10.357519
22.60354430379747,114.06924050632911,150.0,21.59607881568628,61.94148634401749,100412.83249335106,1,89.35434,7.2228928,239.35433959960938,7.2228928
22.60354430379747,114.06949367088608,150.0,21.59607881568628,61.94148634401749,100412.83249335106,1,93.56427,7.8318505,243.56427001953125,7.8318505
22.60354430379747,114.06974683544303,150.0,21.59607881568628,61.94148634401749,100412.83249335106,1,92.66808,8.945011,242.66808319091797,8.945011
22.60354430379747,114.07,150.0,21.59607881568628,61.94148634401749,100412.83249335106,1,94.035385,8.404333,244.03538513183594,8.404333
22.603797468354433,114.05,150.0,21.59607881568628,61.94148634401749,100412.83249335106,1,0.12826514,0.40838242,150.1282651424408,0.40838242
22.603797468354433,114.05025316455696,150.0,21.59607881568628,61.94148634401749,100412.83249335106,1,0.30945146,0.4603344,150.30945146083832,0.4603344
22.603797468354433,114.05050632911392,150.0,21.59607881568628,61.94148634401749,100412.83249335106,1,0.1804708,0.45575482,150.18047079443932,0.45575482
22.603797468354433,114.05075949367088,150.0,21.59607881568628,61.94148634401749,100412.83249335106,1,0.16616341,0.4951501,150.16616341471672,0.4951501
22.603797468354433,114.05101265822785,150.0,21.59607881568628,61.94148634401749,100412.83249335106,1,0.12252463,0.42253926,150.12252462655306,0.42253926
22.603797468354433,114.05126582278481,150.0,21.59607881568628,61.94148634401749,100412.83249335106,1,0.05966378,0.50104105,150.0596637800336,0.50104105
22.603797468354433,114.05151898734177,150.0,21.59607881568628,61.94148634401749,100412.83249335106,1,0.25677165,0.37421036,150.2567716538906,0.37421036
22.603797468354433,114.05177215189873,150.0,21.59607881568628,61.94148634401749,100412.83249335106,1,0.08256066,0.37600553,150.0825606584549,0.37600553
22.603797468354433,114.0520253164557,150.0,21.59607881568628,61.94148634401749,100412.83249335106,1,0.25685278,0.41602206,150.25685277581215,0.41602206
22.603797468354433,114.05227848101265,150.0,21.59607881568628,61.94148634401749,100412.83249335106,1,0.15830201,0.42461792,150.15830200910568,0.42461792
22.603797468354433,114.05253164556962,150.0,21.59607881568628,61.94148634401749,100412.83249335106,1,0.24116969,0.4859385,150.24116969108582,0.4859385
22.603797468354433,114.05278481012658,150.0,21.59607881568628,61.94148634401749,100412.83249335106,1,0.11771596,0.39038256,150.11771596223116,0.39038256
22.603797468354433,114.05303797468355,150.0,21.59607881568628,61.94148634401749,100412.83249335106,1,0.21106061,0.3351784,150.21106061339378,0.3351784
22.603797468354433,114.0532911392405,150.0,21.59607881568628,61.94148634401749,100412.83249335106,1,0.14617045,0.42623535,150.14617045223713,0.42623535
22.603797468354433,114.05354430379747,150.0,21.59607881568628,61.94148634401749,100412.83249335106,1,0.07259776,0.51612383,150.07259775698185,0.51612383
22.603797468354433,114.05379746835443,150.0,21.59607881568628,61.94148634401749,100412.83249335106,1,0.13947298,0.7740931,150.13947297632694,0.7740931
22.603797468354433,114.05405063291138,150.0,21.59607881568628,61.94148634401749,100412.83249335106,1,-0.06188156,0.5022944,149.93811843916774,0.5022944
22.603797468354433,114.05430379746835,150.0,21.59607881568628,61.94148634401749,100412.83249335106,1,0.15816772,0.3483251,150.158167719841,0.3483251
22.603797468354433,114.05455696202532,150.0,21.59607881568628,61.94148634401749,100412.83249335106,1,0.10559944,0.4946406,150.10559944063425,0.4946406
22.603797468354433,114.05481012658227,150.0,21.59607881568628,61.94148634401749,100412.83249335106,1,-0.029569339,0.608254,149.97043066099286,0.608254
22.603797468354433,114.05506329113923,150.0,21.59607881568628,61.94148634401749,100412.83249335106,1,-0.053388916,0.7499904,149.94661108404398,0.7499904
22.603797468354433,114.0553164556962,150.0,21.59607881568628,61.94148634401749,100412.83249335106,1,0.22564708,0.50320166,150.22564707696438,0.50320166
22.603797468354433,114.05556962025317,150.0,21.59607881568628,61.94148634401749,100412.83249335106,1,0.046849746,0.53740144,150.04684974625707,0.53740144
22.603797468354433,114.05582278481012,150.0,21.59607881568628,61.94148634401749,100412.83249335106,1,0.011198691,0.46866974,150.01119869109243,0.46866974
22.603797468354433,114.05607594936708,150.0,21.59607881568628,61.94148634401749,100412.83249335106,1,-0.10597409,0.5593213,149.89402590692043,0.5593213
22.603797468354433,114.05632911392405,150.0,21.59607881568628,61.94148634401749,100412.83249335106,1,0.10219031,0.46429056,150.10219030827284,0.46429056
22.603797468354433,114.056582278481,150.0,21.59607881568628,61.94148634401749,100412.83249335106,1,0.10073688,0.5956444,150.1007368788123,0.5956444
22.603797468354433,114.05683544303797,150.0,21.59607881568628,61.94148634401749,100412.83249335106,1,0.115616575,0.63947016,150.11561657488346,0.63947016
22.603797468354433,114.05708860759493,150.0,21.59607881568628,61.94148634401749,100412.83249335106,1,0.092931375,0.6167886,150.0929313749075,0.6167886
22.603797468354433,114.0573417721519,150.0,21.59607881568628,61.94148634401749,100412.83249335106,1,-0.21367255,0.82119507,149.7863274514675,0.82119507
22.603797468354433,114.05759493670885,150.0,21.59607881568628,61.94148634401749,100412.83249335106,1,-0.03968937,0.6271533,149.96031063050032,0.6271533
22.603797468354433,114.05784810126582,150.0,21.59607881568628,61.94148634401749,100412.83249335106,1,-0.03150891,0.6580476,149.96849108859897,0.6580476
22.603797468354433,114.05810126582278,150.0,21.59607881568628,61.94148634401749,100412.83249335106,1,0.09033057,0.6071805,150.0903305709362,0.6071805
22.603797468354433,114.05835443037974,150.0,21.59607881568628,61.94148634401749,100412.83249335106,1,-0.16460359,0.7645208,149.83539640903473,0.7645208
22.603797468354433,114.0586075949367,150.0,21.59607881568628,61.94148634401749,100412.83249335106,1,-0.056515843,0.541523,149.94348415732384,0.541523
22.603797468354433,114.05886075949367,150.0,21.59607881568628,61.94148634401749,100412.83249335106,1,-0.0713313,0.6955708,149.9286687001586,0.6955708
22.603797468354433,114.05911392405064,150.0,21.59607881568628,61.94148634401749,100412.83249335106,1,-0.12460943,0.7464819,149.87539056688547,0.7464819
22.603797468354433,114.05936708860759,150.0,21.59607881568628,61.94148634401749,100412.83249335106,1,0.18222846,1.8966906,150.18222846090794,1.8966906
22.603797468354433,114.05962025316455,150.0,21.59607881568628,61.94148634401749,100412.83249335106,1,1.2845012,7.3230534,151.28450119495392,7.3230534
22.603797468354433,114.05987341772152,150.0,21.59607881568628,61.94148634401749,100412.83249335106,1,-0.037437547,0.7999639,149.96256245300174,0.7999639
22.603797468354433,114.06012658227847,150.0,21.59607881568628,61.94148634401749,100412.83249335106,1,2.3197596,8.544338,152.31975960731506,8.544338
22.603797468354433,114.06037974683544,150.0,21.59607881568628,61.94148634401749,100412.83249335106,1,0.57150084,3.045496,150.5715008378029,3.045496
22.603797468354433,114.0606329113924,150.0,21.59607881568628,61.94148634401749,100412.83249335106,1,0.99640083,4.4628763,150.99640083312988,4.4628763
22.603797468354433,114.06088607594936,150.0,21.59607881568628,61.94148634401749,100412.83249335106,1,1.7557987,4.7545676,151.75579869747162,4.7545676
22.603797468354433,114.06113924050632,150.0,21.59607881568628,61.94148634401749,100412.83249335106,1,3.9282804,10.335827,153.92828035354614,10.335827
22.603797468354433,114.06139240506329,150.0,21.59607881568628,61.94148634401749,100412.83249335106,1,5.291766,9.278426,155.291766166687,9.278426
22.603797468354433,114.06164556962025,150.0,21.59607881568628,61.94148634401749,100412.83249335106,1,9.975869,13.834628,159.97586917877197,13.834628
22.603797468354433,114.0618987341772,150.0,21.59607881568628,61.94148634401749,100412.83249335106,1,14.768801,14.88347,164.76880073547363,14.88347
22.603797468354433,114.06215189873417,150.0,21.59607881568628,61.94148634401749,100412.83249335106,1,12.01286,15.316181,162.01286029815674,15.316181
22.603797468354433,114.06240506329114,150.0,21.59607881568628,61.94148634401749,100412.83249335106,1,25.257032,17.995295,175.25703239440918,17.995295
22.603797468354433,114.06265822784809,150.0,21.59607881568628,61.94148634401749,100412.83249335106,1,22.633476,16.94229,172.63347625732422,16.94229
22.603797468354433,114.06291139240506,150.0,21.59607881568628,61.94148634401749,100412.83249335106,1,34.818764,18.1306,184.81876373291016,18.1306
22.603797468354433,114.06316455696202,150.0,21.59607881568628,61.94148634401749,100412.83249335106,1,35.32652,17.621271,185.32651901245117,17.621271
22.603797468354433,114.06341772151899,150.0,21.59607881568628,61.94148634401749,100412.83249335106,1,49.45052,13.411086,199.45051956176758,13.411086
22.603797468354433,114.06367088607594,150.0,21.59607881568628,61.94148634401749,100412.83249335106,1,50.11673,15.153035,200.11672973632812,15.153035
22.603797468354433,114.0639240506329,150.0,21.59607881568628,61.94148634401749,100412.83249335106,1,54.038235,13.553127,204.03823471069336,13.553127
22.603797468354433,114.06417721518987,150.0,21.59607881568628,61.94148634401749,100412.83249335106,1,51.82044,19.41345,201.82043838500977,19.41345
22.603797468354433,114.06443037974682,150.0,21.59607881568628,61.94148634401749,100412.83249335106,1,63.277966,13.213794,213.2779655456543,13.213794
22.603797468354433,114.06468354430379,150.0,21.59607881568628,61.94148634401749,100412.83249335106,1,63.07153,11.440605,213.07152938842773,11.440605
22.603797468354433,114.06493670886076,150.0,21.59607881568628,61.94148634401749,100412.83249335106,1,65.65572,12.213018,215.65572357177734,12.213018
22.603797468354433,114.06518987341772,150.0,21.59607881568628,61.94148634401749,100412.83249335106,1,61.997543,14.581114,211.99754333496094,14.581114
22.603797468354433,114.06544303797467,150.0,21.59607881568628,61.94148634401749,100412.83249335106,1,74.23455,9.163369,224.23455047607422,9.163369
22.603797468354433,114.06569620253164,150.0,21.59607881568628,61.94148634401749,100412.83249335106,1,67.02768,13.345627,217.02767944335938,13.345627
22.603797468354433,114.0659493670886,150.0,21.59607881568628,61.94148634401749,100412.83249335106,1,74.741875,10.807821,224.74187469482422,10.807821
22.603797468354433,114.06620253164556,150.0,21.59607881568628,61.94148634401749,100412.83249335106,1,73.427124,10.381026,223.4271240234375,10.381026
22.603797468354433,114.06645569620252,150.0,21.59607881568628,61.94148634401749,100412.83249335106,1,80.02803,5.6054497,230.0280303955078,5.6054497
22.603797468354433,114.06670886075949,150.0,21.59607881568628,61.94148634401749,100412.83249335106,1,80.54739,8.414437,230.54739379882812,8.414437
22.603797468354433,114.06696202531644,150.0,21.59607881568628,61.94148634401749,100412.83249335106,1,80.33127,7.485123,230.33126831054688,7.485123
22.603797468354433,114.06721518987341,150.0,21.59607881568628,61.94148634401749,100412.83249335106,1,80.577515,7.004244,230.5775146484375,7.004244
22.603797468354433,114.06746835443037,150.0,21.59607881568628,61.94148634401749,100412.83249335106,1,82.96551,7.8734446,232.96550750732422,7.8734446
22.603797468354433,114.06772151898734,150.0,21.59607881568628,61.94148634401749,100412.83249335106,1,85.20038,6.475481,235.20037841796875,6.475481
22.603797468354433,114.06797468354429,150.0,21.59607881568628,61.94148634401749,100412.83249335106,1,85.25403,8.622818,235.2540283203125,8.622818
22.603797468354433,114.06822784810126,150.0,21.59607881568628,61.94148634401749,100412.83249335106,1,85.27278,8.769356,235.2727813720703,8.769356
22.603797468354433,114.06848101265822,150.0,21.59607881568628,61.94148634401749,100412.83249335106,1,85.83791,11.671997,235.8379135131836,11.671997
22.603797468354433,114.06873417721518,150.0,21.59607881568628,61.94148634401749,100412.83249335106,1,86.59231,8.038509,236.5923080444336,8.038509
22.603797468354433,114.06898734177214,150.0,21.59607881568628,61.94148634401749,100412.83249335106,1,86.639854,8.215875,236.63985443115234,8.215875
22.603797468354433,114.06924050632911,150.0,21.59607881568628,61.94148634401749,100412.83249335106,1,88.21543,8.215387,238.2154312133789,8.215387
22.603797468354433,114.06949367088608,150.0,21.59607881568628,61.94148634401749,100412.83249335106,1,93.42632,6.595162,243.42632293701172,6.595162
22.603797468354433,114.06974683544303,150.0,21.59607881568628,61.94148634401749,100412.83249335106,1,89.17188,8.564296,239.17188262939453,8.564296
22.603797468354433,114.07,150.0,21.59607881568628,61.94148634401749,100412.83249335106,1,94.266426,8.611502,244.26642608642578,8.611502
22.604050632911395,114.05,150.0,21.59607881568628,61.94148634401749,100412.83249335106,1,0.27420855,0.34950522,150.27420854568481,0.34950522
22.604050632911395,114.05025316455696,150.0,21.59607881568628,61.94148634401749,100412.83249335106,1,0.033215467,0.48835585,150.03321546688676,0.48835585
22.604050632911395,114.05050632911392,150.0,21.59607881568628,61.94148634401749,100412.83249335106,1,0.20182896,0.538244,150.201828956604,0.538244
22.604050632911395,114.05075949367088,150.0,21.59607881568628,61.94148634401749,100412.83249335106,1,0.22056307,0.5098831,150.22056306898594,0.5098831
22.604050632911395,114.05101265822785,150.0,21.59607881568628,61.94148634401749,100412.83249335106,1,0.2643133,0.38200596,150.26431331038475,0.38200596
22.604050632911395,114.05126582278481,150.0,21.59607881568628,61.94148634401749,100412.83249335106,1,0.11144788,0.58524126,150.11144787818193,0.58524126
22.604050632911395,114.05151898734177,150.0,21.59607881568628,61.94148634401749,100412.83249335106,1,0.12625036,0.44282395,150.12625035643578,0.44282395
22.604050632911395,114.05177215189873,150.0,21.59607881568628,61.94148634401749,100412.83249335106,1,0.25978905,0.45827812,150.2597890496254,0.45827812
22.604050632911395,114.0520253164557,150.0,21.59607881568628,61.94148634401749,100412.83249335106,1,0.04686937,0.55593425,150.04686937108636,0.55593425
22.604050632911395,114.05227848101265,150.0,21.59607881568628,61.94148634401749,100412.83249335106,1,0.17397009,0.3902318,150.1739700883627,0.3902318
22.604050632911395,114.05253164556962,150.0,21.59607881568628,61.94148634401749,100412.83249335106,1,0.27422202,0.45407292,150.27422201633453,0.45407292
22.604050632911395,114.05278481012658,150.0,21.59607881568628,61.94148634401749,100412.83249335106,1,0.1647125,0.48073927,150.16471250355244,0.48073927
22.604050632911395,114.05303797468355,150.0,21.59607881568628,61.94148634401749,100412.83249335106,1,0.20457152,0.45719025,150.20457151532173,0.45719025
22.604050632911395,114.0532911392405,150.0,21.59607881568628,61.94148634401749,100412.83249335106,1,0.19370064,0.465068,150.19370064139366,0.465068
22.604050632911395,114.05354430379747,150.0,21.59607881568628,61.94148634401749,100412.83249335106,1,0.1625481,0.5064744,150.16254809498787,0.5064744
22.604050632911395,114.05379746835443,150.0,21.59607881568628,61.94148634401749,100412.83249335106,1,0.15569828,0.4535429,150.1556982845068,0.4535429
22.604050632911395,114.05405063291138,150.0,21.59607881568628,61.94148634401749,100412.83249335106,1,0.076343656,0.5072492,150.07634365558624,0.5072492
22.604050632911395,114.05430379746835,150.0,21.59607881568628,61.94148634401749,100412.83249335106,1,0.06818137,0.7285006,150.06818137317896,0.7285006
22.604050632911395,114.05455696202532,150.0,21.59607881568628,61.94148634401749,100412.83249335106,1,-0.0021794168,0.3807236,149.99782058317214,0.3807236
22.604050632911395,114.05481012658227,150.0,21.59607881568628,61.94148634401749,100412.83249335106,1,0.15275308,0.5815477,150.152753084898,0.5815477
22.604050632911395,114.05506329113923,150.0,21.59607881568628,61.94148634401749,100412.83249335106,1,0.21527065,0.5823401,150.21527065336704,0.5823401
22.604050632911395,114.0553164556962,150.0,21.59607881568628,61.94148634401749,100412.83249335106,1,-0.05551241,0.5559018,149.94448759034276,0.5559018
22.604050632911395,114.05556962025317,150.0,21.59607881568628,61.94148634401749,100412.83249335106,1,-0.017542498,0.50808567,149.98245750181377,0.50808567
22.604050632911395,114.05582278481012,150.0,21.59607881568628,61.94148634401749,100412.83249335106,1,0.04724244,0.5392652,150.0472424402833,0.5392652
22.604050632911395,114.05607594936708,150.0,21.59607881568628,61.94148634401749,100412.83249335106,1,0.21277839,0.4295849,150.2127783894539,0.4295849
22.604050632911395,114.05632911392405,150.0,21.59607881568628,61.94148634401749,100412.83249335106,1,-0.14565597,0.4682798,149.85434402525425,0.4682798
22.604050632911395,114.056582278481,150.0,21.59607881568628,61.94148634401749,100412.83249335106,1,0.008678631,0.544933,150.00867863092571,0.544933
22.604050632911395,114.05683544303797,150.0,21.59607881568628,61.94148634401749,100412.83249335106,1,-0.06526931,0.76406616,149.93473069369793,0.76406616
22.604050632911395,114.05708860759493,150.0,21.59607881568628,61.94148634401749,100412.83249335106,1,-0.19250081,0.5298418,149.8074991852045,0.5298418
22.604050632911395,114.0573417721519,150.0,21.59607881568628,61.94148634401749,100412.83249335106,1,0.011634886,0.62747604,150.0116348862648,0.62747604
22.604050632911395,114.05759493670885,150.0,21.59607881568628,61.94148634401749,100412.83249335106,1,0.12001611,0.7837316,150.12001611292362,0.7837316
22.604050632911395,114.05784810126582,150.0,21.59607881568628,61.94148634401749,100412.83249335106,1,-0.05717183,0.6657873,149.94282817095518,0.6657873
22.604050632911395,114.05810126582278,150.0,21.59607881568628,61.94148634401749,100412.83249335106,1,0.20535968,2.6992161,150.20535968244076,2.6992161
22.604050632911395,114.05835443037974,150.0,21.59607881568628,61.94148634401749,100412.83249335106,1,-0.13342907,0.6414562,149.86657093465328,0.6414562
22.604050632911395,114.0586075949367,150.0,21.59607881568628,61.94148634401749,100412.83249335106,1,0.065239124,0.58403844,150.06523912400007,0.58403844
22.604050632911395,114.05886075949367,150.0,21.59607881568628,61.94148634401749,100412.83249335106,1,-0.20681407,0.97681147,149.7931859344244,0.97681147
22.604050632911395,114.05911392405064,150.0,21.59607881568628,61.94148634401749,100412.83249335106,1,-0.10065633,0.6877715,149.89934366941452,0.6877715
22.604050632911395,114.05936708860759,150.0,21.59607881568628,61.94148634401749,100412.83249335106,1,0.075929046,1.0003412,150.07592904567719,1.0003412
22.604050632911395,114.05962025316455,150.0,21.59607881568628,61.94148634401749,100412.83249335106,1,-0.1540541,1.0533528,149.84594589471817,1.0533528
22.604050632911395,114.05987341772152,150.0,21.59607881568628,61.94148634401749,100412.83249335106,1,0.43900964,3.6545303,150.43900963664055,3.6545303
22.604050632911395,114.06012658227847,150.0,21.59607881568628,61.94148634401749,100412.83249335106,1,0.8382784,3.7568204,150.8382784128189,3.7568204
22.604050632911395,114.06037974683544,150.0,21.59607881568628,61.94148634401749,100412.83249335106,1,2.4576862,5.958876,152.4576861858368,5.958876
22.604050632911395,114.0606329113924,150.0,21.59607881568628,61.94148634401749,100412.83249335106,1,2.1687117,6.5979943,152.16871166229248,6.5979943
22.604050632911395,114.06088607594936,150.0,21.59607881568628,61.94148634401749,100412.83249335106,1,4.2092676,7.3765874,154.20926761627197,7.3765874
22.604050632911395,114.06113924050632,150.0,21.59607881568628,61.94148634401749,100412.83249335106,1,8.894659,10.484918,158.8946590423584,10.484918
22.604050632911395,114.06139240506329,150.0,21.59607881568628,61.94148634401749,100412.83249335106,1,5.4770584,7.4558344,155.47705841064453,7.4558344
22.604050632911395,114.06164556962025,150.0,21.59607881568628,61.94148634401749,100412.83249335106,1,5.457336,9.1859255,155.4573359489441,9.1859255
22.604050632911395,114.0618987341772,150.0,21.59607881568628,61.94148634401749,100412.83249335106,1,11.012225,11.691512,161.012225151062,11.691512
22.604050632911395,114.06215189873417,150.0,21.59607881568628,61.94148634401749,100412.83249335106,1,17.8656,15.555186,167.8656005859375,15.555186
22.604050632911395,114.06240506329114,150.0,21.59607881568628,61.94148634401749,100412.83249335106,1,28.061182,16.217358,178.06118202209473,16.217358
22.604050632911395,114.06265822784809,150.0,21.59607881568628,61.94148634401749,100412.83249335106,1,31.925734,16.012022,181.92573356628418,16.012022
22.604050632911395,114.06291139240506,150.0,21.59607881568628,61.94148634401749,100412.83249335106,1,37.029457,15.857556,187.02945709228516,15.857556
22.604050632911395,114.06316455696202,150.0,21.59607881568628,61.94148634401749,100412.83249335106,1,36.52354,19.290874,186.52354049682617,19.290874
22.604050632911395,114.06341772151899,150.0,21.59607881568628,61.94148634401749,100412.83249335106,1,48.94643,13.423095,198.94643020629883,13.423095
22.604050632911395,114.06367088607594,150.0,21.59607881568628,61.94148634401749,100412.83249335106,1,40.36222,15.836525,190.36222076416016,15.836525
22.604050632911395,114.0639240506329,150.0,21.59607881568628,61.94148634401749,100412.83249335106,1,58.385166,8.5393915,208.3851661682129,8.5393915
22.604050632911395,114.06417721518987,150.0,21.59607881568628,61.94148634401749,100412.83249335106,1,49.029022,20.319147,199.02902221679688,20.319147
22.604050632911395,114.06443037974682,150.0,21.59607881568628,61.94148634401749,100412.83249335106,1,60.127914,13.495688,210.12791442871094,13.495688
22.604050632911395,114.06468354430379,150.0,21.59607881568628,61.94148634401749,100412.83249335106,1,64.21744,10.268747,214.21743774414062,10.268747
22.604050632911395,114.06493670886076,150.0,21.59607881568628,61.94148634401749,100412.83249335106,1,66.88137,9.121891,216.8813705444336,9.121891
22.604050632911395,114.06518987341772,150.0,21.59607881568628,61.94148634401749,100412.83249335106,1,64.542175,15.857546,214.54217529296875,15.857546
22.604050632911395,114.06544303797467,150.0,21.59607881568628,61.94148634401749,100412.83249335106,1,68.255455,7.68832,218.25545501708984,7.68832
22.604050632911395,114.06569620253164,150.0,21.59607881568628,61.94148634401749,100412.83249335106,1,73.23401,6.504611,223.2340087890625,6.504611
22.604050632911395,114.0659493670886,150.0,21.59607881568628,61.94148634401749,100412.83249335106,1,74.03546,13.906048,224.03546142578125,13.906048
22.604050632911395,114.06620253164556,150.0,21.59607881568628,61.94148634401749,100412.83249335106,1,71.5289,10.499184,221.52890014648438,10.499184
22.604050632911395,114.06645569620252,150.0,21.59607881568628,61.94148634401749,100412.83249335106,1,76.802925,10.201784,226.80292510986328,10.201784
22.604050632911395,114.06670886075949,150.0,21.59607881568628,61.94148634401749,100412.83249335106,1,74.74898,11.196362,224.7489776611328,11.196362
22.604050632911395,114.06696202531644,150.0,21.59607881568628,61.94148634401749,100412.83249335106,1,79.70303,6.1633053,229.70303344726562,6.1633053
22.604050632911395,114.06721518987341,150.0,21.59607881568628,61.94148634401749,100412.83249335106,1,76.128296,13.901619,226.1282958984375,13.901619
22.604050632911395,114.06746835443037,150.0,21.59607881568628,61.94148634401749,100412.83249335106,1,81.9923,7.782559,231.99230194091797,7.782559
22.604050632911395,114.06772151898734,150.0,21.59607881568628,61.94148634401749,100412.83249335106,1,82.3957,5.883128,232.39569854736328,5.883128
22.604050632911395,114.06797468354429,150.0,21.59607881568628,61.94148634401749,100412.83249335106,1,84.03967,6.9874616,234.0396728515625,6.9874616
22.604050632911395,114.06822784810126,150.0,21.59607881568628,61.94148634401749,100412.83249335106,1,83.28627,6.7512617,233.28627014160156,6.7512617
22.604050632911395,114.06848101265822,150.0,21.59607881568628,61.94148634401749,100412.83249335106,1,88.14921,7.726826,238.14920806884766,7.726826
22.604050632911395,114.06873417721518,150.0,21.59607881568628,61.94148634401749,100412.83249335106,1,89.80843,8.329972,239.80843353271484,8.329972
22.604050632911395,114.06898734177214,150.0,21.59607881568628,61.94148634401749,100412.83249335106,1,85.528656,8.809879,235.52865600585938,8.809879
22.604050632911395,114.06924050632911,150.0,21.59607881568628,61.94148634401749,100412.83249335106,1,89.286,8.328038,239.28600311279297,8.328038
22.604050632911395,114.06949367088608,150.0,21.59607881568628,61.94148634401749,100412.83249335106,1,87.1574,8.508348,237.15740203857422,8.508348
22.604050632911395,114.06974683544303,150.0,21.59607881568628,61.94148634401749,100412.83249335106,1,91.01904,7.389641,241.01904296875,7.389641
22.604050632911395,114.07,150.0,21.59607881568628,61.94148634401749,100412.83249335106,1,93.59669,9.251762,243.59668731689453,9.251762
22.604303797468354,114.05,150.0,21.59607881568628,61.94148634401749,100412.83249335106,1,0.20619,0.368275,150.2061900049448,0.368275
22.604303797468354,114.05025316455696,150.0,21.59607881568628,61.94148634401749,100412.83249335106,1,0.09583487,0.46376953,150.0958348736167,0.46376953
22.604303797468354,114.05050632911392,150.0,21.59607881568628,61.94148634401749,100412.83249335106,1,0.09322188,0.51176035,150.09322188049555,0.51176035
22.604303797468354,114.05075949367088,150.0,21.59607881568628,61.94148634401749,100412.83249335106,1,0.019746419,0.5136925,150.01974641904235,0.5136925
22.604303797468354,114.05101265822785,150.0,21.59607881568628,61.94148634401749,100412.83249335106,1,0.18459302,0.331774,150.18459302186966,0.331774
22.604303797468354,114.05126582278481,150.0,21.59607881568628,61.94148634401749,100412.83249335106,1,0.08139589,0.47946545,150.08139588683844,0.47946545
22.604303797468354,114.05151898734177,150.0,21.59607881568628,61.94148634401749,100412.83249335106,1,-0.04685019,0.49684167,149.9531498104334,0.49684167
22.604303797468354,114.05177215189873,150.0,21.59607881568628,61.94148634401749,100412.83249335106,1,0.08352146,0.6324085,150.08352146297693,0.6324085
22.604303797468354,114.0520253164557,150.0,21.59607881568628,61.94148634401749,100412.83249335106,1,0.064058736,0.539442,150.06405873596668,0.539442
22.604303797468354,114.05227848101265,150.0,21.59607881568628,61.94148634401749,100412.83249335106,1,0.0855862,0.49031472,150.08558619767427,0.49031472
22.604303797468354,114.05253164556962,150.0,21.59607881568628,61.94148634401749,100412.83249335106,1,-0.022668667,0.5555361,149.97733133286238,0.5555361
22.604303797468354,114.05278481012658,150.0,21.59607881568628,61.94148634401749,100412.83249335106,1,0.18356359,0.35144034,150.18356359004974,0.35144034
22.604303797468354,114.05303797468355,150.0,21.59607881568628,61.94148634401749,100412.83249335106,1,0.064384565,0.45042688,150.06438456475735,0.45042688
22.604303797468354,114.0532911392405,150.0,21.59607881568628,61.94148634401749,100412.83249335106,1,0.14504461,0.433518,150.1450446099043,0.433518
22.604303797468354,114.05354430379747,150.0,21.59607881568628,61.94148634401749,100412.83249335106,1,-0.046009913,0.5446927,149.9539900869131,0.5446927
22.604303797468354,114.05379746835443,150.0,21.59607881568628,61.94148634401749,100412.83249335106,1,-0.018661803,0.43170512,149.9813381973654,0.43170512
22.604303797468354,114.05405063291138,150.0,21.59607881568628,61.94148634401749,100412.83249335106,1,0.10139093,0.4183093,150.10139092803,0.4183093
22.604303797468354,114.05430379746835,150.0,21.59607881568628,61.94148634401749,100412.83249335106,1,0.04747564,0.5434109,150.0474756397307,0.5434109
22.604303797468354,114.05455696202532,150.0,21.59607881568628,61.94148634401749,100412.83249335106,1,0.044226427,0.5083489,150.0442264266312,0.5083489
22.604303797468354,114.05481012658227,150.0,21.59607881568628,61.94148634401749,100412.83249335106,1,0.013986721,0.5454953,150.01398672070354,0.5454953
22.604303797468354,114.05506329113923,150.0,21.59607881568628,61.94148634401749,100412.83249335106,1,0.103499085,0.5199936,150.10349908471107,0.5199936
22.604303797468354,114.0553164556962,150.0,21.59607881568628,61.94148634401749,100412.83249335106,1,0.11650887,0.7151474,150.1165088713169,0.7151474
22.604303797468354,114.05556962025317,150.0,21.59607881568628,61.94148634401749,100412.83249335106,1,0.26148546,0.5365381,150.26148545742035,0.5365381
22.604303797468354,114.05582278481012,150.0,21.59607881568628,61.94148634401749,100412.83249335106,1,-0.06434,0.68404394,149.9356599971652,0.68404394
22.604303797468354,114.05607594936708,150.0,21.59607881568628,61.94148634401749,100412.83249335106,1,0.11793452,0.6593409,150.1179345175624,0.6593409
22.604303797468354,114.05632911392405,150.0,21.59607881568628,61.94148634401749,100412.83249335106,1,-0.051005315,0.562477,149.94899468496442,0.562477
22.604303797468354,114.056582278481,150.0,21.59607881568628,61.94148634401749,100412.83249335106,1,-0.0862277,0.52331287,149.91377229988575,0.52331287
22.604303797468354,114.05683544303797,150.0,21.59607881568628,61.94148634401749,100412.83249335106,1,-0.037375607,0.41555724,149.96262439340353,0.41555724
22.604303797468354,114.05708860759493,150.0,21.59607881568628,61.94148634401749,100412.83249335106,1,-0.10610105,0.832478,149.89389894902706,0.832478
22.604303797468354,114.0573417721519,150.0,21.59607881568628,61.94148634401749,100412.83249335106,1,0.011016656,0.6223984,150.01101665571332,0.6223984
22.604303797468354,114.05759493670885,150.0,21.59607881568628,61.94148634401749,100412.83249335106,1,-0.1741344,0.68689793,149.82586559653282,0.68689793
22.604303797468354,114.05784810126582,150.0,21.59607881568628,61.94148634401749,100412.83249335106,1,0.012069628,0.57274836,150.01206962764263,0.57274836
22.604303797468354,114.05810126582278,150.0,21.59607881568628,61.94148634401749,100412.83249335106,1,-0.12893829,0.62724787,149.87106171250343,0.62724787
22.604303797468354,114.05835443037974,150.0,21.59607881568628,61.94148634401749,100412.83249335106,1,-0.49304962,0.7707455,149.50695037841797,0.7707455
22.604303797468354,114.0586075949367,150.0,21.59607881568628,61.94148634401749,100412.83249335106,1,0.040661257,0.78556216,150.04066125676036,0.78556216
22.604303797468354,114.05886075949367,150.0,21.59607881568628,61.94148634401749,100412.83249335106,1,-0.37731522,0.74593717,149.622684776783,0.74593717
22.604303797468354,114.05911392405064,150.0,21.59607881568628,61.94148634401749,100412.83249335106,1,-0.17400523,0.92395175,149.8259947746992,0.92395175
22.604303797468354,114.05936708860759,150.0,21.59607881568628,61.94148634401749,100412.83249335106,1,-0.24688888,0.7626822,149.7531111240387,0.7626822
22.604303797468354,114.05962025316455,150.0,21.59607881568628,61.94148634401749,100412.83249335106,1,1.7965412,6.619236,151.79654121398926,6.619236
22.604303797468354,114.05987341772152,150.0,21.59607881568628,61.94148634401749,100412.83249335106,1,0.13395716,2.2463553,150.13395716249943,2.2463553
22.604303797468354,114.06012658227847,150.0,21.59607881568628,61.94148634401749,100412.83249335106,1,1.9673197,4.7633123,151.96731972694397,4.7633123
22.604303797468354,114.06037974683544,150.0,21.59607881568628,61.94148634401749,100412.83249335106,1,1.7567875,4.9928465,151.75678753852844,4.9928465
22.604303797468354,114.0606329113924,150.0,21.59607881568628,61.94148634401749,100412.83249335106,1,2.0751922,4.4773216,152.07519221305847,4.4773216
22.604303797468354,114.06088607594936,150.0,21.59607881568628,61.94148634401749,100412.83249335106,1,9.019794,9.547663,159.01979446411133,9.547663
22.604303797468354,114.06113924050632,150.0,21.59607881568628,61.94148634401749,100412.83249335106,1,8.150179,9.599367,158.15017890930176,9.599367
22.604303797468354,114.06139240506329,150.0,21.59607881568628,61.94148634401749,100412.83249335106,1,14.458841,13.281175,164.45884132385254,13.281175
22.604303797468354,114.06164556962025,150.0,21.59607881568628,61.94148634401749,100412.83249335106,1,12.37994,12.373646,162.37994003295898,12.373646
22.604303797468354,114.0618987341772,150.0,21.59607881568628,61.94148634401749,100412.83249335106,1,13.818813,12.2804,163.8188133239746,12.2804
22.604303797468354,114.06215189873417,150.0,21.59607881568628,61.94148634401749,100412.83249335106,1,24.154486,14.703895,174.15448570251465,14.703895
22.604303797468354,114.06240506329114,150.0,21.59607881568628,61.94148634401749,100412.83249335106,1,31.540493,11.436371,181.5404930114746,11.436371
22.604303797468354,114.06265822784809,150.0,21.59607881568628,61.94148634401749,100412.83249335106,1,35.044724,13.426521,185.0447235107422,13.426521
22.604303797468354,114.06291139240506,150.0,21.59607881568628,61.94148634401749,100412.83249335106,1,31.179167,15.840449,181.17916679382324,15.840449
22.604303797468354,114.06316455696202,150.0,21.59607881568628,61.94148634401749,100412.83249335106,1,43.708874,12.240364,193.7088737487793,12.240364
22.604303797468354,114.06341772151899,150.0,21.59607881568628,61.94148634401749,100412.83249335106,1,51.174118,8.305703,201.1741180419922,8.305703
22.604303797468354,114.06367088607594,150.0,21.59607881568628,61.94148634401749,100412.83249335106,1,46.39243,13.2344675,196.39242935180664,13.2344675
22.604303797468354,114.0639240506329,150.0,21.59607881568628,61.94148634401749,100412.83249335106,1,50.99223,15.153896,200.99222946166992,15.153896
22.604303797468354,114.06417721518987,150.0,21.59607881568628,61.94148634401749,100412.83249335106,1,54.125378,10.096046,204.1253776550293,10.096046
22.604303797468354,114.06443037974682,150.0,21.59607881568628,61.94148634401749,100412.83249335106,1,62.00426,10.098321,212.0042610168457,10.098321
22.604303797468354,114.06468354430379,150.0,21.59607881568628,61.94148634401749,100412.83249335106,1,59.279,15.2001705,209.27899932861328,15.2001705
22.604303797468354,114.06493670886076,150.0,21.59607881568628,61.94148634401749,100412.83249335106,1,64.69861,9.585172,214.6986083984375,9.585172
22.604303797468354,114.06518987341772,150.0,21.59607881568628,61.94148634401749,100412.83249335106,1,63.813313,10.937534,213.81331253051758,10.937534
22.604303797468354,114.06544303797467,150.0,21.59607881568628,61.94148634401749,100412.83249335106,1,72.09402,7.320695,222.0940170288086,7.320695
22.604303797468354,114.06569620253164,150.0,21.59607881568628,61.94148634401749,100412.83249335106,1,63.51936,16.10472,213.51935958862305,16.10472
22.604303797468354,114.0659493670886,150.0,21.59607881568628,61.94148634401749,100412.83249335106,1,72.79578,13.873952,222.7957763671875,13.873952
22.604303797468354,114.06620253164556,150.0,21.59607881568628,61.94148634401749,100412.83249335106,1,73.211365,6.019934,223.21136474609375,6.019934
22.604303797468354,114.06645569620252,150.0,21.59607881568628,61.94148634401749,100412.83249335106,1,76.62633,7.901201,226.62632751464844,7.901201
22.604303797468354,114.06670886075949,150.0,21.59607881568628,61.94148634401749,100412.83249335106,1,76.76603,7.5422225,226.76602935791016,7.5422225
22.604303797468354,114.06696202531644,150.0,21.59607881568628,61.94148634401749,100412.83249335106,1,81.120094,7.8319354,231.1200942993164,7.8319354
22.604303797468354,114.06721518987341,150.0,21.59607881568628,61.94148634401749,100412.83249335106,1,80.39514,5.8135962,230.3951416015625,5.8135962
22.604303797468354,114.06746835443037,150.0,21.59607881568628,61.94148634401749,100412.83249335106,1,81.55364,12.741521,231.55364227294922,12.741521
22.604303797468354,114.06772151898734,150.0,21.59607881568628,61.94148634401749,100412.83249335106,1,83.35825,6.6158643,233.3582534790039,6.6158643
22.604303797468354,114.06797468354429,150.0,21.59607881568628,61.94148634401749,100412.83249335106,1,81.98734,6.6897764,231.98734283447266,6.6897764
22.604303797468354,114.06822784810126,150.0,21.59607881568628,61.94148634401749,100412.83249335106,1,83.13222,8.661474,233.13221740722656,8.661474
22.604303797468354,114.06848101265822,150.0,21.59607881568628,61.94148634401749,100412.83249335106,1,84.92444,6.652273,234.9244384765625,6.652273
22.604303797468354,114.06873417721518,150.0,21.59607881568628,61.94148634401749,100412.83249335106,1,87.14421,7.121483,237.1442108154297,7.121483
22.604303797468354,114.06898734177214,150.0,21.59607881568628,61.94148634401749,100412.83249335106,1,87.860245,8.707475,237.86024475097656,8.707475
22.604303797468354,114.06924050632911,150.0,21.59607881568628,61.94148634401749,100412.83249335106,1,85.75816,14.491197,235.75816345214844,14.491197
22.604303797468354,114.06949367088608,150.0,21.59607881568628,61.94148634401749,100412.83249335106,1,89.585335,7.2103744,239.58533477783203,7.2103744
22.604303797468354,114.06974683544303,150.0,21.59607881568628,61.94148634401749,100412.83249335106,1,90.60286,8.40459,240.6028594970703,8.40459
22.604303797468354,114.07,150.0,21.59607881568628,61.94148634401749,100412.83249335106,1,91.51078,8.865543,241.51078033447266,8.865543
22.604556962025317,114.05,150.0,21.59607881568628,61.94148634401749,100412.83249335106,1,0.18053436,0.45534694,150.18053436279297,0.45534694
22.604556962025317,114.05025316455696,150.0,21.59607881568628,61.94148634401749,100412.83249335106,1,0.122091204,0.5609978,150.122091203928,0.5609978
22.604556962025317,114.05050632911392,150.0,21.59607881568628,61.94148634401749,100412.83249335106,1,0.06460819,0.5321606,150.06460818648338,0.5321606
22.604556962025317,114.05075949367088,150.0,21.59607881568628,61.94148634401749,100412.83249335106,1,0.14878616,0.4846213,150.1487861573696,0.4846213
22.604556962025317,114.05101265822785,150.0,21.59607881568628,61.94148634401749,100412.83249335106,1,0.18960057,0.47426564,150.18960057199,0.47426564
22.604556962025317,114.05126582278481,150.0,21.59607881568628,61.94148634401749,100412.83249335106,1,0.13662693,0.3743167,150.13662692904472,0.3743167
22.604556962025317,114.05151898734177,150.0,21.59607881568628,61.94148634401749,100412.83249335106,1,0.053256378,0.50615543,150.05325637757778,0.50615543
22.604556962025317,114.05177215189873,150.0,21.59607881568628,61.94148634401749,100412.83249335106,1,0.20670392,0.38190702,150.20670391619205,0.38190702
22.604556962025317,114.0520253164557,150.0,21.59607881568628,61.94148634401749,100412.83249335106,1,0.25424242,0.5914568,150.25424242019653,0.5914568
22.604556962025317,114.05227848101265,150.0,21.59607881568628,61.94148634401749,100412.83249335106,1,0.16208026,0.5004626,150.16208025813103,0.5004626
22.604556962025317,114.05253164556962,150.0,21.59607881568628,61.94148634401749,100412.83249335106,1,0.019727008,0.53172874,150.01972700841725,0.53172874
22.604556962025317,114.05278481012658,150.0,21.59607881568628,61.94148634401749,100412.83249335106,1,-0.09145811,0.4425152,149.90854188799858,0.4425152
22.604556962025317,114.05303797468355,150.0,21.59607881568628,61.94148634401749,100412.83249335106,1,0.11026797,0.558506,150.1102679669857,0.558506
22.604556962025317,114.0532911392405,150.0,21.59607881568628,61.94148634401749,100412.83249335106,1,0.09242302,0.5565992,150.09242302179337,0.5565992
22.604556962025317,114.05354430379747,150.0,21.59607881568628,61.94148634401749,100412.83249335106,1,-0.01071231,0.27000463,149.98928769025952,0.27000463
22.604556962025317,114.05379746835443,150.0,21.59607881568628,61.94148634401749,100412.83249335106,1,0.1797038,0.44647732,150.17970380187035,0.44647732
22.604556962025317,114.05405063291138,150.0,21.59607881568628,61.94148634401749,100412.83249335106,1,-0.031174334,0.52567273,149.9688256662339,0.52567273
22.604556962025317,114.05430379746835,150.0,21.59607881568628,61.94148634401749,100412.83249335106,1,-0.03471716,0.4550389,149.9652828387916,0.4550389
22.604556962025317,114.05455696202532,150.0,21.59607881568628,61.94148634401749,100412.83249335106,1,0.26278958,0.7423744,150.2627895772457,0.7423744
22.604556962025317,114.05481012658227,150.0,21.59607881568628,61.94148634401749,100412.83249335106,1,-0.16462491,0.44124648,149.83537508547306,0.44124648
22.604556962025317,114.05506329113923,150.0,21.59607881568628,61.94148634401749,100412.83249335106,1,-0.09065737,0.5218948,149.90934263169765,0.5218948
22.604556962025317,114.0553164556962,150.0,21.59607881568628,61.94148634401749,100412.83249335106,1,0.1680416,0.6249444,150.16804160177708,0.6249444
22.604556962025317,114.05556962025317,150.0,21.59607881568628,61.94148634401749,100412.83249335106,1,-0.0044927965,0.57457155,149.99550720350817,0.57457155
22.604556962025317,114.05582278481012,150.0,21.59607881568628,61.94148634401749,100412.83249335106,1,0.11733666,0.46618277,150.11733666062355,0.46618277
22.604556962025317,114.05607594936708,150.0,21.59607881568628,61.94148634401749,100412.83249335106,1,-0.07495444,0.636947,149.92504555732012,0.636947
22.604556962025317,114.05632911392405,150.0,21.59607881568628,61.94148634401749,100412.83249335106,1,-0.115179785,0.6528641,149.88482021540403,0.6528641
22.604556962025317,114.056582278481,150.0,21.59607881568628,61.94148634401749,100412.83249335106,1,-0.204304,0.6975515,149.79569600522518,0.6975515
22.604556962025317,114.05683544303797,150.0,21.59607881568628,61.94148634401749,100412.83249335106,1,-0.22416031,0.671245,149.77583968639374,0.671245
22.604556962025317,114.05708860759493,150.0,21.59607881568628,61.94148634401749,100412.83249335106,1,-0.044244826,0.62327,149.95575517416,0.62327
22.604556962025317,114.0573417721519,150.0,21.59607881568628,61.94148634401749,100412.83249335106,1,0.106345445,0.5858375,150.10634544491768,0.5858375
22.604556962025317,114.05759493670885,150.0,21.59607881568628,61.94148634401749,100412.83249335106,1,-0.21652171,0.56412315,149.7834782898426,0.56412315
22.604556962025317,114.05784810126582,150.0,21.59607881568628,61.94148634401749,100412.83249335106,1,0.23126127,1.2328142,150.2312612682581,1.2328142
22.604556962025317,114.05810126582278,150.0,21.59607881568628,61.94148634401749,100412.83249335106,1,-0.20630871,0.99625117,149.79369129240513,0.99625117
22.604556962025317,114.05835443037974,150.0,21.59607881568628,61.94148634401749,100412.83249335106,1,-0.20544533,0.8107527,149.7945546656847,0.8107527
22.604556962025317,114.0586075949367,150.0,21.59607881568628,61.94148634401749,100412.83249335106,1,-0.14446722,0.9415576,149.85553278028965,0.9415576
22.604556962025317,114.05886075949367,150.0,21.59607881568628,61.94148634401749,100412.83249335106,1,-0.52891934,0.99147576,149.47108066082,0.99147576
22.604556962025317,114.05911392405064,150.0,21.59607881568628,61.94148634401749,100412.83249335106,1,-0.28111658,1.1935154,149.71888342499733,1.1935154
22.604556962025317,114.05936708860759,150.0,21.59607881568628,61.94148634401749,100412.83249335106,1,0.5020306,3.1383295,150.5020306110382,3.1383295
22.604556962025317,114.05962025316455,150.0,21.59607881568628,61.94148634401749,100412.83249335106,1,0.4823202,2.1165807,150.482320189476,2.1165807
22.604556962025317,114.05987341772152,150.0,21.59607881568628,61.94148634401749,100412.83249335106,1,1.1029185,3.2829835,151.10291850566864,3.2829835
22.604556962025317,114.06012658227847,150.0,21.59607881568628,61.94148634401749,100412.83249335106,1,3.9014482,5.689049,153.9014482498169,5.689049
22.604556962025317,114.06037974683544,150.0,21.59607881568628,61.94148634401749,100412.83249335106,1,0.12454045,2.7237225,150.12454044818878,2.7237225
22.604556962025317,114.0606329113924,150.0,21.59607881568628,61.94148634401749,100412.83249335106,1,5.665693,7.3848977,155.6656928062439,7.3848977
22.604556962025317,114.06088607594936,150.0,21.59607881568628,61.94148634401749,100412.83249335106,1,5.642637,5.8619347,155.64263677597046,5.8619347
22.604556962025317,114.06113924050632,150.0,21.59607881568628,61.94148634401749,100412.83249335106,1,8.430848,9.544424,158.43084812164307,9.544424
22.604556962025317,114.06139240506329,150.0,21.59607881568628,61.94148634401749,100412.83249335106,1,8.429528,10.283913,158.42952823638916,10.283913
22.604556962025317,114.06164556962025,150.0,21.59607881568628,61.94148634401749,100412.83249335106,1,16.209711,11.366613,166.2097110748291,11.366613
22.604556962025317,114.0618987341772,150.0,21.59607881568628,61.94148634401749,100412.83249335106,1,25.466026,13.085567,175.46602630615234,13.085567
22.604556962025317,114.06215189873417,150.0,21.59607881568628,61.94148634401749,100412.83249335106,1,21.557652,13.370425,171.5576515197754,13.370425
22.604556962025317,114.06240506329114,150.0,21.59607881568628,61.94148634401749,100412.83249335106,1,30.39327,10.044625,180.3932704925537,10.044625
22.604556962025317,114.06265822784809,150.0,21.59607881568628,61.94148634401749,100412.83249335106,1,31.87819,15.109944,181.87818908691406,15.109944
22.604556962025317,114.06291139240506,150.0,21.59607881568628,61.94148634401749,100412.83249335106,1,37.67738,12.264651,187.6773796081543,12.264651
22.604556962025317,114.06316455696202,150.0,21.59607881568628,61.94148634401749,100412.83249335106,1,35.471092,14.003065,185.4710922241211,14.003065
22.604556962025317,114.06341772151899,150.0,21.59607881568628,61.94148634401749,100412.83249335106,1,45.13741,10.775893,195.13740921020508,10.775893
22.604556962025317,114.06367088607594,150.0,21.59607881568628,61.94148634401749,100412.83249335106,1,50.74112,8.569276,200.74111938476562,8.569276
22.604556962025317,114.0639240506329,150.0,21.59607881568628,61.94148634401749,100412.83249335106,1,50.85549,12.228729,200.8554916381836,12.228729
22.604556962025317,114.06417721518987,150.0,21.59607881568628,61.94148634401749,100412.83249335106,1,53.04708,11.320441,203.04708099365234,11.320441
22.604556962025317,114.06443037974682,150.0,21.59607881568628,61.94148634401749,100412.83249335106,1,59.23965,13.430138,209.23965072631836,13.430138
22.604556962025317,114.06468354430379,150.0,21.59607881568628,61.94148634401749,100412.83249335106,1,58.500977,13.721772,208.5009765625,13.721772
22.604556962025317,114.06493670886076,150.0,21.59607881568628,61.94148634401749,100412.83249335106,1,65.72901,10.767808,215.72901153564453,10.767808
22.604556962025317,114.06518987341772,150.0,21.59607881568628,61.94148634401749,100412.83249335106,1,57.58143,20.156883,207.58142852783203,20.156883
22.604556962025317,114.06544303797467,150.0,21.59607881568628,61.94148634401749,100412.83249335106,1,71.34489,7.3365035,221.34488677978516,7.3365035
22.604556962025317,114.06569620253164,150.0,21.59607881568628,61.94148634401749,100412.83249335106,1,70.1204,8.721312,220.12039947509766,8.721312
22.604556962025317,114.0659493670886,150.0,21.59607881568628,61.94148634401749,100412.83249335106,1,72.525116,6.666393,222.52511596679688,6.666393
22.604556962025317,114.06620253164556,150.0,21.59607881568628,61.94148634401749,100412.83249335106,1,73.28796,7.7080812,223.28795623779297,7.7080812
22.604556962025317,114.06645569620252,150.0,21.59607881568628,61.94148634401749,100412.83249335106,1,76.766975,6.511682,226.76697540283203,6.511682
22.604556962025317,114.06670886075949,150.0,21.59607881568628,61.94148634401749,100412.83249335106,1,79.3124,7.4267573,229.3124008178711,7.4267573
22.604556962025317,114.06696202531644,150.0,21.59607881568628,61.94148634401749,100412.83249335106,1,79.39075,7.5304446,229.3907470703125,7.5304446
22.604556962025317,114.06721518987341,150.0,21.59607881568628,61.94148634401749,100412.83249335106,1,79.86454,7.9653225,229.86454010009766,7.9653225
22.604556962025317,114.06746835443037,150.0,21.59607881568628,61.94148634401749,100412.83249335106,1,79.26572,10.983429,229.26571655273438,10.983429
22.604556962025317,114.06772151898734,150.0,21.59607881568628,61.94148634401749,100412.83249335106,1,82.70235,5.9552298,232.7023468017578,5.9552298
22.604556962025317,114.06797468354429,150.0,21.59607881568628,61.94148634401749,100412.83249335106,1,84.77732,8.452631,234.7773208618164,8.452631
22.604556962025317,114.06822784810126,150.0,21.59607881568628,61.94148634401749,100412.83249335106,1,82.06806,7.4742413,232.06806182861328,7.4742413
22.604556962025317,114.06848101265822,150.0,21.59607881568628,61.94148634401749,100412.83249335106,1,87.733086,7.559592,237.73308563232422,7.559592
22.604556962025317,114.06873417721518,150.0,21.59607881568628,61.94148634401749,100412.83249335106,1,86.618355,7.1489897,236.61835479736328,7.1489897
22.604556962025317,114.06898734177214,150.0,21.59607881568628,61.94148634401749,100412.83249335106,1,87.720146,6.290606,237.72014617919922,6.290606
22.604556962025317,114.06924050632911,150.0,21.59607881568628,61.94148634401749,100412.83249335106,1,86.11361,8.731826,236.11360931396484,8.731826
22.604556962025317,114.06949367088608,150.0,21.59607881568628,61.94148634401749,100412.83249335106,1,88.15515,7.9565887,238.1551513671875,7.9565887
22.604556962025317,114.06974683544303,150.0,21.59607881568628,61.94148634401749,100412.83249335106,1,90.948425,8.702943,240.94842529296875,8.702943
22.604556962025317,114.07,150.0,21.59607881568628,61.94148634401749,100412.83249335106,1,89.60216,16.34806,239.60215759277344,16.34806
22.60481012658228,114.05,150.0,21.59607881568628,61.94148634401749,100412.83249335106,1,-0.001455715,0.46698523,149.99854428495746,0.46698523
22.60481012658228,114.05025316455696,150.0,21.59607881568628,61.94148634401749,100412.83249335106,1,0.20476878,0.43388456,150.20476877689362,0.43388456
22.60481012658228,114.05050632911392,150.0,21.59607881568628,61.94148634401749,100412.83249335106,1,0.045825586,0.45864427,150.04582558572292,0.45864427
22.60481012658228,114.05075949367088,150.0,21.59607881568628,61.94148634401749,100412.83249335106,1,-0.031538352,0.376667,149.96846164762974,0.376667
22.60481012658228,114.05101265822785,150.0,21.59607881568628,61.94148634401749,100412.83249335106,1,0.12008085,0.58929765,150.12008085101843,0.58929765
22.60481012658228,114.05126582278481,150.0,21.59607881568628,61.94148634401749,100412.83249335106,1,0.10517574,0.4838567,150.10517574101686,0.4838567
22.60481012658228,114.05151898734177,150.0,21.59607881568628,61.94148634401749,100412.83249335106,1,-0.041649416,0.43669936,149.95835058391094,0.43669936
22.60481012658228,114.05177215189873,150.0,21.59607881568628,61.94148634401749,100412.83249335106,1,0.048457883,0.47931275,150.0484578832984,0.47931275
22.60481012658228,114.0520253164557,150.0,21.59607881568628,61.94148634401749,100412.83249335106,1,0.013649655,0.4272422,150.0136496545747,0.4272422
22.60481012658228,114.05227848101265,150.0,21.59607881568628,61.94148634401749,100412.83249335106,1,0.1237348,0.5045625,150.12373480200768,0.5045625
22.60481012658228,114.05253164556962,150.0,21.59607881568628,61.94148634401749,100412.83249335106,1,-0.067637764,0.43087384,149.93236223608255,0.43087384
22.60481012658228,114.05278481012658,150.0,21.59607881568628,61.94148634401749,100412.83249335106,1,0.0833357,0.40108752,150.0833356976509,0.40108752
22.60481012658228,114.05303797468355,150.0,21.59607881568628,61.94148634401749,100412.83249335106,1,0.06387665,0.48365754,150.06387665122747,0.48365754
22.60481012658228,114.0532911392405,150.0,21.59607881568628,61.94148634401749,100412.83249335106,1,0.23411268,0.4187035,150.23411267995834,0.4187035
22.60481012658228,114.05354430379747,150.0,21.59607881568628,61.94148634401749,100412.83249335106,1,0.05723294,0.4880984,150.05723293870687,0.4880984
22.60481012658228,114.05379746835443,150.0,21.59607881568628,61.94148634401749,100412.83249335106,1,-0.1459619,0.44966775,149.85403810441494,0.44966775
22.60481012658228,114.05405063291138,150.0,21.59607881568628,61.94148634401749,100412.83249335106,1,-0.10454878,0.43312985,149.89545121788979,0.43312985
22.60481012658228,114.05430379746835,150.0,21.59607881568628,61.94148634401749,100412.83249335106,1,0.023475135,0.6050988,150.02347513474524,0.6050988
22.60481012658228,114.05455696202532,150.0,21.59607881568628,61.94148634401749,100412.83249335106,1,-0.065181196,0.49177256,149.93481880426407,0.49177256
22.60481012658228,114.05481012658227,150.0,21.59607881568628,61.94148634401749,100412.83249335106,1,0.03680704,0.5843851,150.03680704161525,0.5843851
22.60481012658228,114.05506329113923,150.0,21.59607881568628,61.94148634401749,100412.83249335106,1,-0.19214778,0.62163144,149.8078522235155,0.62163144
22.60481012658228,114.0553164556962,150.0,21.59607881568628,61.94148634401749,100412.83249335106,1,0.060616694,0.64634776,150.06061669439077,0.64634776
22.60481012658228,114.05556962025317,150.0,21.59607881568628,61.94148634401749,100412.83249335106,1,-0.04190967,0.7205114,149.9580903314054,0.7205114
22.60481012658228,114.05582278481012,150.0,21.59607881568628,61.94148634401749,100412.83249335106,1,0.107615985,0.56531066,150.1076159849763,0.56531066
22.60481012658228,114.05607594936708,150.0,21.59607881568628,61.94148634401749,100412.83249335106,1,0.059484065,0.6458447,150.059484064579,0.6458447
22.60481012658228,114.05632911392405,150.0,21.59607881568628,61.94148634401749,100412.83249335106,1,-0.15369357,0.72215813,149.84630642831326,0.72215813
22.60481012658228,114.056582278481,150.0,21.59607881568628,61.94148634401749,100412.83249335106,1,-0.32555404,0.7317771,149.67444595694542,0.7317771
22.60481012658228,114.05683544303797,150.0,21.59607881568628,61.94148634401749,100412.83249335106,1,-0.5644794,0.79849654,149.43552058935165,0.79849654
22.60481012658228,114.05708860759493,150.0,21.59607881568628,61.94148634401749,100412.83249335106,1,-0.28109983,0.7201011,149.7189001739025,0.7201011
22.60481012658228,114.0573417721519,150.0,21.59607881568628,61.94148634401749,100412.83249335106,1,-0.22320738,0.65132403,149.77679261565208,0.65132403
22.60481012658228,114.05759493670885,150.0,21.59607881568628,61.94148634401749,100412.83249335106,1,-0.3809148,0.88674814,149.61908519268036,0.88674814
22.60481012658228,114.05784810126582,150.0,21.59607881568628,61.94148634401749,100412.83249335106,1,-0.2961468,1.0260696,149.70385318994522,1.0260696
22.60481012658228,114.05810126582278,150.0,21.59607881568628,61.94148634401749,100412.83249335106,1,-0.276479,1.3138527,149.7235209941864,1.3138527
22.60481012658228,114.05835443037974,150.0,21.59607881568628,61.94148634401749,100412.83249335106,1,-0.3486716,0.96977353,149.65132841467857,0.96977353
22.60481012658228,114.0586075949367,150.0,21.59607881568628,61.94148634401749,100412.83249335106,1,-0.072477505,2.5725608,149.92752249538898,2.5725608
22.60481012658228,114.05886075949367,150.0,21.59607881568628,61.94148634401749,100412.83249335106,1,-0.16472344,1.1202173,149.83527655899525,1.1202173
22.60481012658228,114.05911392405064,150.0,21.59607881568628,61.94148634401749,100412.83249335106,1,1.2544957,3.433893,151.25449573993683,3.433893
22.60481012658228,114.05936708860759,150.0,21.59607881568628,61.94148634401749,100412.83249335106,1,0.381819,1.7534772,150.38181900978088,1.7534772
22.60481012658228,114.05962025316455,150.0,21.59607881568628,61.94148634401749,100412.83249335106,1,0.79202396,4.510305,150.79202395677567,4.510305
22.60481012658228,114.05987341772152,150.0,21.59607881568628,61.94148634401749,100412.83249335106,1,2.4449594,4.7379456,152.44495940208435,4.7379456
22.60481012658228,114.06012658227847,150.0,21.59607881568628,61.94148634401749,100412.83249335106,1,4.196871,6.22825,154.196870803833,6.22825
22.60481012658228,114.06037974683544,150.0,21.59607881568628,61.94148634401749,100412.83249335106,1,3.7616935,3.9685996,153.76169347763062,3.9685996
22.60481012658228,114.0606329113924,150.0,21.59607881568628,61.94148634401749,100412.83249335106,1,3.7515218,5.899052,153.7515218257904,5.899052
22.60481012658228,114.06088607594936,150.0,21.59607881568628,61.94148634401749,100412.83249335106,1,5.1355553,6.3770094,155.13555526733398,6.3770094
22.60481012658228,114.06113924050632,150.0,21.59607881568628,61.94148634401749,100412.83249335106,1,11.331533,6.563976,161.33153343200684,6.563976
22.60481012658228,114.06139240506329,150.0,21.59607881568628,61.94148634401749,100412.83249335106,1,9.0925,8.372748,159.0924997329712,8.372748
22.60481012658228,114.06164556962025,150.0,21.59607881568628,61.94148634401749,100412.83249335106,1,16.553118,11.307305,166.5531177520752,11.307305
22.60481012658228,114.0618987341772,150.0,21.59607881568628,61.94148634401749,100412.83249335106,1,19.117487,10.9106245,169.11748695373535,10.9106245
22.60481012658228,114.06215189873417,150.0,21.59607881568628,61.94148634401749,100412.83249335106,1,24.710882,9.884501,174.71088218688965,9.884501
22.60481012658228,114.06240506329114,150.0,21.59607881568628,61.94148634401749,100412.83249335106,1,29.014545,11.888725,179.01454544067383,11.888725
22.60481012658228,114.06265822784809,150.0,21.59607881568628,61.94148634401749,100412.83249335106,1,27.959034,11.771175,177.95903396606445,11.771175
22.60481012658228,114.06291139240506,150.0,21.59607881568628,61.94148634401749,100412.83249335106,1,38.50591,10.766902,188.50590896606445,10.766902
22.60481012658228,114.06316455696202,150.0,21.59607881568628,61.94148634401749,100412.83249335106,1,34.104515,15.276662,184.1045150756836,15.276662
22.60481012658228,114.06341772151899,150.0,21.59607881568628,61.94148634401749,100412.83249335106,1,46.130825,11.182114,196.1308250427246,11.182114
22.60481012658228,114.06367088607594,150.0,21.59607881568628,61.94148634401749,100412.83249335106,1,45.14489,13.943453,195.14488983154297,13.943453
22.60481012658228,114.0639240506329,150.0,21.59607881568628,61.94148634401749,100412.83249335106,1,55.009937,10.211204,205.00993728637695,10.211204
22.60481012658228,114.06417721518987,150.0,21.59607881568628,61.94148634401749,100412.83249335106,1,55.129154,10.840642,205.12915420532227,10.840642
22.60481012658228,114.06443037974682,150.0,21.59607881568628,61.94148634401749,100412.83249335106,1,60.46797,8.014218,210.4679718017578,8.014218
22.60481012658228,114.06468354430379,150.0,21.59607881568628,61.94148634401749,100412.83249335106,1,55.04189,11.321611,205.04188919067383,11.321611
22.60481012658228,114.06493670886076,150.0,21.59607881568628,61.94148634401749,100412.83249335106,1,61.774754,9.353539,211.77475357055664,9.353539
22.60481012658228,114.06518987341772,150.0,21.59607881568628,61.94148634401749,100412.83249335106,1,66.348175,6.9964123,216.34817504882812,6.9964123
22.60481012658228,114.06544303797467,150.0,21.59607881568628,61.94148634401749,100412.83249335106,1,71.51636,10.859165,221.516357421875,10.859165
22.60481012658228,114.06569620253164,150.0,21.59607881568628,61.94148634401749,100412.83249335106,1,69.26069,5.748396,219.26068878173828,5.748396
22.60481012658228,114.0659493670886,150.0,21.59607881568628,61.94148634401749,100412.83249335106,1,76.18844,7.818666,226.18843841552734,7.818666
22.60481012658228,114.06620253164556,150.0,21.59607881568628,61.94148634401749,100412.83249335106,1,70.72026,15.723393,220.7202606201172,15.723393
22.60481012658228,114.06645569620252,150.0,21.59607881568628,61.94148634401749,100412.83249335106,1,77.413956,7.0482297,227.41395568847656,7.0482297
22.60481012658228,114.06670886075949,150.0,21.59607881568628,61.94148634401749,100412.83249335106,1,73.51416,15.392682,223.51416015625,15.392682
22.60481012658228,114.06696202531644,150.0,21.59607881568628,61.94148634401749,100412.83249335106,1,75.12298,7.1057606,225.12297821044922,7.1057606
22.60481012658228,114.06721518987341,150.0,21.59607881568628,61.94148634401749,100412.83249335106,1,79.406784,6.871242,229.4067840576172,6.871242
22.60481012658228,114.06746835443037,150.0,21.59607881568628,61.94148634401749,100412.83249335106,1,81.0151,7.505511,231.01509857177734,7.505511
22.60481012658228,114.06772151898734,150.0,21.59607881568628,61.94148634401749,100412.83249335106,1,82.93627,7.080706,232.93627166748047,7.080706
22.60481012658228,114.06797468354429,150.0,21.59607881568628,61.94148634401749,100412.83249335106,1,82.745445,5.741046,232.74544525146484,5.741046
22.60481012658228,114.06822784810126,150.0,21.59607881568628,61.94148634401749,100412.83249335106,1,82.73315,7.0947614,232.73314666748047,7.0947614
22.60481012658228,114.06848101265822,150.0,21.59607881568628,61.94148634401749,100412.83249335106,1,81.78274,8.439607,231.7827377319336,8.439607
22.60481012658228,114.06873417721518,150.0,21.59607881568628,61.94148634401749,100412.83249335106,1,83.665474,6.4268475,233.66547393798828,6.4268475
22.60481012658228,114.06898734177214,150.0,21.59607881568628,61.94148634401749,100412.83249335106,1,85.02451,8.6828375,235.0245132446289,8.6828375
22.60481012658228,114.06924050632911,150.0,21.59607881568628,61.94148634401749,100412.83249335106,1,87.65342,7.4543242,237.6534194946289,7.4543242
22.60481012658228,114.06949367088608,150.0,21.59607881568628,61.94148634401749,100412.83249335106,1,88.734985,9.114665,238.7349853515625,9.114665
22.60481012658228,114.06974683544303,150.0,21.59607881568628,61.94148634401749,100412.83249335106,1,87.30446,7.8103657,237.30445861816406,7.8103657
22.60481012658228,114.07,150.0,21.59607881568628,61.94148634401749,100412.83249335106,1,87.83684,9.740515,237.8368377685547,9.740515
22.605063291139242,114.05,150.0,21.59607881568628,61.94148634401749,100412.83249335106,1,0.14609362,0.36082953,150.14609362185,0.36082953
22.605063291139242,114.05025316455696,150.0,21.59607881568628,61.94148634401749,100412.83249335106,1,0.06773017,0.44131622,150.0677301734686,0.44131622
22.605063291139242,114.05050632911392,150.0,21.59607881568628,61.94148634401749,100412.83249335106,1,0.0035605102,0.5349115,150.00356051023118,0.5349115
22.605063291139242,114.05075949367088,150.0,21.59607881568628,61.94148634401749,100412.83249335106,1,0.2343418,0.5937791,150.23434180021286,0.5937791
22.605063291139242,114.05101265822785,150.0,21.59607881568628,61.94148634401749,100412.83249335106,1,0.086532556,0.3987804,150.08653255552053,0.3987804
22.605063291139242,114.05126582278481,150.0,21.59607881568628,61.94148634401749,100412.83249335106,1,0.05302164,0.55912185,150.0530216395855,0.55912185
22.605063291139242,114.05151898734177,150.0,21.59607881568628,61.94148634401749,100412.83249335106,1,0.047391567,0.45641074,150.04739156737924,0.45641074
22.605063291139242,114.05177215189873,150.0,21.59607881568628,61.94148634401749,100412.83249335106,1,-0.116705604,0.48695982,149.88329439610243,0.48695982
22.605063291139242,114.0520253164557,150.0,21.59607881568628,61.94148634401749,100412.83249335106,1,0.030525792,0.3893465,150.0305257923901,0.3893465
22.605063291139242,114.05227848101265,150.0,21.59607881568628,61.94148634401749,100412.83249335106,1,0.09781693,0.44248894,150.09781692922115,0.44248894
22.605063291139242,114.05253164556962,150.0,21.59607881568628,61.94148634401749,100412.83249335106,1,0.031736672,0.4732923,150.0317366719246,0.4732923
22.605063291139242,114.05278481012658,150.0,21.59607881568628,61.94148634401749,100412.83249335106,1,-0.0032543775,0.5527361,149.996745622484,0.5527361
22.605063291139242,114.05303797468355,150.0,21.59607881568628,61.94148634401749,100412.83249335106,1,0.07586148,0.5751922,150.07586147636175,0.5751922
22.605063291139242,114.0532911392405,150.0,21.59607881568628,61.94148634401749,100412.83249335106,1,0.02546312,0.5862486,150.0254631191492,0.5862486
22.605063291139242,114.05354430379747,150.0,21.59607881568628,61.94148634401749,100412.83249335106,1,-0.051519617,0.40924883,149.94848038256168,0.40924883
22.605063291139242,114.05379746835443,150.0,21.59607881568628,61.94148634401749,100412.83249335106,1,0.08112929,0.6141976,150.08112929016352,0.6141976
22.605063291139242,114.05405063291138,150.0,21.59607881568628,61.94148634401749,100412.83249335106,1,0.08421234,0.59242046,150.08421234041452,0.59242046
22.605063291139242,114.05430379746835,150.0,21.59607881568628,61.94148634401749,100412.83249335106,1,-0.079093225,0.87835807,149.9209067746997,0.87835807
22.605063291139242,114.05455696202532,150.0,21.59607881568628,61.94148634401749,100412.83249335106,1,-0.26030582,0.5921548,149.7396941781044,0.5921548
22.605063291139242,114.05481012658227,150.0,21.59607881568628,61.94148634401749,100412.83249335106,1,0.06431007,0.5474448,150.06431006640196,0.5474448
22.605063291139242,114.05506329113923,150.0,21.59607881568628,61.94148634401749,100412.83249335106,1,-0.09144179,0.7388742,149.90855821222067,0.7388742
22.605063291139242,114.0553164556962,150.0,21.59607881568628,61.94148634401749,100412.83249335106,1,0.029364971,0.66549194,150.029364971444,0.66549194
22.605063291139242,114.05556962025317,150.0,21.59607881568628,61.94148634401749,100412.83249335106,1,-0.17424895,0.58358246,149.82575105130672,0.58358246
22.605063291139242,114.05582278481012,150.0,21.59607881568628,61.94148634401749,100412.83249335106,1,-0.17926253,0.8632934,149.8207374662161,0.8632934
22.605063291139242,114.05607594936708,150.0,21.59607881568628,61.94148634401749,100412.83249335106,1,-0.25471297,0.6513864,149.7452870309353,0.6513864
22.605063291139242,114.05632911392405,150.0,21.59607881568628,61.94148634401749,100412.83249335106,1,-0.049621213,0.8905543,149.9503787867725,0.8905543
22.605063291139242,114.056582278481,150.0,21.59607881568628,61.94148634401749,100412.83249335106,1,-0.10266334,0.8439709,149.89733666181564,0.8439709
22.605063291139242,114.05683544303797,150.0,21.59607881568628,61.94148634401749,100412.83249335106,1,-0.08858941,0.89705634,149.9114105924964,0.89705634
22.605063291139242,114.05708860759493,150.0,21.59607881568628,61.94148634401749,100412.83249335106,1,-0.44263652,0.81675184,149.5573634803295,0.81675184
22.605063291139242,114.0573417721519,150.0,21.59607881568628,61.94148634401749,100412.83249335106,1,-0.10715074,1.2889096,149.8928492590785,1.2889096
22.605063291139242,114.05759493670885,150.0,21.59607881568628,61.94148634401749,100412.83249335106,1,0.67983943,3.2498758,150.67983943223953,3.2498758
22.605063291139242,114.05784810126582,150.0,21.59607881568628,61.94148634401749,100412.83249335106,1,0.12835735,1.189678,150.12835735082626,1.189678
22.605063291139242,114.05810126582278,150.0,21.59607881568628,61.94148634401749,100412.83249335106,1,0.23211299,1.5864162,150.2321129888296,1.5864162
22.605063291139242,114.05835443037974,150.0,21.59607881568628,61.94148634401749,100412.83249335106,1,0.557513,1.4958581,150.55751299858093,1.4958581
22.605063291139242,114.0586075949367,150.0,21.59607881568628,61.94148634401749,100412.83249335106,1,1.1152991,3.9875684,151.11529910564423,3.9875684
22.605063291139242,114.05886075949367,150.0,21.59607881568628,61.94148634401749,100412.83249335106,1,-0.038587023,1.6012268,149.96141297742724,1.6012268
22.605063291139242,114.05911392405064,150.0,21.59607881568628,61.94148634401749,100412.83249335106,1,0.6811964,2.36447,150.6811963915825,2.36447
22.605063291139242,114.05936708860759,150.0,21.59607881568628,61.94148634401749,100412.83249335106,1,0.32298267,1.4419316,150.32298266887665,1.4419316
22.605063291139242,114.05962025316455,150.0,21.59607881568628,61.94148634401749,100412.83249335106,1,3.8777475,5.35343,153.87774753570557,5.35343
22.605063291139242,114.05987341772152,150.0,21.59607881568628,61.94148634401749,100412.83249335106,1,3.4345832,4.013465,153.43458318710327,4.013465
22.605063291139242,114.06012658227847,150.0,21.59607881568628,61.94148634401749,100412.83249335106,1,2.494099,3.6277723,152.49409890174866,3.6277723
22.605063291139242,114.06037974683544,150.0,21.59607881568628,61.94148634401749,100412.83249335106,1,3.3645403,3.6102571,153.36454033851624,3.6102571
22.605063291139242,114.0606329113924,150.0,21.59607881568628,61.94148634401749,100412.83249335106,1,6.102987,5.312471,156.10298681259155,5.312471
22.605063291139242,114.06088607594936,150.0,21.59607881568628,61.94148634401749,100412.83249335106,1,10.150319,5.615833,160.15031909942627,5.615833
22.605063291139242,114.06113924050632,150.0,21.59607881568628,61.94148634401749,100412.83249335106,1,5.604884,6.654674,155.60488414764404,6.654674
22.605063291139242,114.06139240506329,150.0,21.59607881568628,61.94148634401749,100412.83249335106,1,16.197472,9.531823,166.19747161865234,9.531823
22.605063291139242,114.06164556962025,150.0,21.59607881568628,61.94148634401749,100412.83249335106,1,17.557138,9.985,167.55713844299316,9.985
22.605063291139242,114.0618987341772,150.0,21.59607881568628,61.94148634401749,100412.83249335106,1,19.92761,8.808935,169.92761039733887,8.808935
22.605063291139242,114.06215189873417,150.0,21.59607881568628,61.94148634401749,100412.83249335106,1,21.588804,9.771194,171.58880424499512,9.771194
22.605063291139242,114.06240506329114,150.0,21.59607881568628,61.94148634401749,100412.83249335106,1,30.322432,12.575788,180.32243156433105,12.575788
22.605063291139242,114.06265822784809,150.0,21.59607881568628,61.94148634401749,100412.83249335106,1,34.879158,10.614971,184.87915802001953,10.614971
22.605063291139242,114.06291139240506,150.0,21.59607881568628,61.94148634401749,100412.83249335106,1,30.480219,13.608188,180.4802188873291,13.608188
22.605063291139242,114.06316455696202,150.0,21.59607881568628,61.94148634401749,100412.83249335106,1,37.02914,10.0678215,187.0291404724121,10.0678215
22.605063291139242,114.06341772151899,150.0,21.59607881568628,61.94148634401749,100412.83249335106,1,45.905396,11.780511,195.9053955078125,11.780511
22.605063291139242,114.06367088607594,150.0,21.59607881568628,61.94148634401749,100412.83249335106,1,47.184483,12.818918,197.1844825744629,12.818918
22.605063291139242,114.0639240506329,150.0,21.59607881568628,61.94148634401749,100412.83249335106,1,53.738674,9.62325,203.73867416381836,9.62325
22.605063291139242,114.06417721518987,150.0,21.59607881568628,61.94148634401749,100412.83249335106,1,46.279755,9.576539,196.27975463867188,9.576539
22.605063291139242,114.06443037974682,150.0,21.59607881568628,61.94148634401749,100412.83249335106,1,58.76687,7.656965,208.7668685913086,7.656965
22.605063291139242,114.06468354430379,150.0,21.59607881568628,61.94148634401749,100412.83249335106,1,56.509933,12.981762,206.5099334716797,12.981762
22.605063291139242,114.06493670886076,150.0,21.59607881568628,61.94148634401749,100412.83249335106,1,63.59447,9.115579,213.5944709777832,9.115579
22.605063291139242,114.06518987341772,150.0,21.59607881568628,61.94148634401749,100412.83249335106,1,62.967644,10.365388,212.96764373779297,10.365388
22.605063291139242,114.06544303797467,150.0,21.59607881568628,61.94148634401749,100412.83249335106,1,67.214264,9.564469,217.21426391601562,9.564469
22.605063291139242,114.06569620253164,150.0,21.59607881568628,61.94148634401749,100412.83249335106,1,65.741035,13.984533,215.74103546142578,13.984533
22.605063291139242,114.0659493670886,150.0,21.59607881568628,61.94148634401749,100412.83249335106,1,72.22803,7.8445373,222.22802734375,7.8445373
22.605063291139242,114.06620253164556,150.0,21.59607881568628,61.94148634401749,100412.83249335106,1,76.45034,6.1031766,226.4503402709961,6.1031766
22.605063291139242,114.06645569620252,150.0,21.59607881568628,61.94148634401749,100412.83249335106,1,77.30345,6.9039025,227.30345153808594,6.9039025
22.605063291139242,114.06670886075949,150.0,21.59607881568628,61.94148634401749,100412.83249335106,1,74.29093,7.6989164,224.29093170166016,7.6989164
22.605063291139242,114.06696202531644,150.0,21.59607881568628,61.94148634401749,100412.83249335106,1,77.932594,5.982545,227.9325942993164,5.982545
22.605063291139242,114.06721518987341,150.0,21.59607881568628,61.94148634401749,100412.83249335106,1,79.41106,7.541873,229.4110565185547,7.541873
22.605063291139242,114.06746835443037,150.0,21.59607881568628,61.94148634401749,100412.83249335106,1,82.415085,7.299947,232.4150848388672,7.299947
22.605063291139242,114.06772151898734,150.0,21.59607881568628,61.94148634401749,100412.83249335106,1,77.33578,9.414036,227.33577728271484,9.414036
22.605063291139242,114.06797468354429,150.0,21.59607881568628,61.94148634401749,100412.83249335106,1,82.58424,7.7012625,232.58424377441406,7.7012625
22.605063291139242,114.06822784810126,150.0,21.59607881568628,61.94148634401749,100412.83249335106,1,82.28398,7.7396617,232.2839813232422,7.7396617
22.605063291139242,114.06848101265822,150.0,21.59607881568628,61.94148634401749,100412.83249335106,1,83.54877,6.824131,233.54876708984375,6.824131
22.605063291139242,114.06873417721518,150.0,21.59607881568628,61.94148634401749,100412.83249335106,1,83.41761,7.241516,233.41761016845703,7.241516
22.605063291139242,114.06898734177214,150.0,21.59607881568628,61.94148634401749,100412.83249335106,1,86.87484,5.5617385,236.87483978271484,5.5617385
22.605063291139242,114.06924050632911,150.0,21.59607881568628,61.94148634401749,100412.83249335106,1,90.90377,8.880832,240.90377044677734,8.880832
22.605063291139242,114.06949367088608,150.0,21.59607881568628,61.94148634401749,100412.83249335106,1,87.94395,7.7044997,237.9439468383789,7.7044997
22.605063291139242,114.06974683544303,150.0,21.59607881568628,61.94148634401749,100412.83249335106,1,90.90244,5.732128,240.9024429321289,5.732128
22.605063291139242,114.07,150.0,21.59607881568628,61.94148634401749,100412.83249335106,1,91.10953,8.859077,241.10952758789062,8.859077
22.605316455696205,114.05,150.0,21.59607881568628,61.94148634401749,100412.83249335106,1,0.18376136,0.5728889,150.1837613582611,0.5728889
22.605316455696205,114.05025316455696,150.0,21.59607881568628,61.94148634401749,100412.83249335106,1,0.12544526,0.3960793,150.12544526159763,0.3960793
22.605316455696205,114.05050632911392,150.0,21.59607881568628,61.94148634401749,100412.83249335106,1,0.11192345,0.36159343,150.11192344874144,0.36159343
22.605316455696205,114.05075949367088,150.0,21.59607881568628,61.94148634401749,100412.83249335106,1,0.17475234,0.38515887,150.17475233972073,0.38515887
22.605316455696205,114.05101265822785,150.0,21.59607881568628,61.94148634401749,100412.83249335106,1,0.07104024,0.3803664,150.07104024291039,0.3803664
22.605316455696205,114.05126582278481,150.0,21.59607881568628,61.94148634401749,100412.83249335106,1,0.052131955,0.3639898,150.05213195458055,0.3639898
22.605316455696205,114.05151898734177,150.0,21.59607881568628,61.94148634401749,100412.83249335106,1,0.08123564,0.44120273,150.08123563975096,0.44120273
22.605316455696205,114.05177215189873,150.0,21.59607881568628,61.94148634401749,100412.83249335106,1,-0.04515804,0.412963,149.95484196022153,0.412963
22.605316455696205,114.0520253164557,150.0,21.59607881568628,61.94148634401749,100412.83249335106,1,0.06243194,0.59810936,150.06243193894625,0.59810936
22.605316455696205,114.05227848101265,150.0,21.59607881568628,61.94148634401749,100412.83249335106,1,0.024467165,0.49981824,150.02446716465056,0.49981824
22.605316455696205,114.05253164556962,150.0,21.59607881568628,61.94148634401749,100412.83249335106,1,0.0305671,0.43908936,150.03056710027158,0.43908936
22.605316455696205,114.05278481012658,150.0,21.59607881568628,61.94148634401749,100412.83249335106,1,-0.15214925,0.53316164,149.84785075485706,0.53316164
22.605316455696205,114.05303797468355,150.0,21.59607881568628,61.94148634401749,100412.83249335106,1,0.035590876,0.4784489,150.03559087589383,0.4784489
22.605316455696205,114.0532911392405,150.0,21.59607881568628,61.94148634401749,100412.83249335106,1,-0.02158992,0.50028306,149.97841008007526,0.50028306
22.605316455696205,114.05354430379747,150.0,21.59607881568628,61.94148634401749,100412.83249335106,1,0.0339999,0.48708507,150.0339999012649,0.48708507
22.605316455696205,114.05379746835443,150.0,21.59607881568628,61.94148634401749,100412.83249335106,1,-0.09245403,0.43025702,149.9075459688902,0.43025702
22.605316455696205,114.05405063291138,150.0,21.59607881568628,61.94148634401749,100412.83249335106,1,-0.090014294,0.51166683,149.90998570621014,0.51166683
22.605316455696205,114.05430379746835,150.0,21.59607881568628,61.94148634401749,100412.83249335106,1,-0.06801242,0.5460151,149.93198758363724,0.5460151
22.605316455696205,114.05455696202532,150.0,21.59607881568628,61.94148634401749,100412.83249335106,1,-0.14289199,0.72590065,149.85710801184177,0.72590065
22.605316455696205,114.05481012658227,150.0,21.59607881568628,61.94148634401749,100412.83249335106,1,-0.07071484,0.52193624,149.92928516119719,0.52193624
22.605316455696205,114.05506329113923,150.0,21.59607881568628,61.94148634401749,100412.83249335106,1,-0.011655232,0.68477976,149.98834476806223,0.68477976
22.605316455696205,114.0553164556962,150.0,21.59607881568628,61.94148634401749,100412.83249335106,1,-0.063982666,0.6940374,149.9360173344612,0.6940374
22.605316455696205,114.05556962025317,150.0,21.59607881568628,61.94148634401749,100412.83249335106,1,-0.31387624,0.81850636,149.68612375855446,0.81850636
22.605316455696205,114.05582278481012,150.0,21.59607881568628,61.94148634401749,100412.83249335106,1,-0.1314366,0.95701253,149.86856339871883,0.95701253
22.605316455696205,114.05607594936708,150.0,21.59607881568628,61.94148634401749,100412.83249335106,1,-0.039716385,0.69676226,149.96028361469507,0.69676226
22.605316455696205,114.05632911392405,150.0,21.59607881568628,61.94148634401749,100412.83249335106,1,-0.36117473,0.7522835,149.63882526755333,0.7522835
22.605316455696205,114.056582278481,150.0,21.59607881568628,61.94148634401749,100412.83249335106,1,0.054290254,1.0875877,150.05429025366902,1.0875877
22.605316455696205,114.05683544303797,150.0,21.59607881568628,61.94148634401749,100412.83249335106,1,-0.29252884,0.9313915,149.70747116208076,0.9313915
22.605316455696205,114.05708860759493,150.0,21.59607881568628,61.94148634401749,100412.83249335106,1,0.03156752,1.7004746,150.0315675213933,1.7004746
22.605316455696205,114.0573417721519,150.0,21.59607881568628,61.94148634401749,100412.83249335106,1,-0.20370418,1.2289572,149.79629582166672,1.2289572
22.605316455696205,114.05759493670885,150.0,21.59607881568628,61.94148634401749,100412.83249335106,1,-0.3975662,1.1853266,149.60243380069733,1.1853266
22.605316455696205,114.05784810126582,150.0,21.59607881568628,61.94148634401749,100412.83249335106,1,-0.1543658,0.9698637,149.84563420712948,0.9698637
22.605316455696205,114.05810126582278,150.0,21.59607881568628,61.94148634401749,100412.83249335106,1,0.34758502,1.2203244,150.3475850224495,1.2203244
22.605316455696205,114.05835443037974,150.0,21.59607881568628,61.94148634401749,100412.83249335106,1,-0.32510623,1.3580186,149.67489376664162,1.3580186
22.605316455696205,114.0586075949367,150.0,21.59607881568628,61.94148634401749,100412.83249335106,1,-0.8044701,2.0420341,149.1955298781395,2.0420341
22.605316455696205,114.05886075949367,150.0,21.59607881568628,61.94148634401749,100412.83249335106,1,-0.7644138,1.1456649,149.23558622598648,1.1456649
22.605316455696205,114.05911392405064,150.0,21.59607881568628,61.94148634401749,100412.83249335106,1,-0.33596674,1.7218626,149.66403326392174,1.7218626
22.605316455696205,114.05936708860759,150.0,21.59607881568628,61.94148634401749,100412.83249335106,1,-0.11305566,2.257701,149.8869443386793,2.257701
22.605316455696205,114.05962025316455,150.0,21.59607881568628,61.94148634401749,100412.83249335106,1,-0.1838285,1.710713,149.81617149710655,1.710713
22.605316455696205,114.05987341772152,150.0,21.59607881568628,61.94148634401749,100412.83249335106,1,1.837278,2.5589886,151.837278008461,2.5589886
22.605316455696205,114.06012658227847,150.0,21.59607881568628,61.94148634401749,100412.83249335106,1,3.8884177,4.5348186,153.88841772079468,4.5348186
22.605316455696205,114.06037974683544,150.0,21.59607881568628,61.94148634401749,100412.83249335106,1,1.7181075,2.2806401,151.71810746192932,2.2806401
22.605316455696205,114.0606329113924,150.0,21.59607881568628,61.94148634401749,100412.83249335106,1,6.0449615,4.6428423,156.04496145248413,4.6428423
22.605316455696205,114.06088607594936,150.0,21.59607881568628,61.94148634401749,100412.83249335106,1,10.830943,5.40967,160.83094310760498,5.40967
22.605316455696205,114.06113924050632,150.0,21.59607881568628,61.94148634401749,100412.83249335106,1,13.262148,6.8201013,163.26214790344238,6.8201013
22.605316455696205,114.06139240506329,150.0,21.59607881568628,61.94148634401749,100412.83249335106,1,14.970454,7.3621883,164.97045421600342,7.3621883
22.605316455696205,114.06164556962025,150.0,21.59607881568628,61.94148634401749,100412.83249335106,1,13.228623,7.553788,163.22862339019775,7.553788
22.605316455696205,114.0618987341772,150.0,21.59607881568628,61.94148634401749,100412.83249335106,1,20.811462,9.353672,170.81146240234375,9.353672
22.605316455696205,114.06215189873417,150.0,21.59607881568628,61.94148634401749,100412.83249335106,1,19.963453,7.8252273,169.96345329284668,7.8252273
22.605316455696205,114.06240506329114,150.0,21.59607881568628,61.94148634401749,100412.83249335106,1,29.227743,9.154388,179.2277431488037,9.154388
22.605316455696205,114.06265822784809,150.0,21.59607881568628,61.94148634401749,100412.83249335106,1,24.88685,9.071222,174.88685035705566,9.071222
22.605316455696205,114.06291139240506,150.0,21.59607881568628,61.94148634401749,100412.83249335106,1,38.20417,11.159915,188.20417022705078,11.159915
22.605316455696205,114.06316455696202,150.0,21.59607881568628,61.94148634401749,100412.83249335106,1,34.08916,13.32245,184.08916091918945,13.32245
22.605316455696205,114.06341772151899,150.0,21.59607881568628,61.94148634401749,100412.83249335106,1,42.491894,8.833725,192.49189376831055,8.833725
22.605316455696205,114.06367088607594,150.0,21.59607881568628,61.94148634401749,100412.83249335106,1,43.422894,13.605718,193.42289352416992,13.605718
22.605316455696205,114.0639240506329,150.0,21.59607881568628,61.94148634401749,100412.83249335106,1,50.00149,7.115181,200.00149154663086,7.115181
22.605316455696205,114.06417721518987,150.0,21.59607881568628,61.94148634401749,100412.83249335106,1,49.702705,12.39428,199.70270538330078,12.39428
22.605316455696205,114.06443037974682,150.0,21.59607881568628,61.94148634401749,100412.83249335106,1,57.504864,8.048616,207.50486373901367,8.048616
22.605316455696205,114.06468354430379,150.0,21.59607881568628,61.94148634401749,100412.83249335106,1,57.07905,15.354075,207.07904815673828,15.354075
22.605316455696205,114.06493670886076,150.0,21.59607881568628,61.94148634401749,100412.83249335106,1,66.58728,6.858117,216.5872802734375,6.858117
22.605316455696205,114.06518987341772,150.0,21.59607881568628,61.94148634401749,100412.83249335106,1,62.92294,8.944635,212.9229393005371,8.944635
22.605316455696205,114.06544303797467,150.0,21.59607881568628,61.94148634401749,100412.83249335106,1,65.60415,10.449098,215.6041488647461,10.449098
22.605316455696205,114.06569620253164,150.0,21.59607881568628,61.94148634401749,100412.83249335106,1,63.94373,13.756849,213.94372940063477,13.756849
22.605316455696205,114.0659493670886,150.0,21.59607881568628,61.94148634401749,100412.83249335106,1,71.15874,9.107826,221.1587371826172,9.107826
22.605316455696205,114.06620253164556,150.0,21.59607881568628,61.94148634401749,100412.83249335106,1,70.24826,7.625407,220.24826049804688,7.625407
22.605316455696205,114.06645569620252,150.0,21.59607881568628,61.94148634401749,100412.83249335106,1,78.42528,5.7771235,228.42527770996094,5.7771235
22.605316455696205,114.06670886075949,150.0,21.59607881568628,61.94148634401749,100412.83249335106,1,73.465096,11.909854,223.46509552001953,11.909854
22.605316455696205,114.06696202531644,150.0,21.59607881568628,61.94148634401749,100412.83249335106,1,79.65046,6.5961742,229.65045928955078,6.5961742
22.605316455696205,114.06721518987341,150.0,21.59607881568628,61.94148634401749,100412.83249335106,1,77.76613,7.770732,227.76612854003906,7.770732
22.605316455696205,114.06746835443037,150.0,21.59607881568628,61.94148634401749,100412.83249335106,1,81.793655,7.572255,231.7936553955078,7.572255
22.605316455696205,114.06772151898734,150.0,21.59607881568628,61.94148634401749,100412.83249335106,1,80.8143,5.529446,230.81430053710938,5.529446
22.605316455696205,114.06797468354429,150.0,21.59607881568628,61.94148634401749,100412.83249335106,1,82.4939,8.006763,232.493896484375,8.006763
22.605316455696205,114.06822784810126,150.0,21.59607881568628,61.94148634401749,100412.83249335106,1,79.18856,16.916138,229.18856048583984,16.916138
22.605316455696205,114.06848101265822,150.0,21.59607881568628,61.94148634401749,100412.83249335106,1,86.500305,8.222275,236.50030517578125,8.222275
22.605316455696205,114.06873417721518,150.0,21.59607881568628,61.94148634401749,100412.83249335106,1,83.902626,5.50493,233.90262603759766,5.50493
22.605316455696205,114.06898734177214,150.0,21.59607881568628,61.94148634401749,100412.83249335106,1,87.71876,5.658426,237.71875762939453,5.658426
22.605316455696205,114.06924050632911,150.0,21.59607881568628,61.94148634401749,100412.83249335106,1,83.236565,14.46261,233.23656463623047,14.46261
22.605316455696205,114.06949367088608,150.0,21.59607881568628,61.94148634401749,100412.83249335106,1,89.00715,7.4871883,239.00714874267578,7.4871883
22.605316455696205,114.06974683544303,150.0,21.59607881568628,61.94148634401749,100412.83249335106,1,88.98124,7.834866,238.98123931884766,7.834866
22.605316455696205,114.07,150.0,21.59607881568628,61.94148634401749,100412.83249335106,1,88.548615,8.795282,238.54861450195312,8.795282
22.605569620253167,114.05,150.0,21.59607881568628,61.94148634401749,100412.83249335106,1,-0.013302856,0.41427442,149.98669714387506,0.41427442
22.605569620253167,114.05025316455696,150.0,21.59607881568628,61.94148634401749,100412.83249335106,1,0.15313645,0.47471118,150.15313644707203,0.47471118
22.605569620253167,114.05050632911392,150.0,21.59607881568628,61.94148634401749,100412.83249335106,1,0.12689587,0.51615983,150.1268958747387,0.51615983
22.605569620253167,114.05075949367088,150.0,21.59607881568628,61.94148634401749,100412.83249335106,1,-0.03821758,0.53438497,149.96178241819143,0.53438497
22.605569620253167,114.05101265822785,150.0,21.59607881568628,61.94148634401749,100412.83249335106,1,0.19695319,0.5411967,150.19695319235325,0.5411967
22.605569620253167,114.05126582278481,150.0,21.59607881568628,61.94148634401749,100412.83249335106,1,0.002355804,0.4608398,150.00235580396838,0.4608398
22.605569620253167,114.05151898734177,150.0,21.59607881568628,61.94148634401749,100412.83249335106,1,0.16397433,0.44198075,150.16397432982922,0.44198075
22.605569620253167,114.05177215189873,150.0,21.59607881568628,61.94148634401749,100412.83249335106,1,0.054158524,0.46092716,150.05415852367878,0.46092716
22.605569620253167,114.0520253164557,150.0,21.59607881568628,61.94148634401749,100412.83249335106,1,0.12019899,0.49640632,150.12019898742437,0.49640632
22.605569620253167,114.05227848101265,150.0,21.59607881568628,61.94148634401749,100412.83249335106,1,-0.010907426,0.59207386,149.98909257445484,0.59207386
22.605569620253167,114.05253164556962,150.0,21.59607881568628,61.94148634401749,100412.83249335106,1,-0.07528503,0.42578053,149.92471496760845,0.42578053
22.605569620253167,114.05278481012658,150.0,21.59607881568628,61.94148634401749,100412.83249335106,1,0.1657435,0.4906269,150.16574349999428,0.4906269
22.605569620253167,114.05303797468355,150.0,21.59607881568628,61.94148634401749,100412.83249335106,1,-0.2018383,0.60875916,149.79816170036793,0.60875916
22.605569620253167,114.0532911392405,150.0,21.59607881568628,61.94148634401749,100412.83249335106,1,0.06864518,0.48838493,150.0686451792717,0.48838493
22.605569620253167,114.05354430379747,150.0,21.59607881568628,61.94148634401749,100412.83249335106,1,0.17250992,0.6426377,150.1725099235773,0.6426377
22.605569620253167,114.05379746835443,150.0,21.59607881568628,61.94148634401749,100412.83249335106,1,-0.25461748,0.70208424,149.74538251757622,0.70208424
22.605569620253167,114.05405063291138,150.0,21.59607881568628,61.94148634401749,100412.83249335106,1,-0.022583006,0.67567974,149.97741699405015,0.67567974
22.605569620253167,114.05430379746835,150.0,21.59607881568628,61.94148634401749,100412.83249335106,1,-0.38833117,0.6347453,149.61166882514954,0.6347453
22.605569620253167,114.05455696202532,150.0,21.59607881568628,61.94148634401749,100412.83249335106,1,-0.022164326,0.83413494,149.97783567383885,0.83413494
22.605569620253167,114.05481012658227,150.0,21.59607881568628,61.94148634401749,100412.83249335106,1,-0.28595078,0.8500321,149.71404922008514,0.8500321
22.605569620253167,114.05506329113923,150.0,21.59607881568628,61.94148634401749,100412.83249335106,1,-0.13579287,1.4423113,149.86420713365078,1.4423113
22.605569620253167,114.0553164556962,150.0,21.59607881568628,61.94148634401749,100412.83249335106,1,-0.083360866,0.8498541,149.91663913428783,0.8498541
22.605569620253167,114.05556962025317,150.0,21.59607881568628,61.94148634401749,100412.83249335106,1,-0.06625799,1.1261826,149.9337420091033,1.1261826
22.605569620253167,114.05582278481012,150.0,21.59607881568628,61.94148634401749,100412.83249335106,1,0.013399497,1.2559247,150.01339949667454,1.2559247
22.605569620253167,114.05607594936708,150.0,21.59607881568628,61.94148634401749,100412.83249335106,1,0.21473244,0.9994597,150.21473243832588,0.9994597
22.605569620253167,114.05632911392405,150.0,21.59607881568628,61.94148634401749,100412.83249335106,1,0.22216171,1.4739814,150.2221617102623,1.4739814
22.605569620253167,114.056582278481,150.0,21.59607881568628,61.94148634401749,100412.83249335106,1,-0.23776342,1.133575,149.76223658025265,1.133575
22.605569620253167,114.05683544303797,150.0,21.59607881568628,61.94148634401749,100412.83249335106,1,-0.17310975,1.0792587,149.82689024508,1.0792587
22.605569620253167,114.05708860759493,150.0,21.59607881568628,61.94148634401749,100412.83249335106,1,-0.43924347,1.8046335,149.560756534338,1.8046335
22.605569620253167,114.0573417721519,150.0,21.59607881568628,61.94148634401749,100412.83249335106,1,-1.3943338,1.776221,148.6056661605835,1.776221
22.605569620253167,114.05759493670885,150.0,21.59607881568628,61.94148634401749,100412.83249335106,1,-1.6099664,2.287672,148.39003360271454,2.287672
22.605569620253167,114.05784810126582,150.0,21.59607881568628,61.94148634401749,100412.83249335106,1,-1.7573704,2.0966616,148.24262964725494,2.0966616
22.605569620253167,114.05810126582278,150.0,21.59607881568628,61.94148634401749,100412.83249335106,1,-3.530075,3.578768,146.4699249267578,3.578768
22.605569620253167,114.05835443037974,150.0,21.59607881568628,61.94148634401749,100412.83249335106,1,-4.9663925,3.8746169,145.03360748291016,3.8746169
22.605569620253167,114.0586075949367,150.0,21.59607881568628,61.94148634401749,100412.83249335106,1,-5.5369744,4.041625,144.46302556991577,4.041625
22.605569620253167,114.05886075949367,150.0,21.59607881568628,61.94148634401749,100412.83249335106,1,-2.963882,3.561513,147.0361180305481,3.561513
22.605569620253167,114.05911392405064,150.0,21.59607881568628,61.94148634401749,100412.83249335106,1,-3.4448333,4.2507086,146.555166721344,4.2507086
22.605569620253167,114.05936708860759,150.0,21.59607881568628,61.94148634401749,100412.83249335106,1,-3.5044842,4.15069,146.49551582336426,4.15069
22.605569620253167,114.05962025316455,150.0,21.59607881568628,61.94148634401749,100412.83249335106,1,-1.6057041,2.4535878,148.39429593086243,2.4535878
22.605569620253167,114.05987341772152,150.0,21.59607881568628,61.94148634401749,100412.83249335106,1,-0.7589207,1.5500174,149.2410792708397,1.5500174
22.605569620253167,114.06012658227847,150.0,21.59607881568628,61.94148634401749,100412.83249335106,1,0.5418936,1.9768062,150.54189360141754,1.9768062
22.605569620253167,114.06037974683544,150.0,21.59607881568628,61.94148634401749,100412.83249335106,1,6.492383,6.2750783,156.49238300323486,6.2750783
22.605569620253167,114.0606329113924,150.0,21.59607881568628,61.94148634401749,100412.83249335106,1,6.50288,5.812658,156.50288009643555,5.812658
22.605569620253167,114.06088607594936,150.0,21.59607881568628,61.94148634401749,100412.83249335106,1,7.0697246,5.4748054,157.06972455978394,5.4748054
22.605569620253167,114.06113924050632,150.0,21.59607881568628,61.94148634401749,100412.83249335106,1,9.07758,6.3270116,159.07758045196533,6.3270116
22.605569620253167,114.06139240506329,150.0,21.59607881568628,61.94148634401749,100412.83249335106,1,13.531486,6.728282,163.53148555755615,6.728282
22.605569620253167,114.06164556962025,150.0,21.59607881568628,61.94148634401749,100412.83249335106,1,17.931782,8.189873,167.93178176879883,8.189873
22.605569620253167,114.0618987341772,150.0,21.59607881568628,61.94148634401749,100412.83249335106,1,15.357796,7.440261,165.35779571533203,7.440261
22.605569620253167,114.06215189873417,150.0,21.59607881568628,61.94148634401749,100412.83249335106,1,20.331404,8.138545,170.3314037322998,8.138545
22.605569620253167,114.06240506329114,150.0,21.59607881568628,61.94148634401749,100412.83249335106,1,30.305834,11.337178,180.30583381652832,11.337178
22.605569620253167,114.06265822784809,150.0,21.59607881568628,61.94148634401749,100412.83249335106,1,27.022882,9.60272,177.02288246154785,9.60272
22.605569620253167,114.06291139240506,150.0,21.59607881568628,61.94148634401749,100412.83249335106,1,35.33328,9.263839,185.33327865600586,9.263839
22.605569620253167,114.06316455696202,150.0,21.59607881568628,61.94148634401749,100412.83249335106,1,33.58155,12.933217,183.58155059814453,12.933217
22.605569620253167,114.06341772151899,150.0,21.59607881568628,61.94148634401749,100412.83249335106,1,45.834976,11.271717,195.83497619628906,11.271717
22.605569620253167,114.06367088607594,150.0,21.59607881568628,61.94148634401749,100412.83249335106,1,40.018017,13.06135,190.01801681518555,13.06135
22.605569620253167,114.0639240506329,150.0,21.59607881568628,61.94148634401749,100412.83249335106,1,52.12859,9.303815,202.12858963012695,9.303815
22.605569620253167,114.06417721518987,150.0,21.59607881568628,61.94148634401749,100412.83249335106,1,46.857086,12.838422,196.85708618164062,12.838422
22.605569620253167,114.06443037974682,150.0,21.59607881568628,61.94148634401749,100412.83249335106,1,56.671673,9.941621,206.67167282104492,9.941621
22.605569620253167,114.06468354430379,150.0,21.59607881568628,61.94148634401749,100412.83249335106,1,52.631317,17.7105,202.63131713867188,17.7105
22.605569620253167,114.06493670886076,150.0,21.59607881568628,61.94148634401749,100412.83249335106,1,57.951164,10.378881,207.95116424560547,10.378881
22.605569620253167,114.06518987341772,150.0,21.59607881568628,61.94148634401749,100412.83249335106,1,59.145103,12.20529,209.14510345458984,12.20529
22.605569620253167,114.06544303797467,150.0,21.59607881568628,61.94148634401749,100412.83249335106,1,64.98271,8.386049,214.9827117919922,8.386049
22.605569620253167,114.06569620253164,150.0,21.59607881568628,61.94148634401749,100412.83249335106,1,69.85457,6.9240923,219.8545684814453,6.9240923
22.605569620253167,114.0659493670886,150.0,21.59607881568628,61.94148634401749,100412.83249335106,1,71.313774,9.709009,221.31377410888672,9.709009
22.605569620253167,114.06620253164556,150.0,21.59607881568628,61.94148634401749,100412.83249335106,1,65.30701,12.320435,215.3070068359375,12.320435
22.605569620253167,114.06645569620252,150.0,21.59607881568628,61.94148634401749,100412.83249335106,1,72.42951,13.400057,222.42951202392578,13.400057
22.605569620253167,114.06670886075949,150.0,21.59607881568628,61.94148634401749,100412.83249335106,1,73.00449,9.155248,223.0044937133789,9.155248
22.605569620253167,114.06696202531644,150.0,21.59607881568628,61.94148634401749,100412.83249335106,1,80.31029,7.840386,230.31028747558594,7.840386
22.605569620253167,114.06721518987341,150.0,21.59607881568628,61.94148634401749,100412.83249335106,1,76.979965,6.9703565,226.97996520996094,6.9703565
22.605569620253167,114.06746835443037,150.0,21.59607881568628,61.94148634401749,100412.83249335106,1,77.49105,10.624441,227.49105072021484,10.624441
22.605569620253167,114.06772151898734,150.0,21.59607881568628,61.94148634401749,100412.83249335106,1,79.14603,11.047466,229.14602661132812,11.047466
22.605569620253167,114.06797468354429,150.0,21.59607881568628,61.94148634401749,100412.83249335106,1,82.42901,6.547362,232.42900848388672,6.547362
22.605569620253167,114.06822784810126,150.0,21.59607881568628,61.94148634401749,100412.83249335106,1,84.63384,6.8233466,234.63384246826172,6.8233466
22.605569620253167,114.06848101265822,150.0,21.59607881568628,61.94148634401749,100412.83249335106,1,83.14067,8.5836735,233.1406707763672,8.5836735
22.605569620253167,114.06873417721518,150.0,21.59607881568628,61.94148634401749,100412.83249335106,1,81.20112,6.3606763,231.20111846923828,6.3606763
22.605569620253167,114.06898734177214,150.0,21.59607881568628,61.94148634401749,100412.83249335106,1,84.81757,4.375835,234.81757354736328,4.375835
22.605569620253167,114.06924050632911,150.0,21.59607881568628,61.94148634401749,100412.83249335106,1,87.69071,9.302765,237.69071197509766,9.302765
22.605569620253167,114.06949367088608,150.0,21.59607881568628,61.94148634401749,100412.83249335106,1,84.43792,6.681993,234.43791961669922,6.681993
22.605569620253167,114.06974683544303,150.0,21.59607881568628,61.94148634401749,100412.83249335106,1,88.91878,8.156291,238.9187774658203,8.156291
22.605569620253167,114.07,150.0,21.59607881568628,61.94148634401749,100412.83249335106,1,86.81272,9.3350725,236.8127212524414,9.3350725
22.60582278481013,114.05,150.0,21.59607881568628,61.94148634401749,100412.83249335106,1,0.104445376,0.40368184,150.1044453755021,0.40368184
22.60582278481013,114.05025316455696,150.0,21.59607881568628,61.94148634401749,100412.83249335106,1,0.026648201,0.5978698,150.02664820104837,0.5978698
22.60582278481013,114.05050632911392,150.0,21.59607881568628,61.94148634401749,100412.83249335106,1,-0.033379547,0.5711944,149.96662045270205,0.5711944
22.60582278481013,114.05075949367088,150.0,21.59607881568628,61.94148634401749,100412.83249335106,1,-0.09412646,0.5062847,149.9058735370636,0.5062847
22.60582278481013,114.05101265822785,150.0,21.59607881568628,61.94148634401749,100412.83249335106,1,-0.011900251,0.51889926,149.98809974920005,0.51889926
22.60582278481013,114.05126582278481,150.0,21.59607881568628,61.94148634401749,100412.83249335106,1,0.08397943,0.50576067,150.08397942781448,0.50576067
22.60582278481013,114.05151898734177,150.0,21.59607881568628,61.94148634401749,100412.83249335106,1,-0.12772705,0.50310844,149.87227295339108,0.50310844
22.60582278481013,114.05177215189873,150.0,21.59607881568628,61.94148634401749,100412.83249335106,1,0.0054145833,0.5813253,150.0054145832546,0.5813253
22.60582278481013,114.0520253164557,150.0,21.59607881568628,61.94148634401749,100412.83249335106,1,0.0005686807,0.5088866,150.00056868069805,0.5088866
22.60582278481013,114.05227848101265,150.0,21.59607881568628,61.94148634401749,100412.83249335106,1,-0.15086289,0.3650747,149.84913711249828,0.3650747
22.60582278481013,114.05253164556962,150.0,21.59607881568628,61.94148634401749,100412.83249335106,1,-0.16410114,0.6617056,149.83589886128902,0.6617056
22.60582278481013,114.05278481012658,150.0,21.59607881568628,61.94148634401749,100412.83249335106,1,0.09056512,0.51961887,150.09056512266397,0.51961887
22.60582278481013,114.05303797468355,150.0,21.59607881568628,61.94148634401749,100412.83249335106,1,0.06716556,0.69503653,150.06716556102037,0.69503653
22.60582278481013,114.0532911392405,150.0,21.59607881568628,61.94148634401749,100412.83249335106,1,-0.043282032,0.6194185,149.95671796798706,0.6194185
22.60582278481013,114.05354430379747,150.0,21.59607881568628,61.94148634401749,100412.83249335106,1,0.062204733,0.744536,150.06220473349094,0.744536
22.60582278481013,114.05379746835443,150.0,21.59607881568628,61.94148634401749,100412.83249335106,1,-0.022894004,0.8635737,149.97710599564016,0.8635737
22.60582278481013,114.05405063291138,150.0,21.59607881568628,61.94148634401749,100412.83249335106,1,-0.311449,0.9561852,149.68855100870132,0.9561852
22.60582278481013,114.05430379746835,150.0,21.59607881568628,61.94148634401749,100412.83249335106,1,-0.065406606,0.8184467,149.9345933943987,0.8184467
22.60582278481013,114.05455696202532,150.0,21.59607881568628,61.94148634401749,100412.83249335106,1,-0.1086436,0.9559834,149.89135640114546,0.9559834
22.60582278481013,114.05481012658227,150.0,21.59607881568628,61.94148634401749,100412.83249335106,1,0.1457413,1.3205163,150.14574129879475,1.3205163
22.60582278481013,114.05506329113923,150.0,21.59607881568628,61.94148634401749,100412.83249335106,1,-0.12773418,0.9851665,149.87226581573486,0.9851665
22.60582278481013,114.0553164556962,150.0,21.59607881568628,61.94148634401749,100412.83249335106,1,-0.007923086,0.99017,149.99207691382617,0.99017
22.60582278481013,114.05556962025317,150.0,21.59607881568628,61.94148634401749,100412.83249335106,1,0.039654065,1.1251371,150.03965406492352,1.1251371
22.60582278481013,114.05582278481012,150.0,21.59607881568628,61.94148634401749,100412.83249335106,1,-0.50003964,1.6832294,149.49996036291122,1.6832294
22.60582278481013,114.05607594936708,150.0,21.59607881568628,61.94148634401749,100412.83249335106,1,-1.3729866,2.367612,148.6270134449005,2.367612
22.60582278481013,114.05632911392405,150.0,21.59607881568628,61.94148634401749,100412.83249335106,1,-0.40333855,1.3130378,149.5966614484787,1.3130378
22.60582278481013,114.056582278481,150.0,21.59607881568628,61.94148634401749,100412.83249335106,1,-1.3707826,1.7371498,148.62921738624573,1.7371498
22.60582278481013,114.05683544303797,150.0,21.59607881568628,61.94148634401749,100412.83249335106,1,-3.6714437,4.1429763,146.3285562992096,4.1429763
22.60582278481013,114.05708860759493,150.0,21.59607881568628,61.94148634401749,100412.83249335106,1,-6.6741657,4.189436,143.325834274292,4.189436
22.60582278481013,114.0573417721519,150.0,21.59607881568628,61.94148634401749,100412.83249335106,1,-4.344575,4.8583965,145.6554250717163,4.8583965
22.60582278481013,114.05759493670885,150.0,21.59607881568628,61.94148634401749,100412.83249335106,1,-5.0208535,4.993348,144.9791464805603,4.993348
22.60582278481013,114.05784810126582,150.0,21.59607881568628,61.94148634401749,100412.83249335106,1,-8.338313,4.7281456,141.66168689727783,4.7281456
22.60582278481013,114.05810126582278,150.0,21.59607881568628,61.94148634401749,100412.83249335106,1,-13.303095,5.894227,136.6969051361084,5.894227
22.60582278481013,114.05835443037974,150.0,21.59607881568628,61.94148634401749,100412.83249335106,1,-8.553617,5.2792487,141.44638347625732,5.2792487
22.60582278481013,114.0586075949367,150.0,21.59607881568628,61.94148634401749,100412.83249335106,1,-8.446389,4.8477826,141.55361080169678,4.8477826
22.60582278481013,114.05886075949367,150.0,21.59607881568628,61.94148634401749,100412.83249335106,1,-8.887118,3.899867,141.11288166046143,3.899867
22.60582278481013,114.05911392405064,150.0,21.59607881568628,61.94148634401749,100412.83249335106,1,-8.966702,3.3649635,141.03329753875732,3.3649635
22.60582278481013,114.05936708860759,150.0,21.59607881568628,61.94148634401749,100412.83249335106,1,-5.433911,4.7553515,144.5660891532898,4.7553515
22.60582278481013,114.05962025316455,150.0,21.59607881568628,61.94148634401749,100412.83249335106,1,-3.2523594,3.3343031,146.7476406097412,3.3343031
22.60582278481013,114.05987341772152,150.0,21.59607881568628,61.94148634401749,100412.83249335106,1,-1.9661888,4.342336,148.033811211586,4.342336
22.60582278481013,114.06012658227847,150.0,21.59607881568628,61.94148634401749,100412.83249335106,1,-1.1780864,4.4445567,148.82191359996796,4.4445567
22.60582278481013,114.06037974683544,150.0,21.59607881568628,61.94148634401749,100412.83249335106,1,2.6752224,3.9043622,152.6752223968506,3.9043622
22.60582278481013,114.0606329113924,150.0,21.59607881568628,61.94148634401749,100412.83249335106,1,4.5125093,2.9731526,154.5125093460083,2.9731526
22.60582278481013,114.06088607594936,150.0,21.59607881568628,61.94148634401749,100412.83249335106,1,9.354536,4.726366,159.35453605651855,4.726366
22.60582278481013,114.06113924050632,150.0,21.59607881568628,61.94148634401749,100412.83249335106,1,5.5194206,3.8929338,155.5194206237793,3.8929338
22.60582278481013,114.06139240506329,150.0,21.59607881568628,61.94148634401749,100412.83249335106,1,14.8832655,7.385304,164.8832654953003,7.385304
22.60582278481013,114.06164556962025,150.0,21.59607881568628,61.94148634401749,100412.83249335106,1,8.992458,8.135012,158.99245834350586,8.135012
22.60582278481013,114.0618987341772,150.0,21.59607881568628,61.94148634401749,100412.83249335106,1,17.52563,8.238359,167.52563095092773,8.238359
22.60582278481013,114.06215189873417,150.0,21.59607881568628,61.94148634401749,100412.83249335106,1,19.570686,9.858491,169.57068634033203,9.858491
22.60582278481013,114.06240506329114,150.0,21.59607881568628,61.94148634401749,100412.83249335106,1,24.832447,11.6986885,174.83244705200195,11.6986885
22.60582278481013,114.06265822784809,150.0,21.59607881568628,61.94148634401749,100412.83249335106,1,27.060917,12.078581,177.06091690063477,12.078581
22.60582278481013,114.06291139240506,150.0,21.59607881568628,61.94148634401749,100412.83249335106,1,26.556746,12.295983,176.5567455291748,12.295983
22.60582278481013,114.06316455696202,150.0,21.59607881568628,61.94148634401749,100412.83249335106,1,35.375572,14.746262,185.37557220458984,14.746262
22.60582278481013,114.06341772151899,150.0,21.59607881568628,61.94148634401749,100412.83249335106,1,37.431183,14.942459,187.43118286132812,14.942459
22.60582278481013,114.06367088607594,150.0,21.59607881568628,61.94148634401749,100412.83249335106,1,39.512955,13.433361,189.51295471191406,13.433361
22.60582278481013,114.0639240506329,150.0,21.59607881568628,61.94148634401749,100412.83249335106,1,45.807255,10.608942,195.80725479125977,10.608942
22.60582278481013,114.06417721518987,150.0,21.59607881568628,61.94148634401749,100412.83249335106,1,43.421562,15.047557,193.42156219482422,15.047557
22.60582278481013,114.06443037974682,150.0,21.59607881568628,61.94148634401749,100412.83249335106,1,60.423767,14.535773,210.42376708984375,14.535773
22.60582278481013,114.06468354430379,150.0,21.59607881568628,61.94148634401749,100412.83249335106,1,53.753105,14.33713,203.75310516357422,14.33713
22.60582278481013,114.06493670886076,150.0,21.59607881568628,61.94148634401749,100412.83249335106,1,60.72977,13.047374,210.7297706604004,13.047374
22.60582278481013,114.06518987341772,150.0,21.59607881568628,61.94148634401749,100412.83249335106,1,55.675743,12.606166,205.67574310302734,12.606166
22.60582278481013,114.06544303797467,150.0,21.59607881568628,61.94148634401749,100412.83249335106,1,68.04757,15.925352,218.04756927490234,15.925352
22.60582278481013,114.06569620253164,150.0,21.59607881568628,61.94148634401749,100412.83249335106,1,70.62893,8.148364,220.6289291381836,8.148364
22.60582278481013,114.0659493670886,150.0,21.59607881568628,61.94148634401749,100412.83249335106,1,65.83905,15.453451,215.83905029296875,15.453451
22.60582278481013,114.06620253164556,150.0,21.59607881568628,61.94148634401749,100412.83249335106,1,70.762474,15.090512,220.7624740600586,15.090512
22.60582278481013,114.06645569620252,150.0,21.59607881568628,61.94148634401749,100412.83249335106,1,73.71457,8.202262,223.71456909179688,8.202262
22.60582278481013,114.06670886075949,150.0,21.59607881568628,61.94148634401749,100412.83249335106,1,76.44472,5.597386,226.44471740722656,5.597386
22.60582278481013,114.06696202531644,150.0,21.59607881568628,61.94148634401749,100412.83249335106,1,74.40837,6.759027,224.4083709716797,6.759027
22.60582278481013,114.06721518987341,150.0,21.59607881568628,61.94148634401749,100412.83249335106,1,76.99814,8.32784,226.99813842773438,8.32784
22.60582278481013,114.06746835443037,150.0,21.59607881568628,61.94148634401749,100412.83249335106,1,78.09264,12.768076,228.09264373779297,12.768076
22.60582278481013,114.06772151898734,150.0,21.59607881568628,61.94148634401749,100412.83249335106,1,81.522804,5.630218,231.5228042602539,5.630218
22.60582278481013,114.06797468354429,150.0,21.59607881568628,61.94148634401749,100412.83249335106,1,81.19225,5.556635,231.19225311279297,5.556635
22.60582278481013,114.06822784810126,150.0,21.59607881568628,61.94148634401749,100412.83249335106,1,84.71013,5.426977,234.7101287841797,5.426977
22.60582278481013,114.06848101265822,150.0,21.59607881568628,61.94148634401749,100412.83249335106,1,82.49245,6.4644876,232.49244689941406,6.4644876
22.60582278481013,114.06873417721518,150.0,21.59607881568628,61.94148634401749,100412.83249335106,1,83.411354,6.972278,233.4113540649414,6.972278
22.60582278481013,114.06898734177214,150.0,21.59607881568628,61.94148634401749,100412.83249335106,1,84.74549,6.6470127,234.74549102783203,6.6470127
22.60582278481013,114.06924050632911,150.0,21.59607881568628,61.94148634401749,100412.83249335106,1,85.60562,7.0729833,235.60562133789062,7.0729833
22.60582278481013,114.06949367088608,150.0,21.59607881568628,61.94148634401749,100412.83249335106,1,86.26784,7.2530603,236.26783752441406,7.2530603
22.60582278481013,114.06974683544303,150.0,21.59607881568628,61.94148634401749,100412.83249335106,1,85.97122,9.137495,235.97122192382812,9.137495
22.60582278481013,114.07,150.0,21.59607881568628,61.94148634401749,100412.83249335106,1,90.06085,7.5396256,240.06085205078125,7.5396256
22.60607594936709,114.05,150.0,21.59607881568628,61.94148634401749,100412.83249335106,1,-0.07065385,0.44005868,149.92934615164995,0.44005868
22.60607594936709,114.05025316455696,150.0,21.59607881568628,61.94148634401749,100412.83249335106,1,-0.1897846,0.42163134,149.81021539866924,0.42163134
22.60607594936709,114.05050632911392,150.0,21.59607881568628,61.94148634401749,100412.83249335106,1,0.13560455,0.44846323,150.13560454547405,0.44846323
22.60607594936709,114.05075949367088,150.0,21.59607881568628,61.94148634401749,100412.83249335106,1,-0.09160918,0.822749,149.9083908200264,0.822749
22.60607594936709,114.05101265822785,150.0,21.59607881568628,61.94148634401749,100412.83249335106,1,-0.010173569,0.50490004,149.9898264305666,0.50490004
22.60607594936709,114.05126582278481,150.0,21.59607881568628,61.94148634401749,100412.83249335106,1,0.1509342,0.5919702,150.1509342044592,0.5919702
22.60607594936709,114.05151898734177,150.0,21.59607881568628,61.94148634401749,100412.83249335106,1,-0.08113828,0.64031947,149.9188617169857,0.64031947
22.60607594936709,114.05177215189873,150.0,21.59607881568628,61.94148634401749,100412.83249335106,1,-0.07538228,0.79356956,149.9246177226305,0.79356956
22.60607594936709,114.0520253164557,150.0,21.59607881568628,61.94148634401749,100412.83249335106,1,-0.04618758,0.5798111,149.9538124203682,0.5798111
22.60607594936709,114.05227848101265,150.0,21.59607881568628,61.94148634401749,100412.83249335106,1,-0.07094583,0.6321859,149.92905417084694,0.6321859
22.60607594936709,114.05253164556962,150.0,21.59607881568628,61.94148634401749,100412.83249335106,1,0.09468035,0.7204797,150.09468034654856,0.7204797
22.60607594936709,114.05278481012658,150.0,21.59607881568628,61.94148634401749,100412.83249335106,1,-0.1548035,0.6042263,149.84519650042057,0.6042263
22.60607594936709,114.05303797468355,150.0,21.59607881568628,61.94148634401749,100412.83249335106,1,-0.36567983,1.005997,149.63432016968727,1.005997
22.60607594936709,114.0532911392405,150.0,21.59607881568628,61.94148634401749,100412.83249335106,1,-0.13445601,0.9105848,149.86554399132729,0.9105848
22.60607594936709,114.05354430379747,150.0,21.59607881568628,61.94148634401749,100412.83249335106,1,0.39615756,0.93163735,150.3961575627327,0.93163735
22.60607594936709,114.05379746835443,150.0,21.59607881568628,61.94148634401749,100412.83249335106,1,-0.19204234,0.67112756,149.80795766413212,0.67112756
22.60607594936709,114.05405063291138,150.0,21.59607881568628,61.94148634401749,100412.83249335106,1,0.31964305,0.87226063,150.3196430504322,0.87226063
22.60607594936709,114.05430379746835,150.0,21.59607881568628,61.94148634401749,100412.83249335106,1,0.004964616,2.0742528,150.00496461614966,2.0742528
22.60607594936709,114.05455696202532,150.0,21.59607881568628,61.94148634401749,100412.83249335106,1,0.0026532118,1.3168819,150.00265321182087,1.3168819
22.60607594936709,114.05481012658227,150.0,21.59607881568628,61.94148634401749,100412.83249335106,1,-0.32103053,1.6079144,149.6789694726467,1.6079144
22.60607594936709,114.05506329113923,150.0,21.59607881568628,61.94148634401749,100412.83249335106,1,0.076110505,1.0903436,150.07611050456762,1.0903436
22.60607594936709,114.0553164556962,150.0,21.59607881568628,61.94148634401749,100412.83249335106,1,-1.3138827,2.8411543,148.6861172914505,2.8411543
22.60607594936709,114.05556962025317,150.0,21.59607881568628,61.94148634401749,100412.83249335106,1,-1.6887856,1.5082579,148.31121444702148,1.5082579
22.60607594936709,114.05582278481012,150.0,21.59607881568628,61.94148634401749,100412.83249335106,1,-3.4719918,3.9650483,146.52800822257996,3.9650483
22.60607594936709,114.05607594936708,150.0,21.59607881568628,61.94148634401749,100412.83249335106,1,-5.463968,4.887838,144.53603219985962,4.887838
22.60607594936709,114.05632911392405,150.0,21.59607881568628,61.94148634401749,100412.83249335106,1,-8.368434,5.84461,141.63156604766846,5.84461
22.60607594936709,114.056582278481,150.0,21.59607881568628,61.94148634401749,100412.83249335106,1,-12.702734,6.481794,137.29726600646973,6.481794
22.60607594936709,114.05683544303797,150.0,21.59607881568628,61.94148634401749,100412.83249335106,1,-10.611241,8.119758,139.3887586593628,8.119758
22.60607594936709,114.05708860759493,150.0,21.59607881568628,61.94148634401749,100412.83249335106,1,-19.171328,7.153283,130.82867240905762,7.153283
22.60607594936709,114.0573417721519,150.0,21.59607881568628,61.94148634401749,100412.83249335106,1,-17.051573,7.904469,132.94842720031738,7.904469
22.60607594936709,114.05759493670885,150.0,21.59607881568628,61.94148634401749,100412.83249335106,1,-19.805006,5.949285,130.19499397277832,5.949285
22.60607594936709,114.05784810126582,150.0,21.59607881568628,61.94148634401749,100412.83249335106,1,-16.614855,8.4026,133.38514518737793,8.4026
22.60607594936709,114.05810126582278,150.0,21.59607881568628,61.94148634401749,100412.83249335106,1,-21.966148,8.095739,128.03385162353516,8.095739
22.60607594936709,114.05835443037974,150.0,21.59607881568628,61.94148634401749,100412.83249335106,1,-19.377066,6.1950226,130.62293434143066,6.1950226
22.60607594936709,114.0586075949367,150.0,21.59607881568628,61.94148634401749,100412.83249335106,1,-13.2638,5.4952188,136.7362003326416,5.4952188
22.60607594936709,114.05886075949367,150.0,21.59607881568628,61.94148634401749,100412.83249335106,1,-14.516648,5.408908,135.4833517074585,5.408908
22.60607594936709,114.05911392405064,150.0,21.59607881568628,61.94148634401749,100412.83249335106,1,-11.863594,5.99057,138.13640594482422,5.99057
22.60607594936709,114.05936708860759,150.0,21.59607881568628,61.94148634401749,100412.83249335106,1,-7.763772,4.6727414,142.23622798919678,4.6727414
22.60607594936709,114.05962025316455,150.0,21.59607881568628,61.94148634401749,100412.83249335106,1,-5.555982,4.248851,144.44401788711548,4.248851
22.60607594936709,114.05987341772152,150.0,21.59607881568628,61.94148634401749,100412.83249335106,1,-3.6436756,4.523663,146.3563244342804,4.523663
22.60607594936709,114.06012658227847,150.0,21.59607881568628,61.94148634401749,100412.83249335106,1,-1.0127647,5.6386666,148.98723530769348,5.6386666
22.60607594936709,114.06037974683544,150.0,21.59607881568628,61.94148634401749,100412.83249335106,1,1.2190034,4.589272,151.21900343894958,4.589272
22.60607594936709,114.0606329113924,150.0,21.59607881568628,61.94148634401749,100412.83249335106,1,6.4387903,3.8994396,156.4387903213501,3.8994396
22.60607594936709,114.06088607594936,150.0,21.59607881568628,61.94148634401749,100412.83249335106,1,5.4182186,5.4033933,155.4182186126709,5.4033933
22.60607594936709,114.06113924050632,150.0,21.59607881568628,61.94148634401749,100412.83249335106,1,10.380505,6.1766334,160.3805046081543,6.1766334
22.60607594936709,114.06139240506329,150.0,21.59607881568628,61.94148634401749,100412.83249335106,1,13.101064,6.821706,163.10106372833252,6.821706
22.60607594936709,114.06164556962025,150.0,21.59607881568628,61.94148634401749,100412.83249335106,1,11.94806,6.4379883,161.94806003570557,6.4379883
22.60607594936709,114.0618987341772,150.0,21.59607881568628,61.94148634401749,100412.83249335106,1,18.765217,8.1556225,168.76521682739258,8.1556225
22.60607594936709,114.06215189873417,150.0,21.59607881568628,61.94148634401749,100412.83249335106,1,18.377367,9.000581,168.37736701965332,9.000581
22.60607594936709,114.06240506329114,150.0,21.59607881568628,61.94148634401749,100412.83249335106,1,24.24628,9.950038,174.24628067016602,9.950038
22.60607594936709,114.06265822784809,150.0,21.59607881568628,61.94148634401749,100412.83249335106,1,18.424225,12.387191,168.42422485351562,12.387191
22.60607594936709,114.06291139240506,150.0,21.59607881568628,61.94148634401749,100412.83249335106,1,38.679966,10.014952,188.6799659729004,10.014952
22.60607594936709,114.06316455696202,150.0,21.59607881568628,61.94148634401749,100412.83249335106,1,26.411919,14.695004,176.41191864013672,14.695004
22.60607594936709,114.06341772151899,150.0,21.59607881568628,61.94148634401749,100412.83249335106,1,35.181953,15.31322,185.18195343017578,15.31322
22.60607594936709,114.06367088607594,150.0,21.59607881568628,61.94148634401749,100412.83249335106,1,36.325108,17.12357,186.3251075744629,17.12357
22.60607594936709,114.0639240506329,150.0,21.59607881568628,61.94148634401749,100412.83249335106,1,47.293167,12.30404,197.2931671142578,12.30404
22.60607594936709,114.06417721518987,150.0,21.59607881568628,61.94148634401749,100412.83249335106,1,53.630974,11.07639,203.63097381591797,11.07639
22.60607594936709,114.06443037974682,150.0,21.59607881568628,61.94148634401749,100412.83249335106,1,51.295914,15.339005,201.29591369628906,15.339005
22.60607594936709,114.06468354430379,150.0,21.59607881568628,61.94148634401749,100412.83249335106,1,54.709145,11.585989,204.70914459228516,11.585989
22.60607594936709,114.06493670886076,150.0,21.59607881568628,61.94148634401749,100412.83249335106,1,59.908703,12.236883,209.9087028503418,12.236883
22.60607594936709,114.06518987341772,150.0,21.59607881568628,61.94148634401749,100412.83249335106,1,60.51859,13.845209,210.5185890197754,13.845209
22.60607594936709,114.06544303797467,150.0,21.59607881568628,61.94148634401749,100412.83249335106,1,65.816315,13.854269,215.81631469726562,13.854269
22.60607594936709,114.06569620253164,150.0,21.59607881568628,61.94148634401749,100412.83249335106,1,69.344826,7.5875993,219.3448257446289,7.5875993
22.60607594936709,114.0659493670886,150.0,21.59607881568628,61.94148634401749,100412.83249335106,1,65.49084,14.665957,215.49083709716797,14.665957
22.60607594936709,114.06620253164556,150.0,21.59607881568628,61.94148634401749,100412.83249335106,1,66.77387,15.2888,216.77387237548828,15.2888
22.60607594936709,114.06645569620252,150.0,21.59607881568628,61.94148634401749,100412.83249335106,1,75.38253,5.919452,225.38253021240234,5.919452
22.60607594936709,114.06670886075949,150.0,21.59607881568628,61.94148634401749,100412.83249335106,1,70.09489,17.905573,220.09488677978516,17.905573
22.60607594936709,114.06696202531644,150.0,21.59607881568628,61.94148634401749,100412.83249335106,1,75.44611,14.216436,225.44611358642578,14.216436
22.60607594936709,114.06721518987341,150.0,21.59607881568628,61.94148634401749,100412.83249335106,1,76.14186,8.722388,226.14186096191406,8.722388
22.60607594936709,114.06746835443037,150.0,21.59607881568628,61.94148634401749,100412.83249335106,1,78.54897,9.399112,228.5489730834961,9.399112
22.60607594936709,114.06772151898734,150.0,21.59607881568628,61.94148634401749,100412.83249335106,1,79.19796,6.432636,229.19795989990234,6.432636
22.60607594936709,114.06797468354429,150.0,21.59607881568628,61.94148634401749,100412.83249335106,1,82.22347,8.234598,232.22347259521484,8.234598
22.60607594936709,114.06822784810126,150.0,21.59607881568628,61.94148634401749,100412.83249335106,1,80.38787,6.1730485,230.38787078857422,6.1730485
22.60607594936709,114.06848101265822,150.0,21.59607881568628,61.94148634401749,100412.83249335106,1,83.129105,7.5575643,233.1291046142578,7.5575643
22.60607594936709,114.06873417721518,150.0,21.59607881568628,61.94148634401749,100412.83249335106,1,81.57873,16.77398,231.57872772216797,16.77398
22.60607594936709,114.06898734177214,150.0,21.59607881568628,61.94148634401749,100412.83249335106,1,85.49087,7.791305,235.4908676147461,7.791305
22.60607594936709,114.06924050632911,150.0,21.59607881568628,61.94148634401749,100412.83249335106,1,85.00111,6.015583,235.00110626220703,6.015583
22.60607594936709,114.06949367088608,150.0,21.59607881568628,61.94148634401749,100412.83249335106,1,86.25887,7.202904,236.25887298583984,7.202904
22.60607594936709,114.06974683544303,150.0,21.59607881568628,61.94148634401749,100412.83249335106,1,87.032845,8.633121,237.03284454345703,8.633121
22.60607594936709,114.07,150.0,21.59607881568628,61.94148634401749,100412.83249335106,1,86.39156,7.8492794,236.39156341552734,7.8492794
22.60632911392405,114.05,150.0,21.59607881568628,61.94148634401749,100412.83249335106,1,-0.12443961,0.4455763,149.87556038796902,0.4455763
22.60632911392405,114.05025316455696,150.0,21.59607881568628,61.94148634401749,100412.83249335106,1,0.05093802,0.56203467,150.05093802139163,0.56203467
22.60632911392405,114.05050632911392,150.0,21.59607881568628,61.94148634401749,100412.83249335106,1,0.0020232117,0.50267357,150.00202321168035,0.50267357
22.60632911392405,114.05075949367088,150.0,21.59607881568628,61.94148634401749,100412.83249335106,1,-0.4555156,0.5703548,149.54448440670967,0.5703548
22.60632911392405,114.05101265822785,150.0,21.59607881568628,61.94148634401749,100412.83249335106,1,0.048685875,0.7301902,150.04868587478995,0.7301902
22.60632911392405,114.05126582278481,150.0,21.59607881568628,61.94148634401749,100412.83249335106,1,-0.16835871,0.4992388,149.83164128661156,0.4992388
22.60632911392405,114.05151898734177,150.0,21.59607881568628,61.94148634401749,100412.83249335106,1,0.037729535,0.47801387,150.03772953525186,0.47801387
22.60632911392405,114.05177215189873,150.0,21.59607881568628,61.94148634401749,100412.83249335106,1,-0.23371018,0.5456061,149.76628981530666,0.5456061
22.60632911392405,114.0520253164557,150.0,21.59607881568628,61.94148634401749,100412.83249335106,1,0.043282356,0.6653491,150.0432823561132,0.6653491
22.60632911392405,114.05227848101265,150.0,21.59607881568628,61.94148634401749,100412.83249335106,1,-0.029960375,0.78997153,149.9700396247208,0.78997153
22.60632911392405,114.05253164556962,150.0,21.59607881568628,61.94148634401749,100412.83249335106,1,0.18682699,0.77530974,150.18682698905468,0.77530974
22.60632911392405,114.05278481012658,150.0,21.59607881568628,61.94148634401749,100412.83249335106,1,-0.2601099,0.80536014,149.73989009857178,0.80536014
22.60632911392405,114.05303797468355,150.0,21.59607881568628,61.94148634401749,100412.83249335106,1,-0.02857153,0.8507417,149.97142847068608,0.8507417
22.60632911392405,114.0532911392405,150.0,21.59607881568628,61.94148634401749,100412.83249335106,1,0.26000082,1.159049,150.26000082492828,1.159049
22.60632911392405,114.05354430379747,150.0,21.59607881568628,61.94148634401749,100412.83249335106,1,0.27952892,1.0206263,150.2795289158821,1.0206263
22.60632911392405,114.05379746835443,150.0,21.59607881568628,61.94148634401749,100412.83249335106,1,0.23226829,0.99319494,150.23226828873158,0.99319494
22.60632911392405,114.05405063291138,150.0,21.59607881568628,61.94148634401749,100412.83249335106,1,0.13817874,1.219295,150.13817873597145,1.219295
22.60632911392405,114.05430379746835,150.0,21.59607881568628,61.94148634401749,100412.83249335106,1,-0.3121292,1.2826741,149.68787080049515,1.2826741
22.60632911392405,114.05455696202532,150.0,21.59607881568628,61.94148634401749,100412.83249335106,1,-1.9551265,2.936511,148.04487347602844,2.936511
22.60632911392405,114.05481012658227,150.0,21.59607881568628,61.94148634401749,100412.83249335106,1,-2.2103267,2.6430387,147.78967332839966,2.6430387
22.60632911392405,114.05506329113923,150.0,21.59607881568628,61.94148634401749,100412.83249335106,1,-5.3682733,3.7329266,144.63172674179077,3.7329266
22.60632911392405,114.0553164556962,150.0,21.59607881568628,61.94148634401749,100412.83249335106,1,-1.798485,3.651474,148.20151495933533,3.651474
22.60632911392405,114.05556962025317,150.0,21.59607881568628,61.94148634401749,100412.83249335106,1,-18.093296,5.894502,131.9067039489746,5.894502
22.60632911392405,114.05582278481012,150.0,21.59607881568628,61.94148634401749,100412.83249335106,1,-17.072695,6.6849184,132.92730522155762,6.6849184
22.60632911392405,114.05607594936708,150.0,21.59607881568628,61.94148634401749,100412.83249335106,1,-17.825289,7.4123735,132.174711227417,7.4123735
22.60632911392405,114.05632911392405,150.0,21.59607881568628,61.94148634401749,100412.83249335106,1,-21.705729,8.428748,128.2942714691162,8.428748
22.60632911392405,114.056582278481,150.0,21.59607881568628,61.94148634401749,100412.83249335106,1,-23.1142,5.9759645,126.88579940795898,5.9759645
22.60632911392405,114.05683544303797,150.0,21.59607881568628,61.94148634401749,100412.83249335106,1,-30.589182,6.2588277,119.41081809997559,6.2588277
22.60632911392405,114.05708860759493,150.0,21.59607881568628,61.94148634401749,100412.83249335106,1,-26.135296,7.8984594,123.86470413208008,7.8984594
22.60632911392405,114.0573417721519,150.0,21.59607881568628,61.94148634401749,100412.83249335106,1,-23.28313,8.406348,126.71686935424805,8.406348
22.60632911392405,114.05759493670885,150.0,21.59607881568628,61.94148634401749,100412.83249335106,1,-28.029905,5.64192,121.97009468078613,5.64192
22.60632911392405,114.05784810126582,150.0,21.59607881568628,61.94148634401749,100412.83249335106,1,-24.244312,6.974695,125.75568771362305,6.974695
22.60632911392405,114.05810126582278,150.0,21.59607881568628,61.94148634401749,100412.83249335106,1,-26.829502,5.0528193,123.17049789428711,5.0528193
22.60632911392405,114.05835443037974,150.0,21.59607881568628,61.94148634401749,100412.83249335106,1,-14.102881,7.0524325,135.8971185684204,7.0524325
22.60632911392405,114.0586075949367,150.0,21.59607881568628,61.94148634401749,100412.83249335106,1,-19.431738,7.1127377,130.56826210021973,7.1127377
22.60632911392405,114.05886075949367,150.0,21.59607881568628,61.94148634401749,100412.83249335106,1,-13.623422,6.6122794,136.37657833099365,6.6122794
22.60632911392405,114.05911392405064,150.0,21.59607881568628,61.94148634401749,100412.83249335106,1,-11.023306,5.7504373,138.97669410705566,5.7504373
22.60632911392405,114.05936708860759,150.0,21.59607881568628,61.94148634401749,100412.83249335106,1,-6.5762258,5.6590705,143.42377424240112,5.6590705
22.60632911392405,114.05962025316455,150.0,21.59607881568628,61.94148634401749,100412.83249335106,1,-5.9003415,3.9058197,144.0996584892273,3.9058197
22.60632911392405,114.05987341772152,150.0,21.59607881568628,61.94148634401749,100412.83249335106,1,-2.8664308,4.697391,147.13356924057007,4.697391
22.60632911392405,114.06012658227847,150.0,21.59607881568628,61.94148634401749,100412.83249335106,1,-1.3942572,4.1551604,148.60574281215668,4.1551604
22.60632911392405,114.06037974683544,150.0,21.59607881568628,61.94148634401749,100412.83249335106,1,2.3606684,3.8747845,152.36066842079163,3.8747845
22.60632911392405,114.0606329113924,150.0,21.59607881568628,61.94148634401749,100412.83249335106,1,2.7520823,3.8534868,152.75208234786987,3.8534868
22.60632911392405,114.06088607594936,150.0,21.59607881568628,61.94148634401749,100412.83249335106,1,6.1047435,4.390578,156.10474348068237,4.390578
22.60632911392405,114.06113924050632,150.0,21.59607881568628,61.94148634401749,100412.83249335106,1,7.591585,5.4636235,157.59158515930176,5.4636235
22.60632911392405,114.06139240506329,150.0,21.59607881568628,61.94148634401749,100412.83249335106,1,8.541191,5.374716,158.54119110107422,5.374716
22.60632911392405,114.06164556962025,150.0,21.59607881568628,61.94148634401749,100412.83249335106,1,14.509838,7.3080587,164.50983810424805,7.3080587
22.60632911392405,114.0618987341772,150.0,21.59607881568628,61.94148634401749,100412.83249335106,1,12.945213,6.9606047,162.9452133178711,6.9606047
22.60632911392405,114.06215189873417,150.0,21.59607881568628,61.94148634401749,100412.83249335106,1,21.65855,10.430772,171.65855026245117,10.430772
22.60632911392405,114.06240506329114,150.0,21.59607881568628,61.94148634401749,100412.83249335106,1,28.203728,8.760828,178.20372772216797,8.760828
22.60632911392405,114.06265822784809,150.0,21.59607881568628,61.94148634401749,100412.83249335106,1,23.284365,12.085263,173.28436470031738,12.085263
22.60632911392405,114.06291139240506,150.0,21.59607881568628,61.94148634401749,100412.83249335106,1,32.242264,11.832057,182.2422637939453,11.832057
22.60632911392405,114.06316455696202,150.0,21.59607881568628,61.94148634401749,100412.83249335106,1,27.99074,10.635043,177.9907398223877,10.635043
22.60632911392405,114.06341772151899,150.0,21.59607881568628,61.94148634401749,100412.83249335106,1,46.864517,7.7786317,196.86451721191406,7.7786317
22.60632911392405,114.06367088607594,150.0,21.59607881568628,61.94148634401749,100412.83249335106,1,27.065958,17.427357,177.0659580230713,17.427357
22.60632911392405,114.0639240506329,150.0,21.59607881568628,61.94148634401749,100412.83249335106,1,46.81059,10.05901,196.81058883666992,10.05901
22.60632911392405,114.06417721518987,150.0,21.59607881568628,61.94148634401749,100412.83249335106,1,42.07692,14.319076,192.07691955566406,14.319076
22.60632911392405,114.06443037974682,150.0,21.59607881568628,61.94148634401749,100412.83249335106,1,55.02729,13.978534,205.02729034423828,13.978534
22.60632911392405,114.06468354430379,150.0,21.59607881568628,61.94148634401749,100412.83249335106,1,53.94404,13.2575655,203.94403839111328,13.2575655
22.60632911392405,114.06493670886076,150.0,21.59607881568628,61.94148634401749,100412.83249335106,1,54.028168,18.790144,204.02816772460938,18.790144
22.60632911392405,114.06518987341772,150.0,21.59607881568628,61.94148634401749,100412.83249335106,1,61.171238,9.713484,211.17123794555664,9.713484
22.60632911392405,114.06544303797467,150.0,21.59607881568628,61.94148634401749,100412.83249335106,1,64.21321,11.317936,214.2132110595703,11.317936
22.60632911392405,114.06569620253164,150.0,21.59607881568628,61.94148634401749,100412.83249335106,1,66.57198,13.918252,216.57198333740234,13.918252
22.60632911392405,114.0659493670886,150.0,21.59607881568628,61.94148634401749,100412.83249335106,1,62.98077,18.435574,212.98077011108398,18.435574
22.60632911392405,114.06620253164556,150.0,21.59607881568628,61.94148634401749,100412.83249335106,1,69.0072,9.402094,219.0072021484375,9.402094
22.60632911392405,114.06645569620252,150.0,21.59607881568628,61.94148634401749,100412.83249335106,1,72.312706,7.2921505,222.31270599365234,7.2921505
22.60632911392405,114.06670886075949,150.0,21.59607881568628,61.94148634401749,100412.83249335106,1,73.36192,13.741153,223.36192321777344,13.741153
22.60632911392405,114.06696202531644,150.0,21.59607881568628,61.94148634401749,100412.83249335106,1,74.55183,9.033181,224.55182647705078,9.033181
22.60632911392405,114.06721518987341,150.0,21.59607881568628,61.94148634401749,100412.83249335106,1,74.027336,9.5704775,224.02733612060547,9.5704775
22.60632911392405,114.06746835443037,150.0,21.59607881568628,61.94148634401749,100412.83249335106,1,77.61552,5.703556,227.61551666259766,5.703556
22.60632911392405,114.06772151898734,150.0,21.59607881568628,61.94148634401749,100412.83249335106,1,79.65863,6.9911685,229.65863037109375,6.9911685
22.60632911392405,114.06797468354429,150.0,21.59607881568628,61.94148634401749,100412.83249335106,1,80.92356,5.4298344,230.9235610961914,5.4298344
22.60632911392405,114.06822784810126,150.0,21.59607881568628,61.94148634401749,100412.83249335106,1,82.89177,8.264199,232.8917694091797,8.264199
22.60632911392405,114.06848101265822,150.0,21.59607881568628,61.94148634401749,100412.83249335106,1,80.14839,9.575798,230.1483917236328,9.575798
22.60632911392405,114.06873417721518,150.0,21.59607881568628,61.94148634401749,100412.83249335106,1,82.896355,7.339003,232.89635467529297,7.339003
22.60632911392405,114.06898734177214,150.0,21.59607881568628,61.94148634401749,100412.83249335106,1,84.093796,6.4445486,234.0937957763672,6.4445486
22.60632911392405,114.06924050632911,150.0,21.59607881568628,61.94148634401749,100412.83249335106,1,82.99787,6.3226876,232.99787139892578,6.3226876
22.60632911392405,114.06949367088608,150.0,21.59607881568628,61.94148634401749,100412.83249335106,1,81.21989,14.959772,231.21988677978516,14.959772
22.60632911392405,114.06974683544303,150.0,21.59607881568628,61.94148634401749,100412.83249335106,1,84.67413,11.688841,234.67413330078125,11.688841
22.60632911392405,114.07,150.0,21.59607881568628,61.94148634401749,100412.83249335106,1,91.25377,9.009037,241.25376892089844,9.009037
22.606582278481014,114.05,150.0,21.59607881568628,61.94148634401749,100412.83249335106,1,-0.11558111,0.7649857,149.88441888988018,0.7649857
22.606582278481014,114.05025316455696,150.0,21.59607881568628,61.94148634401749,100412.83249335106,1,-0.085958034,0.5614433,149.91404196619987,0.5614433
22.606582278481014,114.05050632911392,150.0,21.59607881568628,61.94148634401749,100412.83249335106,1,0.08689294,0.65512127,150.086892940104,0.65512127
22.606582278481014,114.05075949367088,150.0,21.59607881568628,61.94148634401749,100412.83249335106,1,-0.14295779,0.5211214,149.85704220831394,0.5211214
22.606582278481014,114.05101265822785,150.0,21.59607881568628,61.94148634401749,100412.83249335106,1,-0.07914611,0.56605244,149.9208538904786,0.56605244
22.606582278481014,114.05126582278481,150.0,21.59607881568628,61.94148634401749,100412.83249335106,1,-0.078089714,0.6903361,149.9219102859497,0.6903361
22.606582278481014,114.05151898734177,150.0,21.59607881568628,61.94148634401749,100412.83249335106,1,-0.106086195,0.7332599,149.89391380548477,0.7332599
22.606582278481014,114.05177215189873,150.0,21.59607881568628,61.94148634401749,100412.83249335106,1,-0.0904424,0.92838657,149.90955760329962,0.92838657
22.606582278481014,114.0520253164557,150.0,21.59607881568628,61.94148634401749,100412.83249335106,1,-0.05688453,1.0187671,149.9431154690683,1.0187671
22.606582278481014,114.05227848101265,150.0,21.59607881568628,61.94148634401749,100412.83249335106,1,-0.097324826,0.8253895,149.9026751741767,0.8253895
22.606582278481014,114.05253164556962,150.0,21.59607881568628,61.94148634401749,100412.83249335106,1,-0.06832069,0.98239404,149.93167930841446,0.98239404
22.606582278481014,114.05278481012658,150.0,21.59607881568628,61.94148634401749,100412.83249335106,1,0.057463516,1.0844185,150.0574635155499,1.0844185
22.606582278481014,114.05303797468355,150.0,21.59607881568628,61.94148634401749,100412.83249335106,1,0.18771574,1.4972547,150.18771573901176,1.4972547
22.606582278481014,114.0532911392405,150.0,21.59607881568628,61.94148634401749,100412.83249335106,1,0.30808693,1.4396734,150.30808693170547,1.4396734
22.606582278481014,114.05354430379747,150.0,21.59607881568628,61.94148634401749,100412.83249335106,1,-0.47788075,1.5434333,149.52211925387383,1.5434333
22.606582278481014,114.05379746835443,150.0,21.59607881568628,61.94148634401749,100412.83249335106,1,-0.42432055,1.612061,149.5756794512272,1.612061
22.606582278481014,114.05405063291138,150.0,21.59607881568628,61.94148634401749,100412.83249335106,1,-2.722431,3.76223,147.27756905555725,3.76223
22.606582278481014,114.05430379746835,150.0,21.59607881568628,61.94148634401749,100412.83249335106,1,-7.828349,5.709862,142.17165088653564,5.709862
22.606582278481014,114.05455696202532,150.0,21.59607881568628,61.94148634401749,100412.83249335106,1,-10.627204,5.815166,139.37279605865479,5.815166
22.606582278481014,114.05481012658227,150.0,21.59607881568628,61.94148634401749,100412.83249335106,1,-12.190718,5.335782,137.80928230285645,5.335782
22.606582278481014,114.05506329113923,150.0,21.59607881568628,61.94148634401749,100412.83249335106,1,-16.24619,6.2109485,133.75381088256836,6.2109485
22.606582278481014,114.0553164556962,150.0,21.59607881568628,61.94148634401749,100412.83249335106,1,-25.918598,7.646478,124.08140182495117,7.646478
22.606582278481014,114.05556962025317,150.0,21.59607881568628,61.94148634401749,100412.83249335106,1,-30.52867,6.081953,119.4713306427002,6.081953
22.606582278481014,114.05582278481012,150.0,21.59607881568628,61.94148634401749,100412.83249335106,1,-22.76061,8.382319,127.23938941955566,8.382319
22.606582278481014,114.05607594936708,150.0,21.59607881568628,61.94148634401749,100412.83249335106,1,-32.23624,5.6792274,117.76375961303711,5.6792274
22.606582278481014,114.05632911392405,150.0,21.59607881568628,61.94148634401749,100412.83249335106,1,-23.273714,7.646209,126.72628593444824,7.646209
22.606582278481014,114.056582278481,150.0,21.59607881568628,61.94148634401749,100412.83249335106,1,-35.86608,6.52501,114.13391876220703,6.52501
22.606582278481014,114.05683544303797,150.0,21.59607881568628,61.94148634401749,100412.83249335106,1,-34.442238,5.4634595,115.5577621459961,5.4634595
22.606582278481014,114.05708860759493,150.0,21.59607881568628,61.94148634401749,100412.83249335106,1,-31.032293,5.673499,118.96770668029785,5.673499
22.606582278481014,114.0573417721519,150.0,21.59607881568628,61.94148634401749,100412.83249335106,1,-29.16924,6.5178537,120.83075904846191,6.5178537
22.606582278481014,114.05759493670885,150.0,21.59607881568628,61.94148634401749,100412.83249335106,1,-26.95145,6.9388776,123.04854965209961,6.9388776
22.606582278481014,114.05784810126582,150.0,21.59607881568628,61.94148634401749,100412.83249335106,1,-30.297607,7.303728,119.702392578125,7.303728
22.606582278481014,114.05810126582278,150.0,21.59607881568628,61.94148634401749,100412.83249335106,1,-24.205778,6.0531735,125.79422187805176,6.0531735
22.606582278481014,114.05835443037974,150.0,21.59607881568628,61.94148634401749,100412.83249335106,1,-19.181004,6.650159,130.81899642944336,6.650159
22.606582278481014,114.0586075949367,150.0,21.59607881568628,61.94148634401749,100412.83249335106,1,-18.745943,6.959128,131.254056930542,6.959128
22.606582278481014,114.05886075949367,150.0,21.59607881568628,61.94148634401749,100412.83249335106,1,-14.730581,7.2703176,135.26941871643066,7.2703176
22.606582278481014,114.05911392405064,150.0,21.59607881568628,61.94148634401749,100412.83249335106,1,-12.529244,5.4592876,137.4707555770874,5.4592876
22.606582278481014,114.05936708860759,150.0,21.59607881568628,61.94148634401749,100412.83249335106,1,-5.013653,4.1934347,144.98634719848633,4.1934347
22.606582278481014,114.05962025316455,150.0,21.59607881568628,61.94148634401749,100412.83249335106,1,-3.325017,4.3704276,146.67498302459717,4.3704276
22.606582278481014,114.05987341772152,150.0,21.59607881568628,61.94148634401749,100412.83249335106,1,-1.1465021,3.9683726,148.85349786281586,3.9683726
22.606582278481014,114.06012658227847,150.0,21.59607881568628,61.94148634401749,100412.83249335106,1,1.012463,2.2482977,151.01246297359467,2.2482977
22.606582278481014,114.06037974683544,150.0,21.59607881568628,61.94148634401749,100412.83249335106,1,1.4728003,1.9252954,151.47280025482178,1.9252954
22.606582278481014,114.0606329113924,150.0,21.59607881568628,61.94148634401749,100412.83249335106,1,4.1904826,3.9368675,154.19048261642456,3.9368675
22.606582278481014,114.06088607594936,150.0,21.59607881568628,61.94148634401749,100412.83249335106,1,10.251811,5.670301,160.25181102752686,5.670301
22.606582278481014,114.06113924050632,150.0,21.59607881568628,61.94148634401749,100412.83249335106,1,3.6581986,3.1500497,153.658198595047,3.1500497
22.606582278481014,114.06139240506329,150.0,21.59607881568628,61.94148634401749,100412.83249335106,1,9.779622,7.046483,159.7796220779419,7.046483
22.606582278481014,114.06164556962025,150.0,21.59607881568628,61.94148634401749,100412.83249335106,1,6.2743077,6.035752,156.27430772781372,6.035752
22.606582278481014,114.0618987341772,150.0,21.59607881568628,61.94148634401749,100412.83249335106,1,19.114807,9.500237,169.11480712890625,9.500237
22.606582278481014,114.06215189873417,150.0,21.59607881568628,61.94148634401749,100412.83249335106,1,12.901792,9.979261,162.9017915725708,9.979261
22.606582278481014,114.06240506329114,150.0,21.59607881568628,61.94148634401749,100412.83249335106,1,16.668392,10.654014,166.66839218139648,10.654014
22.606582278481014,114.06265822784809,150.0,21.59607881568628,61.94148634401749,100412.83249335106,1,18.302973,10.164139,168.3029727935791,10.164139
22.606582278481014,114.06291139240506,150.0,21.59607881568628,61.94148634401749,100412.83249335106,1,23.704472,16.22181,173.70447158813477,16.22181
22.606582278481014,114.06316455696202,150.0,21.59607881568628,61.94148634401749,100412.83249335106,1,26.524323,14.3510065,176.52432250976562,14.3510065
22.606582278481014,114.06341772151899,150.0,21.59607881568628,61.94148634401749,100412.83249335106,1,32.387276,14.020327,182.38727569580078,14.020327
22.606582278481014,114.06367088607594,150.0,21.59607881568628,61.94148634401749,100412.83249335106,1,36.79241,12.149029,186.79241180419922,12.149029
22.606582278481014,114.0639240506329,150.0,21.59607881568628,61.94148634401749,100412.83249335106,1,46.079777,13.007156,196.07977676391602,13.007156
22.606582278481014,114.06417721518987,150.0,21.59607881568628,61.94148634401749,100412.83249335106,1,39.02204,15.573718,189.02204132080078,15.573718
22.606582278481014,114.06443037974682,150.0,21.59607881568628,61.94148634401749,100412.83249335106,1,52.17941,14.440306,202.1794090270996,14.440306
22.606582278481014,114.06468354430379,150.0,21.59607881568628,61.94148634401749,100412.83249335106,1,48.78792,18.089643,198.78792190551758,18.089643
22.606582278481014,114.06493670886076,150.0,21.59607881568628,61.94148634401749,100412.83249335106,1,58.84022,14.80941,208.8402214050293,14.80941
22.606582278481014,114.06518987341772,150.0,21.59607881568628,61.94148634401749,100412.83249335106,1,54.36827,15.988727,204.36827087402344,15.988727
22.606582278481014,114.06544303797467,150.0,21.59607881568628,61.94148634401749,100412.83249335106,1,67.71349,11.648182,217.71349334716797,11.648182
22.606582278481014,114.06569620253164,150.0,21.59607881568628,61.94148634401749,100412.83249335106,1,59.764866,14.443621,209.76486587524414,14.443621
22.606582278481014,114.0659493670886,150.0,21.59607881568628,61.94148634401749,100412.83249335106,1,68.35425,11.878137,218.354248046875,11.878137
22.606582278481014,114.06620253164556,150.0,21.59607881568628,61.94148634401749,100412.83249335106,1,69.48789,11.2569895,219.4878921508789,11.2569895
22.606582278481014,114.06645569620252,150.0,21.59607881568628,61.94148634401749,100412.83249335106,1,72.02842,12.40387,222.0284194946289,12.40387
22.606582278481014,114.06670886075949,150.0,21.59607881568628,61.94148634401749,100412.83249335106,1,74.13317,6.6876884,224.13317108154297,6.6876884
22.606582278481014,114.06696202531644,150.0,21.59607881568628,61.94148634401749,100412.83249335106,1,74.7062,11.351169,224.7061996459961,11.351169
22.606582278481014,114.06721518987341,150.0,21.59607881568628,61.94148634401749,100412.83249335106,1,77.39072,7.3456135,227.39071655273438,7.3456135
22.606582278481014,114.06746835443037,150.0,21.59607881568628,61.94148634401749,100412.83249335106,1,78.34357,10.048934,228.34356689453125,10.048934
22.606582278481014,114.06772151898734,150.0,21.59607881568628,61.94148634401749,100412.83249335106,1,80.542915,7.4942274,230.54291534423828,7.4942274
22.606582278481014,114.06797468354429,150.0,21.59607881568628,61.94148634401749,100412.83249335106,1,78.590164,8.974423,228.5901641845703,8.974423
22.606582278481014,114.06822784810126,150.0,21.59607881568628,61.94148634401749,100412.83249335106,1,74.874016,13.245866,224.87401580810547,13.245866
22.606582278481014,114.06848101265822,150.0,21.59607881568628,61.94148634401749,100412.83249335106,1,81.562256,8.50004,231.562255859375,8.50004
22.606582278481014,114.06873417721518,150.0,21.59607881568628,61.94148634401749,100412.83249335106,1,81.51044,13.877799,231.51043701171875,13.877799
22.606582278481014,114.06898734177214,150.0,21.59607881568628,61.94148634401749,100412.83249335106,1,78.611694,16.947348,228.6116943359375,16.947348
22.606582278481014,114.06924050632911,150.0,21.59607881568628,61.94148634401749,100412.83249335106,1,84.500824,8.776617,234.50082397460938,8.776617
22.606582278481014,114.06949367088608,150.0,21.59607881568628,61.94148634401749,100412.83249335106,1,85.749435,13.104731,235.7494354248047,13.104731
22.606582278481014,114.06974683544303,150.0,21.59607881568628,61.94148634401749,100412.83249335106,1,85.9175,8.485243,235.9175033569336,8.485243
22.606582278481014,114.07,150.0,21.59607881568628,61.94148634401749,100412.83249335106,1,89.0086,9.416378,239.00859832763672,9.416378
22.606835443037976,114.05,150.0,21.59607881568628,61.94148634401749,100412.83249335106,1,-0.08263616,0.6724918,149.91736383736134,0.6724918
22.606835443037976,114.05025316455696,150.0,21.59607881568628,61.94148634401749,100412.83249335106,1,0.04888921,0.6337901,150.04888920858502,0.6337901
22.606835443037976,114.05050632911392,150.0,21.59607881568628,61.94148634401749,100412.83249335106,1,-0.21440749,0.632103,149.78559251129627,0.632103
22.606835443037976,114.05075949367088,150.0,21.59607881568628,61.94148634401749,100412.83249335106,1,-0.1925748,0.725072,149.80742520093918,0.725072
22.606835443037976,114.05101265822785,150.0,21.59607881568628,61.94148634401749,100412.83249335106,1,-0.04504996,0.5259681,149.95495003834367,0.5259681
22.606835443037976,114.05126582278481,150.0,21.59607881568628,61.94148634401749,100412.83249335106,1,-0.25696343,0.6290547,149.74303656816483,0.6290547
22.606835443037976,114.05151898734177,150.0,21.59607881568628,61.94148634401749,100412.83249335106,1,-0.18671055,0.90107125,149.8132894486189,0.90107125
22.606835443037976,114.05177215189873,150.0,21.59607881568628,61.94148634401749,100412.83249335106,1,0.22191286,1.0896544,150.22191286087036,1.0896544
22.606835443037976,114.0520253164557,150.0,21.59607881568628,61.94148634401749,100412.83249335106,1,0.14811787,0.9263866,150.1481178700924,0.9263866
22.606835443037976,114.05227848101265,150.0,21.59607881568628,61.94148634401749,100412.83249335106,1,-0.15824747,0.8349368,149.8417525291443,0.8349368
22.606835443037976,114.05253164556962,150.0,21.59607881568628,61.94148634401749,100412.83249335106,1,-0.3709083,0.8105371,149.62909170985222,0.8105371
22.606835443037976,114.05278481012658,150.0,21.59607881568628,61.94148634401749,100412.83249335106,1,-0.45058528,2.1495132,149.54941472411156,2.1495132
22.606835443037976,114.05303797468355,150.0,21.59607881568628,61.94148634401749,100412.83249335106,1,-0.7957949,2.5113492,149.20420509576797,2.5113492
22.606835443037976,114.0532911392405,150.0,21.59607881568628,61.94148634401749,100412.83249335106,1,-2.188302,1.9172088,147.8116979598999,1.9172088
22.606835443037976,114.05354430379747,150.0,21.59607881568628,61.94148634401749,100412.83249335106,1,-6.4982896,5.1363974,143.50171041488647,5.1363974
22.606835443037976,114.05379746835443,150.0,21.59607881568628,61.94148634401749,100412.83249335106,1,-3.506144,3.960237,146.49385595321655,3.960237
22.606835443037976,114.05405063291138,150.0,21.59607881568628,61.94148634401749,100412.83249335106,1,-15.120855,6.829424,134.8791446685791,6.829424
22.606835443037976,114.05430379746835,150.0,21.59607881568628,61.94148634401749,100412.83249335106,1,-11.285069,7.0340514,138.7149305343628,7.0340514
22.606835443037976,114.05455696202532,150.0,21.59607881568628,61.94148634401749,100412.83249335106,1,-20.6059,6.7272224,129.39410018920898,6.7272224
22.606835443037976,114.05481012658227,150.0,21.59607881568628,61.94148634401749,100412.83249335106,1,-18.925768,8.348258,131.07423210144043,8.348258
22.606835443037976,114.05506329113923,150.0,21.59607881568628,61.94148634401749,100412.83249335106,1,-23.895597,7.621251,126.10440254211426,7.621251
22.606835443037976,114.0553164556962,150.0,21.59607881568628,61.94148634401749,100412.83249335106,1,-35.921227,5.740464,114.07877349853516,5.740464
22.606835443037976,114.05556962025317,150.0,21.59607881568628,61.94148634401749,100412.83249335106,1,-32.861702,7.830994,117.13829803466797,7.830994
22.606835443037976,114.05582278481012,150.0,21.59607881568628,61.94148634401749,100412.83249335106,1,-33.117504,7.529557,116.88249588012695,7.529557
22.606835443037976,114.05607594936708,150.0,21.59607881568628,61.94148634401749,100412.83249335106,1,-31.2363,6.7966976,118.76370048522949,6.7966976
22.606835443037976,114.05632911392405,150.0,21.59607881568628,61.94148634401749,100412.83249335106,1,-39.937664,5.1277375,110.06233596801758,5.1277375
22.606835443037976,114.056582278481,150.0,21.59607881568628,61.94148634401749,100412.83249335106,1,-40.921593,4.593367,109.07840728759766,4.593367
22.606835443037976,114.05683544303797,150.0,21.59607881568628,61.94148634401749,100412.83249335106,1,-29.43384,8.098045,120.56616020202637,8.098045
22.606835443037976,114.05708860759493,150.0,21.59607881568628,61.94148634401749,100412.83249335106,1,-35.089233,5.7919464,114.9107666015625,5.7919464
22.606835443037976,114.0573417721519,150.0,21.59607881568628,61.94148634401749,100412.83249335106,1,-24.852467,5.8826375,125.14753341674805,5.8826375
22.606835443037976,114.05759493670885,150.0,21.59607881568628,61.94148634401749,100412.83249335106,1,-35.38982,4.4233756,114.61017990112305,4.4233756
22.606835443037976,114.05784810126582,150.0,21.59607881568628,61.94148634401749,100412.83249335106,1,-26.045698,7.448776,123.95430183410645,7.448776
22.606835443037976,114.05810126582278,150.0,21.59607881568628,61.94148634401749,100412.83249335106,1,-22.140339,7.7637806,127.85966110229492,7.7637806
22.606835443037976,114.05835443037974,150.0,21.59607881568628,61.94148634401749,100412.83249335106,1,-18.666676,7.117791,131.33332443237305,7.117791
22.606835443037976,114.0586075949367,150.0,21.59607881568628,61.94148634401749,100412.83249335106,1,-15.625619,7.698418,134.37438106536865,7.698418
22.606835443037976,114.05886075949367,150.0,21.59607881568628,61.94148634401749,100412.83249335106,1,-13.635928,5.6550474,136.3640718460083,5.6550474
22.606835443037976,114.05911392405064,150.0,21.59607881568628,61.94148634401749,100412.83249335106,1,-6.1322417,5.402071,143.86775827407837,5.402071
22.606835443037976,114.05936708860759,150.0,21.59607881568628,61.94148634401749,100412.83249335106,1,-5.4579744,5.8731446,144.54202556610107,5.8731446
22.606835443037976,114.05962025316455,150.0,21.59607881568628,61.94148634401749,100412.83249335106,1,-2.2125027,3.3583136,147.7874972820282,3.3583136
22.606835443037976,114.05987341772152,150.0,21.59607881568628,61.94148634401749,100412.83249335106,1,0.33116615,2.4677165,150.33116614818573,2.4677165
22.606835443037976,114.06012658227847,150.0,21.59607881568628,61.94148634401749,100412.83249335106,1,-0.07516175,2.456761,149.9248382523656,2.456761
22.606835443037976,114.06037974683544,150.0,21.59607881568628,61.94148634401749,100412.83249335106,1,2.1070428,2.740712,152.10704278945923,2.740712
22.606835443037976,114.0606329113924,150.0,21.59607881568628,61.94148634401749,100412.83249335106,1,3.043856,4.0812387,153.04385590553284,4.0812387
22.606835443037976,114.06088607594936,150.0,21.59607881568628,61.94148634401749,100412.83249335106,1,3.3080225,3.5646493,153.30802249908447,3.5646493
22.606835443037976,114.06113924050632,150.0,21.59607881568628,61.94148634401749,100412.83249335106,1,5.989441,5.112736,155.98944091796875,5.112736
22.606835443037976,114.06139240506329,150.0,21.59607881568628,61.94148634401749,100412.83249335106,1,6.3627105,5.590855,156.36271047592163,5.590855
22.606835443037976,114.06164556962025,150.0,21.59607881568628,61.94148634401749,100412.83249335106,1,7.4615965,8.093451,157.46159648895264,8.093451
22.606835443037976,114.0618987341772,150.0,21.59607881568628,61.94148634401749,100412.83249335106,1,17.623268,8.117034,167.6232681274414,8.117034
22.606835443037976,114.06215189873417,150.0,21.59607881568628,61.94148634401749,100412.83249335106,1,6.0559688,6.370057,156.0559687614441,6.370057
22.606835443037976,114.06240506329114,150.0,21.59607881568628,61.94148634401749,100412.83249335106,1,21.004416,12.916607,171.00441551208496,12.916607
22.606835443037976,114.06265822784809,150.0,21.59607881568628,61.94148634401749,100412.83249335106,1,11.503213,12.260413,161.50321292877197,12.260413
22.606835443037976,114.06291139240506,150.0,21.59607881568628,61.94148634401749,100412.83249335106,1,26.481981,14.76278,176.48198127746582,14.76278
22.606835443037976,114.06316455696202,150.0,21.59607881568628,61.94148634401749,100412.83249335106,1,25.788147,17.666267,175.78814697265625,17.666267
22.606835443037976,114.06341772151899,150.0,21.59607881568628,61.94148634401749,100412.83249335106,1,34.6958,16.10974,184.69580078125,16.10974
22.606835443037976,114.06367088607594,150.0,21.59607881568628,61.94148634401749,100412.83249335106,1,34.737255,16.39437,184.73725509643555,16.39437
22.606835443037976,114.0639240506329,150.0,21.59607881568628,61.94148634401749,100412.83249335106,1,38.90341,17.354765,188.90341186523438,17.354765
22.606835443037976,114.06417721518987,150.0,21.59607881568628,61.94148634401749,100412.83249335106,1,40.941742,16.132442,190.94174194335938,16.132442
22.606835443037976,114.06443037974682,150.0,21.59607881568628,61.94148634401749,100412.83249335106,1,38.325493,18.746572,188.32549285888672,18.746572
22.606835443037976,114.06468354430379,150.0,21.59607881568628,61.94148634401749,100412.83249335106,1,54.95505,13.872152,204.95505142211914,13.872152
22.606835443037976,114.06493670886076,150.0,21.59607881568628,61.94148634401749,100412.83249335106,1,56.82333,15.8128195,206.8233299255371,15.8128195
22.606835443037976,114.06518987341772,150.0,21.59607881568628,61.94148634401749,100412.83249335106,1,51.264244,20.069855,201.26424407958984,20.069855
22.606835443037976,114.06544303797467,150.0,21.59607881568628,61.94148634401749,100412.83249335106,1,62.74597,16.551409,212.7459716796875,16.551409
22.606835443037976,114.06569620253164,150.0,21.59607881568628,61.94148634401749,100412.83249335106,1,58.397625,16.778347,208.39762496948242,16.778347
22.606835443037976,114.0659493670886,150.0,21.59607881568628,61.94148634401749,100412.83249335106,1,66.511406,13.197669,216.51140594482422,13.197669
22.606835443037976,114.06620253164556,150.0,21.59607881568628,61.94148634401749,100412.83249335106,1,69.60291,11.356144,219.60291290283203,11.356144
22.606835443037976,114.06645569620252,150.0,21.59607881568628,61.94148634401749,100412.83249335106,1,74.47153,7.287799,224.47152709960938,7.287799
22.606835443037976,114.06670886075949,150.0,21.59607881568628,61.94148634401749,100412.83249335106,1,70.004684,13.118422,220.0046844482422,13.118422
22.606835443037976,114.06696202531644,150.0,21.59607881568628,61.94148634401749,100412.83249335106,1,69.59197,18.314945,219.59197235107422,18.314945
22.606835443037976,114.06721518987341,150.0,21.59607881568628,61.94148634401749,100412.83249335106,1,76.18926,8.983853,226.18926239013672,8.983853
22.606835443037976,114.06746835443037,150.0,21.59607881568628,61.94148634401749,100412.83249335106,1,68.04329,26.97096,218.0432891845703,26.97096
22.606835443037976,114.06772151898734,150.0,21.59607881568628,61.94148634401749,100412.83249335106,1,79.85944,6.88546,229.85944366455078,6.88546
22.606835443037976,114.06797468354429,150.0,21.59607881568628,61.94148634401749,100412.83249335106,1,75.46558,18.243189,225.46558380126953,18.243189
22.606835443037976,114.06822784810126,150.0,21.59607881568628,61.94148634401749,100412.83249335106,1,78.27146,14.094895,228.2714614868164,14.094895
22.606835443037976,114.06848101265822,150.0,21.59607881568628,61.94148634401749,100412.83249335106,1,81.60772,6.761285,231.60771942138672,6.761285
22.606835443037976,114.06873417721518,150.0,21.59607881568628,61.94148634401749,100412.83249335106,1,80.19288,11.455422,230.19287872314453,11.455422
22.606835443037976,114.06898734177214,150.0,21.59607881568628,61.94148634401749,100412.83249335106,1,80.925095,14.378638,230.9250946044922,14.378638
22.606835443037976,114.06924050632911,150.0,21.59607881568628,61.94148634401749,100412.83249335106,1,81.94921,14.1383705,231.94921112060547,14.1383705
22.606835443037976,114.06949367088608,150.0,21.59607881568628,61.94148634401749,100412.83249335106,1,83.12838,6.5437675,233.12837982177734,6.5437675
22.606835443037976,114.06974683544303,150.0,21.59607881568628,61.94148634401749,100412.83249335106,1,89.573555,7.1094227,239.57355499267578,7.1094227
22.606835443037976,114.07,150.0,21.59607881568628,61.94148634401749,100412.83249335106,1,87.634766,7.61492,237.634765625,7.61492
22.60708860759494,114.05,150.0,21.59607881568628,61.94148634401749,100412.83249335106,1,0.0572755,0.76111114,150.05727550014853,0.76111114
22.60708860759494,114.05025316455696,150.0,21.59607881568628,61.94148634401749,100412.83249335106,1,-0.2040741,0.8814413,149.79592590034008,0.8814413
22.60708860759494,114.05050632911392,150.0,21.59607881568628,61.94148634401749,100412.83249335106,1,0.11280015,0.6776027,150.1128001511097,0.6776027
22.60708860759494,114.05075949367088,150.0,21.59607881568628,61.94148634401749,100412.83249335106,1,0.08718123,0.8208045,150.08718123286963,0.8208045
22.60708860759494,114.05101265822785,150.0,21.59607881568628,61.94148634401749,100412.83249335106,1,0.00082137925,0.89009666,150.0008213792462,0.89009666
22.60708860759494,114.05126582278481,150.0,21.59607881568628,61.94148634401749,100412.83249335106,1,0.18401162,1.2771502,150.18401162326336,1.2771502
22.60708860759494,114.05151898734177,150.0,21.59607881568628,61.94148634401749,100412.83249335106,1,0.19670539,1.1943648,150.1967053860426,1.1943648
22.60708860759494,114.05177215189873,150.0,21.59607881568628,61.94148634401749,100412.83249335106,1,-0.30651662,1.1343747,149.69348338246346,1.1343747
22.60708860759494,114.0520253164557,150.0,21.59607881568628,61.94148634401749,100412.83249335106,1,0.030379165,1.1389728,150.03037916496396,1.1389728
22.60708860759494,114.05227848101265,150.0,21.59607881568628,61.94148634401749,100412.83249335106,1,0.11422672,1.371447,150.11422672122717,1.371447
22.60708860759494,114.05253164556962,150.0,21.59607881568628,61.94148634401749,100412.83249335106,1,-0.7299964,3.1288748,149.27000361680984,3.1288748
22.60708860759494,114.05278481012658,150.0,21.59607881568628,61.94148634401749,100412.83249335106,1,-2.2398324,4.523701,147.76016759872437,4.523701
22.60708860759494,114.05303797468355,150.0,21.59607881568628,61.94148634401749,100412.83249335106,1,-4.8359556,4.1751328,145.164044380188,4.1751328
22.60708860759494,114.0532911392405,150.0,21.59607881568628,61.94148634401749,100412.83249335106,1,-5.3775835,4.100273,144.62241649627686,4.100273
22.60708860759494,114.05354430379747,150.0,21.59607881568628,61.94148634401749,100412.83249335106,1,-5.6653967,6.1360173,144.33460330963135,6.1360173
22.60708860759494,114.05379746835443,150.0,21.59607881568628,61.94148634401749,100412.83249335106,1,-17.963251,8.920395,132.0367488861084,8.920395
22.60708860759494,114.05405063291138,150.0,21.59607881568628,61.94148634401749,100412.83249335106,1,-20.769491,6.435927,129.2305088043213,6.435927
22.60708860759494,114.05430379746835,150.0,21.59607881568628,61.94148634401749,100412.83249335106,1,-23.026709,8.471814,126.97329139709473,8.471814
22.60708860759494,114.05455696202532,150.0,21.59607881568628,61.94148634401749,100412.83249335106,1,-25.374308,7.658716,124.62569236755371,7.658716
22.60708860759494,114.05481012658227,150.0,21.59607881568628,61.94148634401749,100412.83249335106,1,-29.02368,6.627119,120.97632026672363,6.627119
22.60708860759494,114.05506329113923,150.0,21.59607881568628,61.94148634401749,100412.83249335106,1,-39.182705,4.5640903,110.81729507446289,4.5640903
22.60708860759494,114.0553164556962,150.0,21.59607881568628,61.94148634401749,100412.83249335106,1,-34.032913,8.436712,115.96708679199219,8.436712
22.60708860759494,114.05556962025317,150.0,21.59607881568628,61.94148634401749,100412.83249335106,1,-36.37952,7.2533627,113.62047958374023,7.2533627
22.60708860759494,114.05582278481012,150.0,21.59607881568628,61.94148634401749,100412.83249335106,1,-33.905552,8.286543,116.09444808959961,8.286543
22.60708860759494,114.05607594936708,150.0,21.59607881568628,61.94148634401749,100412.83249335106,1,-40.214344,4.621021,109.7856559753418,4.621021
22.60708860759494,114.05632911392405,150.0,21.59607881568628,61.94148634401749,100412.83249335106,1,-39.90354,5.194605,110.0964584350586,5.194605
22.60708860759494,114.056582278481,150.0,21.59607881568628,61.94148634401749,100412.83249335106,1,-34.341846,5.9558625,115.65815353393555,5.9558625
22.60708860759494,114.05683544303797,150.0,21.59607881568628,61.94148634401749,100412.83249335106,1,-33.863888,5.8586025,116.13611221313477,5.8586025
22.60708860759494,114.05708860759493,150.0,21.59607881568628,61.94148634401749,100412.83249335106,1,-34.02403,7.1101074,115.97597122192383,7.1101074
22.60708860759494,114.0573417721519,150.0,21.59607881568628,61.94148634401749,100412.83249335106,1,-27.22324,6.0651784,122.77676010131836,6.0651784
22.60708860759494,114.05759493670885,150.0,21.59607881568628,61.94148634401749,100412.83249335106,1,-25.709667,7.017681,124.29033279418945,7.017681
22.60708860759494,114.05784810126582,150.0,21.59607881568628,61.94148634401749,100412.83249335106,1,-17.14496,7.070503,132.85503959655762,7.070503
22.60708860759494,114.05810126582278,150.0,21.59607881568628,61.94148634401749,100412.83249335106,1,-16.82681,6.1855836,133.173189163208,6.1855836
22.60708860759494,114.05835443037974,150.0,21.59607881568628,61.94148634401749,100412.83249335106,1,-10.356526,7.307703,139.6434736251831,7.307703
22.60708860759494,114.0586075949367,150.0,21.59607881568628,61.94148634401749,100412.83249335106,1,-9.279667,6.775802,140.72033309936523,6.775802
22.60708860759494,114.05886075949367,150.0,21.59607881568628,61.94148634401749,100412.83249335106,1,-5.2643647,5.1345634,144.73563528060913,5.1345634
22.60708860759494,114.05911392405064,150.0,21.59607881568628,61.94148634401749,100412.83249335106,1,-1.2777616,2.894522,148.72223842144012,2.894522
22.60708860759494,114.05936708860759,150.0,21.59607881568628,61.94148634401749,100412.83249335106,1,-2.044192,4.5810404,147.95580792427063,4.5810404
22.60708860759494,114.05962025316455,150.0,21.59607881568628,61.94148634401749,100412.83249335106,1,-0.9010367,2.9880161,149.09896332025528,2.9880161
22.60708860759494,114.05987341772152,150.0,21.59607881568628,61.94148634401749,100412.83249335106,1,-0.024946718,2.0859797,149.9750532824546,2.0859797
22.60708860759494,114.06012658227847,150.0,21.59607881568628,61.94148634401749,100412.83249335106,1,1.1274248,1.548797,151.12742483615875,1.548797
22.60708860759494,114.06037974683544,150.0,21.59607881568628,61.94148634401749,100412.83249335106,1,3.2725859,2.4180472,153.27258586883545,2.4180472
22.60708860759494,114.0606329113924,150.0,21.59607881568628,61.94148634401749,100412.83249335106,1,2.2152414,2.8748255,152.21524143218994,2.8748255
22.60708860759494,114.06088607594936,150.0,21.59607881568628,61.94148634401749,100412.83249335106,1,2.1318011,3.0235558,152.13180112838745,3.0235558
22.60708860759494,114.06113924050632,150.0,21.59607881568628,61.94148634401749,100412.83249335106,1,1.9040616,2.1851628,151.90406155586243,2.1851628
22.60708860759494,114.06139240506329,150.0,21.59607881568628,61.94148634401749,100412.83249335106,1,8.269867,6.8330913,158.26986694335938,6.8330913
22.60708860759494,114.06164556962025,150.0,21.59607881568628,61.94148634401749,100412.83249335106,1,13.051187,8.684366,163.05118656158447,8.684366
22.60708860759494,114.0618987341772,150.0,21.59607881568628,61.94148634401749,100412.83249335106,1,7.0116296,5.520359,157.01162958145142,5.520359
22.60708860759494,114.06215189873417,150.0,21.59607881568628,61.94148634401749,100412.83249335106,1,10.351752,9.307925,160.35175228118896,9.307925
22.60708860759494,114.06240506329114,150.0,21.59607881568628,61.94148634401749,100412.83249335106,1,15.024216,12.378587,165.0242156982422,12.378587
22.60708860759494,114.06265822784809,150.0,21.59607881568628,61.94148634401749,100412.83249335106,1,18.958706,13.595571,168.9587059020996,13.595571
22.60708860759494,114.06291139240506,150.0,21.59607881568628,61.94148634401749,100412.83249335106,1,29.114872,12.280627,179.11487197875977,12.280627
22.60708860759494,114.06316455696202,150.0,21.59607881568628,61.94148634401749,100412.83249335106,1,19.316784,17.958033,169.3167839050293,17.958033
22.60708860759494,114.06341772151899,150.0,21.59607881568628,61.94148634401749,100412.83249335106,1,33.323483,19.339666,183.32348251342773,19.339666
22.60708860759494,114.06367088607594,150.0,21.59607881568628,61.94148634401749,100412.83249335106,1,27.269737,14.544501,177.26973724365234,14.544501
22.60708860759494,114.0639240506329,150.0,21.59607881568628,61.94148634401749,100412.83249335106,1,43.294632,13.384904,193.2946319580078,13.384904
22.60708860759494,114.06417721518987,150.0,21.59607881568628,61.94148634401749,100412.83249335106,1,35.310406,17.609457,185.31040573120117,17.609457
22.60708860759494,114.06443037974682,150.0,21.59607881568628,61.94148634401749,100412.83249335106,1,47.127823,21.01209,197.12782287597656,21.01209
22.60708860759494,114.06468354430379,150.0,21.59607881568628,61.94148634401749,100412.83249335106,1,40.28108,19.47974,190.28107833862305,19.47974
22.60708860759494,114.06493670886076,150.0,21.59607881568628,61.94148634401749,100412.83249335106,1,48.226208,21.695686,198.2262077331543,21.695686
22.60708860759494,114.06518987341772,150.0,21.59607881568628,61.94148634401749,100412.83249335106,1,56.00889,16.16846,206.0088882446289,16.16846
22.60708860759494,114.06544303797467,150.0,21.59607881568628,61.94148634401749,100412.83249335106,1,50.217827,19.16647,200.21782684326172,19.16647
22.60708860759494,114.06569620253164,150.0,21.59607881568628,61.94148634401749,100412.83249335106,1,63.45288,18.097599,213.452880859375,18.097599
22.60708860759494,114.0659493670886,150.0,21.59607881568628,61.94148634401749,100412.83249335106,1,62.664757,19.15856,212.66475677490234,19.15856
22.60708860759494,114.06620253164556,150.0,21.59607881568628,61.94148634401749,100412.83249335106,1,62.48829,18.119349,212.48828887939453,18.119349
22.60708860759494,114.06645569620252,150.0,21.59607881568628,61.94148634401749,100412.83249335106,1,71.158195,9.567229,221.15819549560547,9.567229
22.60708860759494,114.06670886075949,150.0,21.59607881568628,61.94148634401749,100412.83249335106,1,64.59737,18.104412,214.5973663330078,18.104412
22.60708860759494,114.06696202531644,150.0,21.59607881568628,61.94148634401749,100412.83249335106,1,73.38956,9.090537,223.38955688476562,9.090537
22.60708860759494,114.06721518987341,150.0,21.59607881568628,61.94148634401749,100412.83249335106,1,68.138245,22.129028,218.13824462890625,22.129028
22.60708860759494,114.06746835443037,150.0,21.59607881568628,61.94148634401749,100412.83249335106,1,75.21897,16.255554,225.2189712524414,16.255554
22.60708860759494,114.06772151898734,150.0,21.59607881568628,61.94148634401749,100412.83249335106,1,72.95839,18.58638,222.95838928222656,18.58638
22.60708860759494,114.06797468354429,150.0,21.59607881568628,61.94148634401749,100412.83249335106,1,83.369225,5.45835,233.36922454833984,5.45835
22.60708860759494,114.06822784810126,150.0,21.59607881568628,61.94148634401749,100412.83249335106,1,80.5953,9.295069,230.59529876708984,9.295069
22.60708860759494,114.06848101265822,150.0,21.59607881568628,61.94148634401749,100412.83249335106,1,80.915504,6.6673884,230.9155044555664,6.6673884
22.60708860759494,114.06873417721518,150.0,21.59607881568628,61.94148634401749,100412.83249335106,1,82.56206,6.5384855,232.5620574951172,6.5384855
22.60708860759494,114.06898734177214,150.0,21.59607881568628,61.94148634401749,100412.83249335106,1,81.52525,8.440877,231.52525329589844,8.440877
22.60708860759494,114.06924050632911,150.0,21.59607881568628,61.94148634401749,100412.83249335106,1,84.26735,9.461455,234.26734924316406,9.461455
22.60708860759494,114.06949367088608,150.0,21.59607881568628,61.94148634401749,100412.83249335106,1,89.39707,7.2243257,239.3970718383789,7.2243257
22.60708860759494,114.06974683544303,150.0,21.59607881568628,61.94148634401749,100412.83249335106,1,85.99878,7.5758605,235.998779296875,7.5758605
22.60708860759494,114.07,150.0,21.59607881568628,61.94148634401749,100412.83249335106,1,88.497665,7.6765776,238.49766540527344,7.6765776
22.6073417721519,114.05,150.0,21.59607881568628,61.94148634401749,100412.83249335106,1,-0.015068801,0.95367897,149.98493119888008,0.95367897
22.6073417721519,114.05025316455696,150.0,21.59607881568628,61.94148634401749,100412.83249335106,1,-0.10296172,0.7888505,149.8970382809639,0.7888505
22.6073417721519,114.05050632911392,150.0,21.59607881568628,61.94148634401749,100412.83249335106,1,0.035363514,0.76348215,150.03536351397634,0.76348215
22.6073417721519,114.05075949367088,150.0,21.59607881568628,61.94148634401749,100412.83249335106,1,-0.10648889,1.0436664,149.8935111090541,1.0436664
22.6073417721519,114.05101265822785,150.0,21.59607881568628,61.94148634401749,100412.83249335106,1,0.14568122,0.95373136,150.1456812173128,0.95373136
22.6073417721519,114.05126582278481,150.0,21.59607881568628,61.94148634401749,100412.83249335106,1,0.22517975,1.4219724,150.22517974674702,1.4219724
22.6073417721519,114.05151898734177,150.0,21.59607881568628,61.94148634401749,100412.83249335106,1,0.24880989,1.1285763,150.24880988895893,1.1285763
22.6073417721519,114.05177215189873,150.0,21.59607881568628,61.94148634401749,100412.83249335106,1,-1.6042681,3.7126014,148.39573192596436,3.7126014
22.6073417721519,114.0520253164557,150.0,21.59607881568628,61.94148634401749,100412.83249335106,1,-0.41394043,1.9887459,149.5860595703125,1.9887459
22.6073417721519,114.05227848101265,150.0,21.59607881568628,61.94148634401749,100412.83249335106,1,-1.014296,3.766308,148.9857039451599,3.766308
22.6073417721519,114.05253164556962,150.0,21.59607881568628,61.94148634401749,100412.83249335106,1,-6.218187,4.444298,143.78181314468384,4.444298
22.6073417721519,114.05278481012658,150.0,21.59607881568628,61.94148634401749,100412.83249335106,1,-5.155993,4.5007434,144.84400701522827,4.5007434
22.6073417721519,114.05303797468355,150.0,21.59607881568628,61.94148634401749,100412.83249335106,1,-11.847981,8.297891,138.1520185470581,8.297891
22.6073417721519,114.0532911392405,150.0,21.59607881568628,61.94148634401749,100412.83249335106,1,-7.3119717,4.8310885,142.6880283355713,4.8310885
22.6073417721519,114.05354430379747,150.0,21.59607881568628,61.94148634401749,100412.83249335106,1,-20.670586,7.193022,129.32941436767578,7.193022
22.6073417721519,114.05379746835443,150.0,21.59607881568628,61.94148634401749,100412.83249335106,1,-21.707542,7.7007685,128.2924575805664,7.7007685
22.6073417721519,114.05405063291138,150.0,21.59607881568628,61.94148634401749,100412.83249335106,1,-25.779757,8.385631,124.22024345397949,8.385631
22.6073417721519,114.05430379746835,150.0,21.59607881568628,61.94148634401749,100412.83249335106,1,-28.851484,7.2067647,121.14851570129395,7.2067647
22.6073417721519,114.05455696202532,150.0,21.59607881568628,61.94148634401749,100412.83249335106,1,-30.142796,8.528667,119.85720443725586,8.528667
22.6073417721519,114.05481012658227,150.0,21.59607881568628,61.94148634401749,100412.83249335106,1,-34.18421,6.294563,115.81578826904297,6.294563
22.6073417721519,114.05506329113923,150.0,21.59607881568628,61.94148634401749,100412.83249335106,1,-35.16836,6.873371,114.83163833618164,6.873371
22.6073417721519,114.0553164556962,150.0,21.59607881568628,61.94148634401749,100412.83249335106,1,-37.603233,6.7555223,112.39676666259766,6.7555223
22.6073417721519,114.05556962025317,150.0,21.59607881568628,61.94148634401749,100412.83249335106,1,-36.703777,5.4350233,113.29622268676758,5.4350233
22.6073417721519,114.05582278481012,150.0,21.59607881568628,61.94148634401749,100412.83249335106,1,-26.20229,9.696139,123.79771041870117,9.696139
22.6073417721519,114.05607594936708,150.0,21.59607881568628,61.94148634401749,100412.83249335106,1,-36.76637,7.233118,113.2336311340332,7.233118
22.6073417721519,114.05632911392405,150.0,21.59607881568628,61.94148634401749,100412.83249335106,1,-25.806807,8.558793,124.19319343566895,8.558793
22.6073417721519,114.056582278481,150.0,21.59607881568628,61.94148634401749,100412.83249335106,1,-30.250767,7.3826027,119.74923324584961,7.3826027
22.6073417721519,114.05683544303797,150.0,21.59607881568628,61.94148634401749,100412.83249335106,1,-18.08007,7.1746197,131.91992950439453,7.1746197
22.6073417721519,114.05708860759493,150.0,21.59607881568628,61.94148634401749,100412.83249335106,1,-23.897999,7.749588,126.10200119018555,7.749588
22.6073417721519,114.0573417721519,150.0,21.59607881568628,61.94148634401749,100412.83249335106,1,-22.046623,8.272041,127.95337677001953,8.272041
22.6073417721519,114.05759493670885,150.0,21.59607881568628,61.94148634401749,100412.83249335106,1,-12.010609,8.095037,137.9893913269043,8.095037
22.6073417721519,114.05784810126582,150.0,21.59607881568628,61.94148634401749,100412.83249335106,1,-12.939643,6.5626645,137.06035709381104,6.5626645
22.6073417721519,114.05810126582278,150.0,21.59607881568628,61.94148634401749,100412.83249335106,1,-7.682572,6.011703,142.31742811203003,6.011703
22.6073417721519,114.05835443037974,150.0,21.59607881568628,61.94148634401749,100412.83249335106,1,-6.7217984,6.352351,143.2782015800476,6.352351
22.6073417721519,114.0586075949367,150.0,21.59607881568628,61.94148634401749,100412.83249335106,1,-3.3940203,3.62652,146.60597968101501,3.62652
22.6073417721519,114.05886075949367,150.0,21.59607881568628,61.94148634401749,100412.83249335106,1,-2.3155742,3.4362442,147.68442583084106,3.4362442
22.6073417721519,114.05911392405064,150.0,21.59607881568628,61.94148634401749,100412.83249335106,1,-1.2372762,3.2435927,148.7627238035202,3.2435927
22.6073417721519,114.05936708860759,150.0,21.59607881568628,61.94148634401749,100412.83249335106,1,-0.5872537,3.251739,149.41274631023407,3.251739
22.6073417721519,114.05962025316455,150.0,21.59607881568628,61.94148634401749,100412.83249335106,1,0.29767522,1.9526023,150.29767522215843,1.9526023
22.6073417721519,114.05987341772152,150.0,21.59607881568628,61.94148634401749,100412.83249335106,1,0.43736663,1.656425,150.43736663460732,1.656425
22.6073417721519,114.06012658227847,150.0,21.59607881568628,61.94148634401749,100412.83249335106,1,1.8232272,1.9056169,151.82322716712952,1.9056169
22.6073417721519,114.06037974683544,150.0,21.59607881568628,61.94148634401749,100412.83249335106,1,2.3930554,2.4744217,152.39305543899536,2.4744217
22.6073417721519,114.0606329113924,150.0,21.59607881568628,61.94148634401749,100412.83249335106,1,2.1604111,2.2860844,152.16041111946106,2.2860844
22.6073417721519,114.06088607594936,150.0,21.59607881568628,61.94148634401749,100412.83249335106,1,2.8479369,3.8422575,152.8479368686676,3.8422575
22.6073417721519,114.06113924050632,150.0,21.59607881568628,61.94148634401749,100412.83249335106,1,1.9047369,2.465713,151.90473687648773,2.465713
22.6073417721519,114.06139240506329,150.0,21.59607881568628,61.94148634401749,100412.83249335106,1,10.908014,7.2259264,160.90801429748535,7.2259264
22.6073417721519,114.06164556962025,150.0,21.59607881568628,61.94148634401749,100412.83249335106,1,3.290738,5.637044,153.29073810577393,5.637044
22.6073417721519,114.0618987341772,150.0,21.59607881568628,61.94148634401749,100412.83249335106,1,8.04383,6.992904,158.04382991790771,6.992904
22.6073417721519,114.06215189873417,150.0,21.59607881568628,61.94148634401749,100412.83249335106,1,9.219516,8.58471,159.21951580047607,8.58471
22.6073417721519,114.06240506329114,150.0,21.59607881568628,61.94148634401749,100412.83249335106,1,13.954954,10.7157345,163.95495414733887,10.7157345
22.6073417721519,114.06265822784809,150.0,21.59607881568628,61.94148634401749,100412.83249335106,1,17.237644,13.946089,167.23764419555664,13.946089
22.6073417721519,114.06291139240506,150.0,21.59607881568628,61.94148634401749,100412.83249335106,1,12.533956,10.537719,162.53395557403564,10.537719
22.6073417721519,114.06316455696202,150.0,21.59607881568628,61.94148634401749,100412.83249335106,1,18.940416,16.273022,168.94041633605957,16.273022
22.6073417721519,114.06341772151899,150.0,21.59607881568628,61.94148634401749,100412.83249335106,1,26.24253,16.245829,176.2425308227539,16.245829
22.6073417721519,114.06367088607594,150.0,21.59607881568628,61.94148634401749,100412.83249335106,1,27.492388,18.135088,177.49238777160645,18.135088
22.6073417721519,114.0639240506329,150.0,21.59607881568628,61.94148634401749,100412.83249335106,1,33.437214,19.240137,183.43721389770508,19.240137
22.6073417721519,114.06417721518987,150.0,21.59607881568628,61.94148634401749,100412.83249335106,1,29.6458,18.16985,179.64579963684082,18.16985
22.6073417721519,114.06443037974682,150.0,21.59607881568628,61.94148634401749,100412.83249335106,1,50.218872,15.054358,200.2188720703125,15.054358
22.6073417721519,114.06468354430379,150.0,21.59607881568628,61.94148634401749,100412.83249335106,1,36.030296,22.092457,186.0302963256836,22.092457
22.6073417721519,114.06493670886076,150.0,21.59607881568628,61.94148634401749,100412.83249335106,1,58.797813,11.697438,208.79781341552734,11.697438
22.6073417721519,114.06518987341772,150.0,21.59607881568628,61.94148634401749,100412.83249335106,1,46.337334,22.853699,196.33733367919922,22.853699
22.6073417721519,114.06544303797467,150.0,21.59607881568628,61.94148634401749,100412.83249335106,1,56.236645,21.665537,206.23664474487305,21.665537
22.6073417721519,114.06569620253164,150.0,21.59607881568628,61.94148634401749,100412.83249335106,1,49.902508,25.488157,199.90250778198242,25.488157
22.6073417721519,114.0659493670886,150.0,21.59607881568628,61.94148634401749,100412.83249335106,1,64.99538,14.816539,214.99537658691406,14.816539
22.6073417721519,114.06620253164556,150.0,21.59607881568628,61.94148634401749,100412.83249335106,1,63.159554,15.944575,213.15955352783203,15.944575
22.6073417721519,114.06645569620252,150.0,21.59607881568628,61.94148634401749,100412.83249335106,1,68.95708,12.38901,218.9570770263672,12.38901
22.6073417721519,114.06670886075949,150.0,21.59607881568628,61.94148634401749,100412.83249335106,1,75.85061,11.104272,225.8506088256836,11.104272
22.6073417721519,114.06696202531644,150.0,21.59607881568628,61.94148634401749,100412.83249335106,1,68.30309,20.094368,218.30309295654297,20.094368
22.6073417721519,114.06721518987341,150.0,21.59607881568628,61.94148634401749,100412.83249335106,1,73.549614,9.627272,223.54961395263672,9.627272
22.6073417721519,114.06746835443037,150.0,21.59607881568628,61.94148634401749,100412.83249335106,1,73.5694,16.041441,223.56939697265625,16.041441
22.6073417721519,114.06772151898734,150.0,21.59607881568628,61.94148634401749,100412.83249335106,1,76.888885,10.787688,226.88888549804688,10.787688
22.6073417721519,114.06797468354429,150.0,21.59607881568628,61.94148634401749,100412.83249335106,1,78.32288,16.472872,228.32288360595703,16.472872
22.6073417721519,114.06822784810126,150.0,21.59607881568628,61.94148634401749,100412.83249335106,1,80.427635,6.1432567,230.4276351928711,6.1432567
22.6073417721519,114.06848101265822,150.0,21.59607881568628,61.94148634401749,100412.83249335106,1,77.40364,11.027674,227.4036407470703,11.027674
22.6073417721519,114.06873417721518,150.0,21.59607881568628,61.94148634401749,100412.83249335106,1,79.08614,9.454826,229.08614349365234,9.454826
22.6073417721519,114.06898734177214,150.0,21.59607881568628,61.94148634401749,100412.83249335106,1,82.10864,9.114525,232.108642578125,9.114525
22.6073417721519,114.06924050632911,150.0,21.59607881568628,61.94148634401749,100412.83249335106,1,85.943665,9.195637,235.94366455078125,9.195637
22.6073417721519,114.06949367088608,150.0,21.59607881568628,61.94148634401749,100412.83249335106,1,85.98761,7.324068,235.98760986328125,7.324068
22.6073417721519,114.06974683544303,150.0,21.59607881568628,61.94148634401749,100412.83249335106,1,85.999825,11.4725895,235.99982452392578,11.4725895
22.6073417721519,114.07,150.0,21.59607881568628,61.94148634401749,100412.83249335106,1,85.57903,9.284462,235.57903289794922,9.284462
22.60759493670886,114.05,150.0,21.59607881568628,61.94148634401749,100412.83249335106,1,-0.38844815,0.7851694,149.61155185103416,0.7851694
22.60759493670886,114.05025316455696,150.0,21.59607881568628,61.94148634401749,100412.83249335106,1,0.051416658,0.7865088,150.05141665786505,0.7865088
22.60759493670886,114.05050632911392,150.0,21.59607881568628,61.94148634401749,100412.83249335106,1,-0.072281435,1.0505673,149.92771856486797,1.0505673
22.60759493670886,114.05075949367088,150.0,21.59607881568628,61.94148634401749,100412.83249335106,1,-0.004643755,0.7964688,149.9953562449664,0.7964688
22.60759493670886,114.05101265822785,150.0,21.59607881568628,61.94148634401749,100412.83249335106,1,-0.12285881,1.4628456,149.87714119255543,1.4628456
22.60759493670886,114.05126582278481,150.0,21.59607881568628,61.94148634401749,100412.83249335106,1,0.13208646,0.98560286,150.132086455822,0.98560286
22.60759493670886,114.05151898734177,150.0,21.59607881568628,61.94148634401749,100412.83249335106,1,-0.9984166,2.898665,149.00158339738846,2.898665
22.60759493670886,114.05177215189873,150.0,21.59607881568628,61.94148634401749,100412.83249335106,1,-0.47490448,2.0937274,149.52509552240372,2.0937274
22.60759493670886,114.0520253164557,150.0,21.59607881568628,61.94148634401749,100412.83249335106,1,-2.1206503,3.3104286,147.87934970855713,3.3104286
22.60759493670886,114.05227848101265,150.0,21.59607881568628,61.94148634401749,100412.83249335106,1,-4.005179,4.899455,145.99482107162476,4.899455
22.60759493670886,114.05253164556962,150.0,21.59607881568628,61.94148634401749,100412.83249335106,1,-7.2286844,6.166859,142.771315574646,6.166859
22.60759493670886,114.05278481012658,150.0,21.59607881568628,61.94148634401749,100412.83249335106,1,-13.851956,7.7487354,136.14804363250732,7.7487354
22.60759493670886,114.05303797468355,150.0,21.59607881568628,61.94148634401749,100412.83249335106,1,-16.459442,8.928363,133.54055786132812,8.928363
22.60759493670886,114.0532911392405,150.0,21.59607881568628,61.94148634401749,100412.83249335106,1,-13.057395,6.9353137,136.94260501861572,6.9353137
22.60759493670886,114.05354430379747,150.0,21.59607881568628,61.94148634401749,100412.83249335106,1,-18.833141,6.7610292,131.1668586730957,6.7610292
22.60759493670886,114.05379746835443,150.0,21.59607881568628,61.94148634401749,100412.83249335106,1,-24.420647,7.15564,125.57935333251953,7.15564
22.60759493670886,114.05405063291138,150.0,21.59607881568628,61.94148634401749,100412.83249335106,1,-27.806835,7.543074,122.19316482543945,7.543074
22.60759493670886,114.05430379746835,150.0,21.59607881568628,61.94148634401749,100412.83249335106,1,-17.41831,8.194229,132.58168983459473,8.194229
22.60759493670886,114.05455696202532,150.0,21.59607881568628,61.94148634401749,100412.83249335106,1,-29.70088,5.9080753,120.29911994934082,5.9080753
22.60759493670886,114.05481012658227,150.0,21.59607881568628,61.94148634401749,100412.83249335106,1,-27.933681,7.13886,122.06631851196289,7.13886
22.60759493670886,114.05506329113923,150.0,21.59607881568628,61.94148634401749,100412.83249335106,1,-30.205269,6.7717786,119.79473114013672,6.7717786
22.60759493670886,114.0553164556962,150.0,21.59607881568628,61.94148634401749,100412.83249335106,1,-26.78463,8.344421,123.21537017822266,8.344421
22.60759493670886,114.05556962025317,150.0,21.59607881568628,61.94148634401749,100412.83249335106,1,-26.431818,8.979796,123.56818199157715,8.979796
22.60759493670886,114.05582278481012,150.0,21.59607881568628,61.94148634401749,100412.83249335106,1,-28.988297,7.1375895,121.01170349121094,7.1375895
22.60759493670886,114.05607594936708,150.0,21.59607881568628,61.94148634401749,100412.83249335106,1,-18.785494,8.427666,131.214506149292,8.427666
22.60759493670886,114.05632911392405,150.0,21.59607881568628,61.94148634401749,100412.83249335106,1,-23.191177,6.034058,126.80882263183594,6.034058
22.60759493670886,114.056582278481,150.0,21.59607881568628,61.94148634401749,100412.83249335106,1,-18.158691,8.308125,131.84130859375,8.308125
22.60759493670886,114.05683544303797,150.0,21.59607881568628,61.94148634401749,100412.83249335106,1,-13.286117,8.196946,136.71388339996338,8.196946
22.60759493670886,114.05708860759493,150.0,21.59607881568628,61.94148634401749,100412.83249335106,1,-16.888296,8.411175,133.11170387268066,8.411175
22.60759493670886,114.0573417721519,150.0,21.59607881568628,61.94148634401749,100412.83249335106,1,-10.598235,7.0921593,139.40176486968994,7.0921593
22.60759493670886,114.05759493670885,150.0,21.59607881568628,61.94148634401749,100412.83249335106,1,-12.868446,6.5870056,137.13155364990234,6.5870056
22.60759493670886,114.05784810126582,150.0,21.59607881568628,61.94148634401749,100412.83249335106,1,-4.8409758,5.61969,145.15902423858643,5.61969
22.60759493670886,114.05810126582278,150.0,21.59607881568628,61.94148634401749,100412.83249335106,1,-6.0281405,5.417405,143.97185945510864,5.417405
22.60759493670886,114.05835443037974,150.0,21.59607881568628,61.94148634401749,100412.83249335106,1,-3.957436,4.5763335,146.04256391525269,4.5763335
22.60759493670886,114.0586075949367,150.0,21.59607881568628,61.94148634401749,100412.83249335106,1,-2.0787315,3.8920863,147.92126846313477,3.8920863
22.60759493670886,114.05886075949367,150.0,21.59607881568628,61.94148634401749,100412.83249335106,1,-0.68715835,2.126836,149.31284165382385,2.126836
22.60759493670886,114.05911392405064,150.0,21.59607881568628,61.94148634401749,100412.83249335106,1,0.5413718,1.2735643,150.54137182235718,1.2735643
22.60759493670886,114.05936708860759,150.0,21.59607881568628,61.94148634401749,100412.83249335106,1,0.8796164,1.60821,150.87961637973785,1.60821
22.60759493670886,114.05962025316455,150.0,21.59607881568628,61.94148634401749,100412.83249335106,1,0.8787245,1.61944,150.87872451543808,1.61944
22.60759493670886,114.05987341772152,150.0,21.59607881568628,61.94148634401749,100412.83249335106,1,1.6116723,1.8697433,151.61167228221893,1.8697433
22.60759493670886,114.06012658227847,150.0,21.59607881568628,61.94148634401749,100412.83249335106,1,1.1069502,1.8061743,151.10695016384125,1.8061743
22.60759493670886,114.06037974683544,150.0,21.59607881568628,61.94148634401749,100412.83249335106,1,2.503121,2.8741992,152.50312089920044,2.8741992
22.60759493670886,114.0606329113924,150.0,21.59607881568628,61.94148634401749,100412.83249335106,1,2.6212077,2.5854661,152.6212077140808,2.5854661
22.60759493670886,114.06088607594936,150.0,21.59607881568628,61.94148634401749,100412.83249335106,1,1.521829,2.216248,151.5218290090561,2.216248
22.60759493670886,114.06113924050632,150.0,21.59607881568628,61.94148634401749,100412.83249335106,1,6.0413995,5.070328,156.04139947891235,5.070328
22.60759493670886,114.06139240506329,150.0,21.59607881568628,61.94148634401749,100412.83249335106,1,3.723268,4.372747,153.72326803207397,4.372747
22.60759493670886,114.06164556962025,150.0,21.59607881568628,61.94148634401749,100412.83249335106,1,4.2126217,4.81003,154.21262168884277,4.81003
22.60759493670886,114.0618987341772,150.0,21.59607881568628,61.94148634401749,100412.83249335106,1,5.0677953,7.0961084,155.06779527664185,7.0961084
22.60759493670886,114.06215189873417,150.0,21.59607881568628,61.94148634401749,100412.83249335106,1,4.941235,6.524556,154.9412350654602,6.524556
22.60759493670886,114.06240506329114,150.0,21.59607881568628,61.94148634401749,100412.83249335106,1,12.55495,10.744143,162.554949760437,10.744143
22.60759493670886,114.06265822784809,150.0,21.59607881568628,61.94148634401749,100412.83249335106,1,7.103946,9.084216,157.10394620895386,9.084216
22.60759493670886,114.06291139240506,150.0,21.59607881568628,61.94148634401749,100412.83249335106,1,15.043377,13.859062,165.04337692260742,13.859062
22.60759493670886,114.06316455696202,150.0,21.59607881568628,61.94148634401749,100412.83249335106,1,9.956393,10.03,159.95639324188232,10.03
22.60759493670886,114.06341772151899,150.0,21.59607881568628,61.94148634401749,100412.83249335106,1,28.36126,15.936539,178.36125946044922,15.936539
22.60759493670886,114.06367088607594,150.0,21.59607881568628,61.94148634401749,100412.83249335106,1,25.935114,18.821976,175.93511390686035,18.821976
22.60759493670886,114.0639240506329,150.0,21.59607881568628,61.94148634401749,100412.83249335106,1,25.548964,16.816662,175.54896354675293,16.816662
22.60759493670886,114.06417721518987,150.0,21.59607881568628,61.94148634401749,100412.83249335106,1,34.886776,20.270004,184.88677597045898,20.270004
22.60759493670886,114.06443037974682,150.0,21.59607881568628,61.94148634401749,100412.83249335106,1,41.27922,20.371181,191.2792205810547,20.371181
22.60759493670886,114.06468354430379,150.0,21.59607881568628,61.94148634401749,100412.83249335106,1,43.720448,17.305664,193.7204475402832,17.305664
22.60759493670886,114.06493670886076,150.0,21.59607881568628,61.94148634401749,100412.83249335106,1,43.001972,19.26656,193.00197219848633,19.26656
22.60759493670886,114.06518987341772,150.0,21.59607881568628,61.94148634401749,100412.83249335106,1,46.601223,21.315496,196.60122299194336,21.315496
22.60759493670886,114.06544303797467,150.0,21.59607881568628,61.94148634401749,100412.83249335106,1,54.680347,19.863972,204.68034744262695,19.863972
22.60759493670886,114.06569620253164,150.0,21.59607881568628,61.94148634401749,100412.83249335106,1,50.583824,20.93706,200.58382415771484,20.93706
22.60759493670886,114.0659493670886,150.0,21.59607881568628,61.94148634401749,100412.83249335106,1,63.19886,18.893688,213.19886016845703,18.893688
22.60759493670886,114.06620253164556,150.0,21.59607881568628,61.94148634401749,100412.83249335106,1,60.237915,17.829422,210.2379150390625,17.829422
22.60759493670886,114.06645569620252,150.0,21.59607881568628,61.94148634401749,100412.83249335106,1,65.43196,15.836366,215.4319610595703,15.836366
22.60759493670886,114.06670886075949,150.0,21.59607881568628,61.94148634401749,100412.83249335106,1,61.329243,18.654846,211.32924270629883,18.654846
22.60759493670886,114.06696202531644,150.0,21.59607881568628,61.94148634401749,100412.83249335106,1,66.99104,18.012957,216.9910430908203,18.012957
22.60759493670886,114.06721518987341,150.0,21.59607881568628,61.94148634401749,100412.83249335106,1,70.55727,9.459491,220.55726623535156,9.459491
22.60759493670886,114.06746835443037,150.0,21.59607881568628,61.94148634401749,100412.83249335106,1,61.89076,24.466208,211.8907585144043,24.466208
22.60759493670886,114.06772151898734,150.0,21.59607881568628,61.94148634401749,100412.83249335106,1,76.23038,8.0128355,226.23037719726562,8.0128355
22.60759493670886,114.06797468354429,150.0,21.59607881568628,61.94148634401749,100412.83249335106,1,74.8441,19.630186,224.84410095214844,19.630186
22.60759493670886,114.06822784810126,150.0,21.59607881568628,61.94148634401749,100412.83249335106,1,73.42932,14.441157,223.4293212890625,14.441157
22.60759493670886,114.06848101265822,150.0,21.59607881568628,61.94148634401749,100412.83249335106,1,77.07459,11.295404,227.07459259033203,11.295404
22.60759493670886,114.06873417721518,150.0,21.59607881568628,61.94148634401749,100412.83249335106,1,76.36354,17.475563,226.36354064941406,17.475563
22.60759493670886,114.06898734177214,150.0,21.59607881568628,61.94148634401749,100412.83249335106,1,87.25714,7.6533394,237.25714111328125,7.6533394
22.60759493670886,114.06924050632911,150.0,21.59607881568628,61.94148634401749,100412.83249335106,1,81.84523,14.65051,231.84523010253906,14.65051
22.60759493670886,114.06949367088608,150.0,21.59607881568628,61.94148634401749,100412.83249335106,1,84.26403,8.845363,234.26403045654297,8.845363
22.60759493670886,114.06974683544303,150.0,21.59607881568628,61.94148634401749,100412.83249335106,1,81.03247,11.622452,231.032470703125,11.622452
22.60759493670886,114.07,150.0,21.59607881568628,61.94148634401749,100412.83249335106,1,85.23773,13.982098,235.23773193359375,13.982098
22.607848101265823,114.05,150.0,21.59607881568628,61.94148634401749,100412.83249335106,1,-0.35851958,1.2369179,149.6414804160595,1.2369179
22.607848101265823,114.05025316455696,150.0,21.59607881568628,61.94148634401749,100412.83249335106,1,-0.09081857,0.74350274,149.90918143093586,0.74350274
22.607848101265823,114.05050632911392,150.0,21.59607881568628,61.94148634401749,100412.83249335106,1,0.0426989,1.0550163,150.04269890114665,1.0550163
22.607848101265823,114.05075949367088,150.0,21.59607881568628,61.94148634401749,100412.83249335106,1,0.27589083,1.1093179,150.27589082717896,1.1093179
22.607848101265823,114.05101265822785,150.0,21.59607881568628,61.94148634401749,100412.83249335106,1,0.08267259,1.3266575,150.0826725885272,1.3266575
22.607848101265823,114.05126582278481,150.0,21.59607881568628,61.94148634401749,100412.83249335106,1,-0.6440057,2.162784,149.35599428415298,2.162784
22.607848101265823,114.05151898734177,150.0,21.59607881568628,61.94148634401749,100412.83249335106,1,-2.1515672,4.425463,147.84843277931213,4.425463
22.607848101265823,114.05177215189873,150.0,21.59607881568628,61.94148634401749,100412.83249335106,1,-0.41625455,1.7944392,149.58374544978142,1.7944392
22.607848101265823,114.0520253164557,150.0,21.59607881568628,61.94148634401749,100412.83249335106,1,-6.241427,5.6602907,143.75857305526733,5.6602907
22.607848101265823,114.05227848101265,150.0,21.59607881568628,61.94148634401749,100412.83249335106,1,-4.6205673,5.508321,145.37943267822266,5.508321
22.607848101265823,114.05253164556962,150.0,21.59607881568628,61.94148634401749,100412.83249335106,1,-7.493289,5.241709,142.50671100616455,5.241709
22.607848101265823,114.05278481012658,150.0,21.59607881568628,61.94148634401749,100412.83249335106,1,-6.195618,7.040485,143.8043818473816,7.040485
22.607848101265823,114.05303797468355,150.0,21.59607881568628,61.94148634401749,100412.83249335106,1,-10.298426,9.615913,139.70157432556152,9.615913
22.607848101265823,114.0532911392405,150.0,21.59607881568628,61.94148634401749,100412.83249335106,1,-16.725657,6.965216,133.2743434906006,6.965216
22.607848101265823,114.05354430379747,150.0,21.59607881568628,61.94148634401749,100412.83249335106,1,-12.86197,8.980219,137.13803005218506,8.980219
22.607848101265823,114.05379746835443,150.0,21.59607881568628,61.94148634401749,100412.83249335106,1,-18.169573,9.167314,131.8304271697998,9.167314
22.607848101265823,114.05405063291138,150.0,21.59607881568628,61.94148634401749,100412.83249335106,1,-20.506668,8.148342,129.4933319091797,8.148342
22.607848101265823,114.05430379746835,150.0,21.59607881568628,61.94148634401749,100412.83249335106,1,-17.113487,9.051264,132.88651275634766,9.051264
22.607848101265823,114.05455696202532,150.0,21.59607881568628,61.94148634401749,100412.83249335106,1,-20.354315,7.9968567,129.64568519592285,7.9968567
22.607848101265823,114.05481012658227,150.0,21.59607881568628,61.94148634401749,100412.83249335106,1,-18.729176,7.58843,131.27082443237305,7.58843
22.607848101265823,114.05506329113923,150.0,21.59607881568628,61.94148634401749,100412.83249335106,1,-26.421257,8.597411,123.57874298095703,8.597411
22.607848101265823,114.0553164556962,150.0,21.59607881568628,61.94148634401749,100412.83249335106,1,-12.689061,8.417556,137.31093883514404,8.417556
22.607848101265823,114.05556962025317,150.0,21.59607881568628,61.94148634401749,100412.83249335106,1,-22.256018,8.329996,127.74398231506348,8.329996
22.607848101265823,114.05582278481012,150.0,21.59607881568628,61.94148634401749,100412.83249335106,1,-16.251272,8.618147,133.7487277984619,8.618147
22.607848101265823,114.05607594936708,150.0,21.59607881568628,61.94148634401749,100412.83249335106,1,-19.791067,10.273408,130.2089328765869,10.273408
22.607848101265823,114.05632911392405,150.0,21.59607881568628,61.94148634401749,100412.83249335106,1,-13.860049,9.215311,136.1399507522583,9.215311
22.607848101265823,114.056582278481,150.0,21.59607881568628,61.94148634401749,100412.83249335106,1,-11.500858,6.2225623,138.49914169311523,6.2225623
22.607848101265823,114.05683544303797,150.0,21.59607881568628,61.94148634401749,100412.83249335106,1,-15.854744,7.8174367,134.14525604248047,7.8174367
22.607848101265823,114.05708860759493,150.0,21.59607881568628,61.94148634401749,100412.83249335106,1,-8.122961,6.837072,141.87703895568848,6.837072
22.607848101265823,114.0573417721519,150.0,21.59607881568628,61.94148634401749,100412.83249335106,1,-5.4945407,6.3410816,144.50545930862427,6.3410816
22.607848101265823,114.05759493670885,150.0,21.59607881568628,61.94148634401749,100412.83249335106,1,-3.609151,4.764379,146.39084911346436,4.764379
22.607848101265823,114.05784810126582,150.0,21.59607881568628,61.94148634401749,100412.83249335106,1,-2.265092,3.5505924,147.73490810394287,3.5505924
22.607848101265823,114.05810126582278,150.0,21.59607881568628,61.94148634401749,100412.83249335106,1,-3.0632493,4.3236303,146.93675065040588,4.3236303
22.607848101265823,114.05835443037974,150.0,21.59607881568628,61.94148634401749,100412.83249335106,1,0.30761084,2.0753934,150.30761083960533,2.0753934
22.607848101265823,114.0586075949367,150.0,21.59607881568628,61.94148634401749,100412.83249335106,1,-0.59318256,3.5585349,149.40681743621826,3.5585349
22.607848101265823,114.05886075949367,150.0,21.59607881568628,61.94148634401749,100412.83249335106,1,0.20790462,1.8255116,150.20790462195873,1.8255116
22.607848101265823,114.05911392405064,150.0,21.59607881568628,61.94148634401749,100412.83249335106,1,0.23120567,2.0581713,150.23120567202568,2.0581713
22.607848101265823,114.05936708860759,150.0,21.59607881568628,61.94148634401749,100412.83249335106,1,1.1169527,1.7354277,151.11695265769958,1.7354277
22.607848101265823,114.05962025316455,150.0,21.59607881568628,61.94148634401749,100412.83249335106,1,0.5314846,1.5416262,150.53148460388184,1.5416262
22.607848101265823,114.05987341772152,150.0,21.59607881568628,61.94148634401749,100412.83249335106,1,0.7353197,1.1365603,150.73531967401505,1.1365603
22.607848101265823,114.06012658227847,150.0,21.59607881568628,61.94148634401749,100412.83249335106,1,0.6061809,1.2616258,150.60618090629578,1.2616258
22.607848101265823,114.06037974683544,150.0,21.59607881568628,61.94148634401749,100412.83249335106,1,1.8841125,2.2049308,151.88411247730255,2.2049308
22.607848101265823,114.0606329113924,150.0,21.59607881568628,61.94148634401749,100412.83249335106,1,0.38790935,1.800374,150.3879093527794,1.800374
22.607848101265823,114.06088607594936,150.0,21.59607881568628,61.94148634401749,100412.83249335106,1,2.3487325,3.5580728,152.34873247146606,3.5580728
22.607848101265823,114.06113924050632,150.0,21.59607881568628,61.94148634401749,100412.83249335106,1,1.121699,2.0107749,151.12169897556305,2.0107749
22.607848101265823,114.06139240506329,150.0,21.59607881568628,61.94148634401749,100412.83249335106,1,1.2420471,2.0025816,151.2420470714569,2.0025816
22.607848101265823,114.06164556962025,150.0,21.59607881568628,61.94148634401749,100412.83249335106,1,2.8341818,3.870088,152.8341817855835,3.870088
22.607848101265823,114.0618987341772,150.0,21.59607881568628,61.94148634401749,100412.83249335106,1,2.5659223,3.6596622,152.56592226028442,3.6596622
22.607848101265823,114.06215189873417,150.0,21.59607881568628,61.94148634401749,100412.83249335106,1,8.127076,11.528833,158.12707614898682,11.528833
22.607848101265823,114.06240506329114,150.0,21.59607881568628,61.94148634401749,100412.83249335106,1,7.266075,7.325666,157.26607513427734,7.325666
22.607848101265823,114.06265822784809,150.0,21.59607881568628,61.94148634401749,100412.83249335106,1,9.942169,8.711449,159.94216918945312,8.711449
22.607848101265823,114.06291139240506,150.0,21.59607881568628,61.94148634401749,100412.83249335106,1,13.58428,14.74224,163.5842800140381,14.74224
22.607848101265823,114.06316455696202,150.0,21.59607881568628,61.94148634401749,100412.83249335106,1,18.940113,17.232615,168.94011306762695,17.232615
22.607848101265823,114.06341772151899,150.0,21.59607881568628,61.94148634401749,100412.83249335106,1,32.00858,16.389084,182.0085792541504,16.389084
22.607848101265823,114.06367088607594,150.0,21.59607881568628,61.94148634401749,100412.83249335106,1,13.567198,16.400774,163.56719779968262,16.400774
22.607848101265823,114.0639240506329,150.0,21.59607881568628,61.94148634401749,100412.83249335106,1,28.836628,19.520435,178.83662796020508,19.520435
22.607848101265823,114.06417721518987,150.0,21.59607881568628,61.94148634401749,100412.83249335106,1,17.245617,17.169111,167.2456169128418,17.169111
22.607848101265823,114.06443037974682,150.0,21.59607881568628,61.94148634401749,100412.83249335106,1,46.140266,19.49636,196.14026641845703,19.49636
22.607848101265823,114.06468354430379,150.0,21.59607881568628,61.94148634401749,100412.83249335106,1,42.145412,21.317604,192.14541244506836,21.317604
22.607848101265823,114.06493670886076,150.0,21.59607881568628,61.94148634401749,100412.83249335106,1,38.853523,22.005522,188.85352325439453,22.005522
22.607848101265823,114.06518987341772,150.0,21.59607881568628,61.94148634401749,100412.83249335106,1,48.14983,19.439878,198.14982986450195,19.439878
22.607848101265823,114.06544303797467,150.0,21.59607881568628,61.94148634401749,100412.83249335106,1,43.906322,22.173105,193.90632247924805,22.173105
22.607848101265823,114.06569620253164,150.0,21.59607881568628,61.94148634401749,100412.83249335106,1,56.501762,19.979757,206.50176239013672,19.979757
22.607848101265823,114.0659493670886,150.0,21.59607881568628,61.94148634401749,100412.83249335106,1,54.90331,22.251143,204.9033088684082,22.251143
22.607848101265823,114.06620253164556,150.0,21.59607881568628,61.94148634401749,100412.83249335106,1,61.858047,17.974415,211.85804748535156,17.974415
22.607848101265823,114.06645569620252,150.0,21.59607881568628,61.94148634401749,100412.83249335106,1,60.728287,15.576045,210.72828674316406,15.576045
22.607848101265823,114.06670886075949,150.0,21.59607881568628,61.94148634401749,100412.83249335106,1,63.07787,21.528309,213.0778694152832,21.528309
22.607848101265823,114.06696202531644,150.0,21.59607881568628,61.94148634401749,100412.83249335106,1,68.853745,16.656614,218.85374450683594,16.656614
22.607848101265823,114.06721518987341,150.0,21.59607881568628,61.94148634401749,100412.83249335106,1,65.094505,20.69725,215.0945053100586,20.69725
22.607848101265823,114.06746835443037,150.0,21.59607881568628,61.94148634401749,100412.83249335106,1,70.97725,14.527769,220.9772491455078,14.527769
22.607848101265823,114.06772151898734,150.0,21.59607881568628,61.94148634401749,100412.83249335106,1,67.28816,20.424667,217.2881622314453,20.424667
22.607848101265823,114.06797468354429,150.0,21.59607881568628,61.94148634401749,100412.83249335106,1,75.47185,15.326625,225.4718475341797,15.326625
22.607848101265823,114.06822784810126,150.0,21.59607881568628,61.94148634401749,100412.83249335106,1,76.03003,15.425366,226.030029296875,15.425366
22.607848101265823,114.06848101265822,150.0,21.59607881568628,61.94148634401749,100412.83249335106,1,68.950714,22.072504,218.95071411132812,22.072504
22.607848101265823,114.06873417721518,150.0,21.59607881568628,61.94148634401749,100412.83249335106,1,80.449646,7.852023,230.44964599609375,7.852023
22.607848101265823,114.06898734177214,150.0,21.59607881568628,61.94148634401749,100412.83249335106,1,80.818016,9.212996,230.8180160522461,9.212996
22.607848101265823,114.06924050632911,150.0,21.59607881568628,61.94148634401749,100412.83249335106,1,83.164055,8.873165,233.16405487060547,8.873165
22.607848101265823,114.06949367088608,150.0,21.59607881568628,61.94148634401749,100412.83249335106,1,83.183846,7.797643,233.18384552001953,7.797643
22.607848101265823,114.06974683544303,150.0,21.59607881568628,61.94148634401749,100412.83249335106,1,83.958885,8.32821,233.9588851928711,8.32821
22.607848101265823,114.07,150.0,21.59607881568628,61.94148634401749,100412.83249335106,1,84.86972,9.75704,234.86972045898438,9.75704
22.608101265822786,114.05,150.0,21.59607881568628,61.94148634401749,100412.83249335106,1,0.28835657,1.0879006,150.2883565723896,1.0879006
22.608101265822786,114.05025316455696,150.0,21.59607881568628,61.94148634401749,100412.83249335106,1,0.20590821,1.4041563,150.20590820908546,1.4041563
22.608101265822786,114.05050632911392,150.0,21.59607881568628,61.94148634401749,100412.83249335106,1,-0.546976,2.34805,149.45302402973175,2.34805
22.608101265822786,114.05075949367088,150.0,21.59607881568628,61.94148634401749,100412.83249335106,1,-0.05189527,1.1387435,149.94810473173857,1.1387435
22.608101265822786,114.05101265822785,150.0,21.59607881568628,61.94148634401749,100412.83249335106,1,0.43906128,1.2328049,150.43906128406525,1.2328049
22.608101265822786,114.05126582278481,150.0,21.59607881568628,61.94148634401749,100412.83249335106,1,0.033018433,1.7200533,150.03301843255758,1.7200533
22.608101265822786,114.05151898734177,150.0,21.59607881568628,61.94148634401749,100412.83249335106,1,-0.28761762,2.5772138,149.712382376194,2.5772138
22.608101265822786,114.05177215189873,150.0,21.59607881568628,61.94148634401749,100412.83249335106,1,-2.1161559,4.6826587,147.88384413719177,4.6826587
22.608101265822786,114.0520253164557,150.0,21.59607881568628,61.94148634401749,100412.83249335106,1,-1.0791539,3.2179945,148.9208461046219,3.2179945
22.608101265822786,114.05227848101265,150.0,21.59607881568628,61.94148634401749,100412.83249335106,1,-4.2441745,6.3839235,145.75582551956177,6.3839235
22.608101265822786,114.05253164556962,150.0,21.59607881568628,61.94148634401749,100412.83249335106,1,-4.6711493,5.619315,145.32885074615479,5.619315
22.608101265822786,114.05278481012658,150.0,21.59607881568628,61.94148634401749,100412.83249335106,1,-1.2446609,4.5586653,148.7553391456604,4.5586653
22.608101265822786,114.05303797468355,150.0,21.59607881568628,61.94148634401749,100412.83249335106,1,-10.509516,6.154306,139.4904842376709,6.154306
22.608101265822786,114.0532911392405,150.0,21.59607881568628,61.94148634401749,100412.83249335106,1,-6.387163,5.8907537,143.61283683776855,5.8907537
22.608101265822786,114.05354430379747,150.0,21.59607881568628,61.94148634401749,100412.83249335106,1,-10.401473,7.920216,139.59852695465088,7.920216
22.608101265822786,114.05379746835443,150.0,21.59607881568628,61.94148634401749,100412.83249335106,1,-7.498462,8.278218,142.5015377998352,8.278218
22.608101265822786,114.05405063291138,150.0,21.59607881568628,61.94148634401749,100412.83249335106,1,-10.742109,9.861603,139.25789070129395,9.861603
22.608101265822786,114.05430379746835,150.0,21.59607881568628,61.94148634401749,100412.83249335106,1,-14.373206,6.9049406,135.62679386138916,6.9049406
22.608101265822786,114.05455696202532,150.0,21.59607881568628,61.94148634401749,100412.83249335106,1,-14.769581,9.281874,135.23041915893555,9.281874
22.608101265822786,114.05481012658227,150.0,21.59607881568628,61.94148634401749,100412.83249335106,1,-12.401249,6.97205,137.59875106811523,6.97205
22.608101265822786,114.05506329113923,150.0,21.59607881568628,61.94148634401749,100412.83249335106,1,-9.435841,8.759749,140.56415939331055,8.759749
22.608101265822786,114.0553164556962,150.0,21.59607881568628,61.94148634401749,100412.83249335106,1,-17.161839,8.634635,132.83816146850586,8.634635
22.608101265822786,114.05556962025317,150.0,21.59607881568628,61.94148634401749,100412.83249335106,1,-14.725795,7.8240995,135.2742052078247,7.8240995
22.608101265822786,114.05582278481012,150.0,21.59607881568628,61.94148634401749,100412.83249335106,1,-8.362273,8.140852,141.63772678375244,8.140852
22.608101265822786,114.05607594936708,150.0,21.59607881568628,61.94148634401749,100412.83249335106,1,-10.024896,7.915301,139.97510433197021,7.915301
22.608101265822786,114.05632911392405,150.0,21.59607881568628,61.94148634401749,100412.83249335106,1,-3.2967494,4.1205935,146.7032506465912,4.1205935
22.608101265822786,114.056582278481,150.0,21.59607881568628,61.94148634401749,100412.83249335106,1,-7.446056,5.6735997,142.55394411087036,5.6735997
22.608101265822786,114.05683544303797,150.0,21.59607881568628,61.94148634401749,100412.83249335106,1,-1.6836973,4.7357154,148.31630265712738,4.7357154
22.608101265822786,114.05708860759493,150.0,21.59607881568628,61.94148634401749,100412.83249335106,1,-3.9356642,4.180974,146.06433582305908,4.180974
22.608101265822786,114.0573417721519,150.0,21.59607881568628,61.94148634401749,100412.83249335106,1,-1.3771228,3.4805562,148.62287724018097,3.4805562
22.608101265822786,114.05759493670885,150.0,21.59607881568628,61.94148634401749,100412.83249335106,1,-0.3854687,1.5659418,149.61453130841255,1.5659418
22.608101265822786,114.05784810126582,150.0,21.59607881568628,61.94148634401749,100412.83249335106,1,-0.84283286,3.6472297,149.15716713666916,3.6472297
22.608101265822786,114.05810126582278,150.0,21.59607881568628,61.94148634401749,100412.83249335106,1,0.46058452,1.8053173,150.46058452129364,1.8053173
22.608101265822786,114.05835443037974,150.0,21.59607881568628,61.94148634401749,100412.83249335106,1,0.23054336,1.4386649,150.2305433601141,1.4386649
22.608101265822786,114.0586075949367,150.0,21.59607881568628,61.94148634401749,100412.83249335106,1,0.26320097,1.2496608,150.26320096850395,1.2496608
22.608101265822786,114.05886075949367,150.0,21.59607881568628,61.94148634401749,100412.83249335106,1,0.9630619,1.3054718,150.96306192874908,1.3054718
22.608101265822786,114.05911392405064,150.0,21.59607881568628,61.94148634401749,100412.83249335106,1,0.57634175,1.0857619,150.5763417482376,1.0857619
22.608101265822786,114.05936708860759,150.0,21.59607881568628,61.94148634401749,100412.83249335106,1,0.53831184,1.2951317,150.5383118391037,1.2951317
22.608101265822786,114.05962025316455,150.0,21.59607881568628,61.94148634401749,100412.83249335106,1,0.76898515,1.0244122,150.76898515224457,1.0244122
22.608101265822786,114.05987341772152,150.0,21.59607881568628,61.94148634401749,100412.83249335106,1,0.45284313,1.3351772,150.45284312963486,1.3351772
22.608101265822786,114.06012658227847,150.0,21.59607881568628,61.94148634401749,100412.83249335106,1,0.9740428,1.3604857,150.97404277324677,1.3604857
22.608101265822786,114.06037974683544,150.0,21.59607881568628,61.94148634401749,100412.83249335106,1,0.7811681,1.5260633,150.78116810321808,1.5260633
22.608101265822786,114.0606329113924,150.0,21.59607881568628,61.94148634401749,100412.83249335106,1,1.9449202,2.859519,151.9449201822281,2.859519
22.608101265822786,114.06088607594936,150.0,21.59607881568628,61.94148634401749,100412.83249335106,1,1.4682162,2.236028,151.4682161808014,2.236028
22.608101265822786,114.06113924050632,150.0,21.59607881568628,61.94148634401749,100412.83249335106,1,1.29665,2.604762,151.29665005207062,2.604762
22.608101265822786,114.06139240506329,150.0,21.59607881568628,61.94148634401749,100412.83249335106,1,3.466642,4.918297,153.46664190292358,4.918297
22.608101265822786,114.06164556962025,150.0,21.59607881568628,61.94148634401749,100412.83249335106,1,2.4106627,5.165835,152.410662651062,5.165835
22.608101265822786,114.0618987341772,150.0,21.59607881568628,61.94148634401749,100412.83249335106,1,8.02542,8.891103,158.0254201889038,8.891103
22.608101265822786,114.06215189873417,150.0,21.59607881568628,61.94148634401749,100412.83249335106,1,3.2018492,5.6703296,153.20184922218323,5.6703296
22.608101265822786,114.06240506329114,150.0,21.59607881568628,61.94148634401749,100412.83249335106,1,6.168535,7.393168,156.16853523254395,7.393168
22.608101265822786,114.06265822784809,150.0,21.59607881568628,61.94148634401749,100412.83249335106,1,6.04836,11.642018,156.04835987091064,11.642018
22.608101265822786,114.06291139240506,150.0,21.59607881568628,61.94148634401749,100412.83249335106,1,5.9047675,11.985762,155.90476751327515,11.985762
22.608101265822786,114.06316455696202,150.0,21.59607881568628,61.94148634401749,100412.83249335106,1,11.868653,14.924344,161.86865329742432,14.924344
22.608101265822786,114.06341772151899,150.0,21.59607881568628,61.94148634401749,100412.83249335106,1,12.126158,12.78836,162.12615776062012,12.78836
22.608101265822786,114.06367088607594,150.0,21.59607881568628,61.94148634401749,100412.83249335106,1,18.578964,17.514622,168.57896423339844,17.514622
22.608101265822786,114.0639240506329,150.0,21.59607881568628,61.94148634401749,100412.83249335106,1,23.822937,16.47477,173.82293701171875,16.47477
22.608101265822786,114.06417721518987,150.0,21.59607881568628,61.94148634401749,100412.83249335106,1,22.830198,21.503025,172.83019828796387,21.503025
22.608101265822786,114.06443037974682,150.0,21.59607881568628,61.94148634401749,100412.83249335106,1,36.064796,19.759867,186.0647964477539,19.759867
22.608101265822786,114.06468354430379,150.0,21.59607881568628,61.94148634401749,100412.83249335106,1,21.940182,22.09137,171.94018173217773,22.09137
22.608101265822786,114.06493670886076,150.0,21.59607881568628,61.94148634401749,100412.83249335106,1,40.343468,22.493696,190.34346771240234,22.493696
22.608101265822786,114.06518987341772,150.0,21.59607881568628,61.94148634401749,100412.83249335106,1,27.691278,19.19426,177.6912784576416,19.19426
22.608101265822786,114.06544303797467,150.0,21.59607881568628,61.94148634401749,100412.83249335106,1,50.27149,19.47869,200.27148818969727,19.47869
22.608101265822786,114.06569620253164,150.0,21.59607881568628,61.94148634401749,100412.83249335106,1,48.757492,21.740152,198.7574920654297,21.740152
22.608101265822786,114.0659493670886,150.0,21.59607881568628,61.94148634401749,100412.83249335106,1,47.353714,23.106403,197.3537139892578,23.106403
22.608101265822786,114.06620253164556,150.0,21.59607881568628,61.94148634401749,100412.83249335106,1,61.942963,21.003008,211.94296264648438,21.003008
22.608101265822786,114.06645569620252,150.0,21.59607881568628,61.94148634401749,100412.83249335106,1,58.000122,19.900919,208.0001220703125,19.900919
22.608101265822786,114.06670886075949,150.0,21.59607881568628,61.94148634401749,100412.83249335106,1,63.959335,19.446741,213.95933532714844,19.446741
22.608101265822786,114.06696202531644,150.0,21.59607881568628,61.94148634401749,100412.83249335106,1,66.4932,17.806486,216.49320220947266,17.806486
22.608101265822786,114.06721518987341,150.0,21.59607881568628,61.94148634401749,100412.83249335106,1,68.622055,15.75315,218.62205505371094,15.75315
22.608101265822786,114.06746835443037,150.0,21.59607881568628,61.94148634401749,100412.83249335106,1,70.65944,16.532433,220.65943908691406,16.532433
22.608101265822786,114.06772151898734,150.0,21.59607881568628,61.94148634401749,100412.83249335106,1,69.68433,15.320616,219.68433380126953,15.320616
22.608101265822786,114.06797468354429,150.0,21.59607881568628,61.94148634401749,100412.83249335106,1,75.952995,11.6187315,225.95299530029297,11.6187315
22.608101265822786,114.06822784810126,150.0,21.59607881568628,61.94148634401749,100412.83249335106,1,72.68381,20.075222,222.68380737304688,20.075222
22.608101265822786,114.06848101265822,150.0,21.59607881568628,61.94148634401749,100412.83249335106,1,76.841354,10.262052,226.8413543701172,10.262052
22.608101265822786,114.06873417721518,150.0,21.59607881568628,61.94148634401749,100412.83249335106,1,80.99331,8.781652,230.9933090209961,8.781652
22.608101265822786,114.06898734177214,150.0,21.59607881568628,61.94148634401749,100412.83249335106,1,79.52123,15.440385,229.52123260498047,15.440385
22.608101265822786,114.06924050632911,150.0,21.59607881568628,61.94148634401749,100412.83249335106,1,70.47127,24.2776,220.4712677001953,24.2776
22.608101265822786,114.06949367088608,150.0,21.59607881568628,61.94148634401749,100412.83249335106,1,78.22678,11.852785,228.2267837524414,11.852785
22.608101265822786,114.06974683544303,150.0,21.59607881568628,61.94148634401749,100412.83249335106,1,85.8955,7.8777905,235.89550018310547,7.8777905
22.608101265822786,114.07,150.0,21.59607881568628,61.94148634401749,100412.83249335106,1,81.871086,12.312165,231.87108612060547,12.312165
22.608354430379748,114.05,150.0,21.59607881568628,61.94148634401749,100412.83249335106,1,0.3356084,0.9232704,150.33560839295387,0.9232704
22.608354430379748,114.05025316455696,150.0,21.59607881568628,61.94148634401749,100412.83249335106,1,-0.087103225,0.8917564,149.91289677470922,0.8917564
22.608354430379748,114.05050632911392,150.0,21.59607881568628,61.94148634401749,100412.83249335106,1,-0.10462637,1.9768367,149.89537362754345,1.9768367
22.608354430379748,114.05075949367088,150.0,21.59607881568628,61.94148634401749,100412.83249335106,1,0.0124058435,1.1553332,150.01240584347397,1.1553332
22.608354430379748,114.05101265822785,150.0,21.59607881568628,61.94148634401749,100412.83249335106,1,-0.62007666,3.1365824,149.37992334365845,3.1365824
22.608354430379748,114.05126582278481,150.0,21.59607881568628,61.94148634401749,100412.83249335106,1,0.07174427,1.8232969,150.07174427062273,1.8232969
22.608354430379748,114.05151898734177,150.0,21.59607881568628,61.94148634401749,100412.83249335106,1,-0.45881665,2.0361657,149.5411833524704,2.0361657
22.608354430379748,114.05177215189873,150.0,21.59607881568628,61.94148634401749,100412.83249335106,1,-1.182072,4.5792923,148.81792795658112,4.5792923
22.608354430379748,114.0520253164557,150.0,21.59607881568628,61.94148634401749,100412.83249335106,1,-1.6204444,4.987895,148.37955558300018,4.987895
22.608354430379748,114.05227848101265,150.0,21.59607881568628,61.94148634401749,100412.83249335106,1,-1.3355438,3.6960702,148.6644562482834,3.6960702
22.608354430379748,114.05253164556962,150.0,21.59607881568628,61.94148634401749,100412.83249335106,1,-3.5361807,8.2365675,146.4638192653656,8.2365675
22.608354430379748,114.05278481012658,150.0,21.59607881568628,61.94148634401749,100412.83249335106,1,-3.4841738,5.084045,146.51582622528076,5.084045
22.608354430379748,114.05303797468355,150.0,21.59607881568628,61.94148634401749,100412.83249335106,1,-5.6858377,6.333624,144.3141622543335,6.333624
22.608354430379748,114.0532911392405,150.0,21.59607881568628,61.94148634401749,100412.83249335106,1,-6.314174,9.063391,143.68582582473755,9.063391
22.608354430379748,114.05354430379747,150.0,21.59607881568628,61.94148634401749,100412.83249335106,1,-7.035436,7.9857774,142.96456384658813,7.9857774
22.608354430379748,114.05379746835443,150.0,21.59607881568628,61.94148634401749,100412.83249335106,1,-5.9415264,7.299536,144.05847358703613,7.299536
22.608354430379748,114.05405063291138,150.0,21.59607881568628,61.94148634401749,100412.83249335106,1,-10.261944,9.45822,139.73805618286133,9.45822
22.608354430379748,114.05430379746835,150.0,21.59607881568628,61.94148634401749,100412.83249335106,1,-3.8422825,5.9022055,146.15771746635437,5.9022055
22.608354430379748,114.05455696202532,150.0,21.59607881568628,61.94148634401749,100412.83249335106,1,-7.8486204,7.059856,142.1513795852661,7.059856
22.608354430379748,114.05481012658227,150.0,21.59607881568628,61.94148634401749,100412.83249335106,1,-4.688642,5.548245,145.3113579750061,5.548245
22.608354430379748,114.05506329113923,150.0,21.59607881568628,61.94148634401749,100412.83249335106,1,-4.5697174,7.317999,145.43028259277344,7.317999
22.608354430379748,114.0553164556962,150.0,21.59607881568628,61.94148634401749,100412.83249335106,1,-3.734109,5.466296,146.26589107513428,5.466296
22.608354430379748,114.05556962025317,150.0,21.59607881568628,61.94148634401749,100412.83249335106,1,-2.374309,4.367816,147.62569093704224,4.367816
22.608354430379748,114.05582278481012,150.0,21.59607881568628,61.94148634401749,100412.83249335106,1,-4.035334,7.262136,145.96466588974,7.262136
22.608354430379748,114.05607594936708,150.0,21.59607881568628,61.94148634401749,100412.83249335106,1,-0.8789926,2.8495545,149.12100738286972,2.8495545
22.608354430379748,114.05632911392405,150.0,21.59607881568628,61.94148634401749,100412.83249335106,1,-2.5829258,6.6448374,147.4170742034912,6.6448374
22.608354430379748,114.056582278481,150.0,21.59607881568628,61.94148634401749,100412.83249335106,1,-0.6693317,2.6775334,149.33066827058792,2.6775334
22.608354430379748,114.05683544303797,150.0,21.59607881568628,61.94148634401749,100412.83249335106,1,-0.22862326,2.7060678,149.7713767439127,2.7060678
22.608354430379748,114.05708860759493,150.0,21.59607881568628,61.94148634401749,100412.83249335106,1,0.48388916,1.4790972,150.48388916254044,1.4790972
22.608354430379748,114.0573417721519,150.0,21.59607881568628,61.94148634401749,100412.83249335106,1,-0.05002459,2.5109982,149.94997540861368,2.5109982
22.608354430379748,114.05759493670885,150.0,21.59607881568628,61.94148634401749,100412.83249335106,1,0.3810484,1.2601962,150.3810484111309,1.2601962
22.608354430379748,114.05784810126582,150.0,21.59607881568628,61.94148634401749,100412.83249335106,1,0.43373907,1.282989,150.43373906612396,1.282989
22.608354430379748,114.05810126582278,150.0,21.59607881568628,61.94148634401749,100412.83249335106,1,0.31009048,1.3934416,150.31009048223495,1.3934416
22.608354430379748,114.05835443037974,150.0,21.59607881568628,61.94148634401749,100412.83249335106,1,0.47599095,1.6046138,150.47599095106125,1.6046138
22.608354430379748,114.0586075949367,150.0,21.59607881568628,61.94148634401749,100412.83249335106,1,0.38191518,1.0173318,150.38191518187523,1.0173318
22.608354430379748,114.05886075949367,150.0,21.59607881568628,61.94148634401749,100412.83249335106,1,0.2896259,1.5484766,150.28962591290474,1.5484766
22.608354430379748,114.05911392405064,150.0,21.59607881568628,61.94148634401749,100412.83249335106,1,0.35311854,1.0407475,150.3531185388565,1.0407475
22.608354430379748,114.05936708860759,150.0,21.59607881568628,61.94148634401749,100412.83249335106,1,1.064219,1.4430104,151.06421899795532,1.4430104
22.608354430379748,114.05962025316455,150.0,21.59607881568628,61.94148634401749,100412.83249335106,1,0.30032974,0.7350841,150.30032974481583,0.7350841
22.608354430379748,114.05987341772152,150.0,21.59607881568628,61.94148634401749,100412.83249335106,1,0.64896405,1.6029376,150.64896404743195,1.6029376
22.608354430379748,114.06012658227847,150.0,21.59607881568628,61.94148634401749,100412.83249335106,1,0.8466301,1.3609489,150.84663009643555,1.3609489
22.608354430379748,114.06037974683544,150.0,21.59607881568628,61.94148634401749,100412.83249335106,1,0.8052927,1.6359562,150.80529272556305,1.6359562
22.608354430379748,114.0606329113924,150.0,21.59607881568628,61.94148634401749,100412.83249335106,1,0.7477828,2.0667102,150.74778282642365,2.0667102
22.608354430379748,114.06088607594936,150.0,21.59607881568628,61.94148634401749,100412.83249335106,1,1.43168,2.0921881,151.43167996406555,2.0921881
22.608354430379748,114.06113924050632,150.0,21.59607881568628,61.94148634401749,100412.83249335106,1,2.0350778,4.4083333,152.03507781028748,4.4083333
22.608354430379748,114.06139240506329,150.0,21.59607881568628,61.94148634401749,100412.83249335106,1,0.7424638,1.5941705,150.74246382713318,1.5941705
22.608354430379748,114.06164556962025,150.0,21.59607881568628,61.94148634401749,100412.83249335106,1,3.8715413,6.5104747,153.87154126167297,6.5104747
22.608354430379748,114.0618987341772,150.0,21.59607881568628,61.94148634401749,100412.83249335106,1,2.9271553,6.995998,152.92715525627136,6.995998
22.608354430379748,114.06215189873417,150.0,21.59607881568628,61.94148634401749,100412.83249335106,1,2.46542,4.9635286,152.4654200077057,4.9635286
22.608354430379748,114.06240506329114,150.0,21.59607881568628,61.94148634401749,100412.83249335106,1,2.465407,5.011513,152.46540689468384,5.011513
22.608354430379748,114.06265822784809,150.0,21.59607881568628,61.94148634401749,100412.83249335106,1,4.0207605,9.152179,154.02076053619385,9.152179
22.608354430379748,114.06291139240506,150.0,21.59607881568628,61.94148634401749,100412.83249335106,1,13.286598,16.265236,163.2865982055664,16.265236
22.608354430379748,114.06316455696202,150.0,21.59607881568628,61.94148634401749,100412.83249335106,1,6.674248,9.221431,156.67424821853638,9.221431
22.608354430379748,114.06341772151899,150.0,21.59607881568628,61.94148634401749,100412.83249335106,1,9.732357,13.318732,159.73235702514648,13.318732
22.608354430379748,114.06367088607594,150.0,21.59607881568628,61.94148634401749,100412.83249335106,1,12.53261,12.619618,162.5326099395752,12.619618
22.608354430379748,114.0639240506329,150.0,21.59607881568628,61.94148634401749,100412.83249335106,1,18.81153,15.551778,168.8115291595459,15.551778
22.608354430379748,114.06417721518987,150.0,21.59607881568628,61.94148634401749,100412.83249335106,1,24.350742,21.747652,174.3507423400879,21.747652
22.608354430379748,114.06443037974682,150.0,21.59607881568628,61.94148634401749,100412.83249335106,1,19.471308,20.191927,169.4713077545166,20.191927
22.608354430379748,114.06468354430379,150.0,21.59607881568628,61.94148634401749,100412.83249335106,1,27.077223,20.120064,177.07722282409668,20.120064
22.608354430379748,114.06493670886076,150.0,21.59607881568628,61.94148634401749,100412.83249335106,1,32.309032,23.21347,182.30903244018555,23.21347
22.608354430379748,114.06518987341772,150.0,21.59607881568628,61.94148634401749,100412.83249335106,1,39.088356,22.002537,189.0883560180664,22.002537
22.608354430379748,114.06544303797467,150.0,21.59607881568628,61.94148634401749,100412.83249335106,1,45.101166,22.528439,195.10116577148438,22.528439
22.608354430379748,114.06569620253164,150.0,21.59607881568628,61.94148634401749,100412.83249335106,1,32.42511,22.965223,182.42510986328125,22.965223
22.608354430379748,114.0659493670886,150.0,21.59607881568628,61.94148634401749,100412.83249335106,1,57.907764,19.94054,207.90776443481445,19.94054
22.608354430379748,114.06620253164556,150.0,21.59607881568628,61.94148634401749,100412.83249335106,1,45.578094,25.265308,195.57809448242188,25.265308
22.608354430379748,114.06645569620252,150.0,21.59607881568628,61.94148634401749,100412.83249335106,1,68.10583,14.768236,218.10582733154297,14.768236
22.608354430379748,114.06670886075949,150.0,21.59607881568628,61.94148634401749,100412.83249335106,1,66.86368,17.631802,216.86367797851562,17.631802
22.608354430379748,114.06696202531644,150.0,21.59607881568628,61.94148634401749,100412.83249335106,1,61.12283,22.679346,211.12282943725586,22.679346
22.608354430379748,114.06721518987341,150.0,21.59607881568628,61.94148634401749,100412.83249335106,1,60.61036,22.050497,210.61035919189453,22.050497
22.608354430379748,114.06746835443037,150.0,21.59607881568628,61.94148634401749,100412.83249335106,1,61.969482,24.814342,211.969482421875,24.814342
22.608354430379748,114.06772151898734,150.0,21.59607881568628,61.94148634401749,100412.83249335106,1,72.6319,15.632578,222.63189697265625,15.632578
22.608354430379748,114.06797468354429,150.0,21.59607881568628,61.94148634401749,100412.83249335106,1,65.759056,20.46942,215.7590560913086,20.46942
22.608354430379748,114.06822784810126,150.0,21.59607881568628,61.94148634401749,100412.83249335106,1,71.34298,19.924988,221.34297943115234,19.924988
22.608354430379748,114.06848101265822,150.0,21.59607881568628,61.94148634401749,100412.83249335106,1,75.78043,8.850285,225.78043365478516,8.850285
22.608354430379748,114.06873417721518,150.0,21.59607881568628,61.94148634401749,100412.83249335106,1,69.556526,21.580345,219.55652618408203,21.580345
22.608354430379748,114.06898734177214,150.0,21.59607881568628,61.94148634401749,100412.83249335106,1,73.565254,19.243816,223.56525421142578,19.243816
22.608354430379748,114.06924050632911,150.0,21.59607881568628,61.94148634401749,100412.83249335106,1,69.306946,21.411312,219.30694580078125,21.411312
22.608354430379748,114.06949367088608,150.0,21.59607881568628,61.94148634401749,100412.83249335106,1,81.350075,7.0358567,231.3500747680664,7.0358567
22.608354430379748,114.06974683544303,150.0,21.59607881568628,61.94148634401749,100412.83249335106,1,83.023994,18.342278,233.02399444580078,18.342278
22.608354430379748,114.07,150.0,21.59607881568628,61.94148634401749,100412.83249335106,1,78.43383,22.224295,228.43383026123047,22.224295
22.60860759493671,114.05,150.0,21.59607881568628,61.94148634401749,100412.83249335106,1,-0.047049213,0.6827521,149.9529507867992,0.6827521
22.60860759493671,114.05025316455696,150.0,21.59607881568628,61.94148634401749,100412.83249335106,1,0.12474367,0.75885195,150.12474367022514,0.75885195
22.60860759493671,114.05050632911392,150.0,21.59607881568628,61.94148634401749,100412.83249335106,1,0.22527117,0.9427251,150.22527116537094,0.9427251
22.60860759493671,114.05075949367088,150.0,21.59607881568628,61.94148634401749,100412.83249335106,1,0.063347064,1.0295548,150.06334706395864,1.0295548
22.60860759493671,114.05101265822785,150.0,21.59607881568628,61.94148634401749,100412.83249335106,1,-0.2193693,2.3718765,149.78063069283962,2.3718765
22.60860759493671,114.05126582278481,150.0,21.59607881568628,61.94148634401749,100412.83249335106,1,-0.1713244,1.7149942,149.8286755979061,1.7149942
22.60860759493671,114.05151898734177,150.0,21.59607881568628,61.94148634401749,100412.83249335106,1,-1.6699542,6.486511,148.33004581928253,6.486511
22.60860759493671,114.05177215189873,150.0,21.59607881568628,61.94148634401749,100412.83249335106,1,-0.24139665,4.4143496,149.75860334932804,4.4143496
22.60860759493671,114.0520253164557,150.0,21.59607881568628,61.94148634401749,100412.83249335106,1,-3.4536228,6.659704,146.54637718200684,6.659704
22.60860759493671,114.05227848101265,150.0,21.59607881568628,61.94148634401749,100412.83249335106,1,-1.1350884,5.3349457,148.8649115562439,5.3349457
22.60860759493671,114.05253164556962,150.0,21.59607881568628,61.94148634401749,100412.83249335106,1,-2.533256,5.189079,147.46674394607544,5.189079
22.60860759493671,114.05278481012658,150.0,21.59607881568628,61.94148634401749,100412.83249335106,1,-0.06886239,3.2466042,149.93113760650158,3.2466042
22.60860759493671,114.05303797468355,150.0,21.59607881568628,61.94148634401749,100412.83249335106,1,-3.4594517,6.902659,146.54054832458496,6.902659
22.60860759493671,114.0532911392405,150.0,21.59607881568628,61.94148634401749,100412.83249335106,1,-4.3459563,6.6745696,145.654043674469,6.6745696
22.60860759493671,114.05354430379747,150.0,21.59607881568628,61.94148634401749,100412.83249335106,1,-0.772333,3.9852386,149.2276669740677,3.9852386
22.60860759493671,114.05379746835443,150.0,21.59607881568628,61.94148634401749,100412.83249335106,1,-1.6525502,3.4134228,148.3474497795105,3.4134228
22.60860759493671,114.05405063291138,150.0,21.59607881568628,61.94148634401749,100412.83249335106,1,-1.8520865,4.670487,148.14791345596313,4.670487
22.60860759493671,114.05430379746835,150.0,21.59607881568628,61.94148634401749,100412.83249335106,1,-1.3148527,4.1347218,148.68514728546143,4.1347218
22.60860759493671,114.05455696202532,150.0,21.59607881568628,61.94148634401749,100412.83249335106,1,-1.1118057,5.288612,148.88819432258606,5.288612
22.60860759493671,114.05481012658227,150.0,21.59607881568628,61.94148634401749,100412.83249335106,1,-0.9129034,4.4579887,149.0870965719223,4.4579887
22.60860759493671,114.05506329113923,150.0,21.59607881568628,61.94148634401749,100412.83249335106,1,-1.0470952,4.221088,148.9529048204422,4.221088
22.60860759493671,114.0553164556962,150.0,21.59607881568628,61.94148634401749,100412.83249335106,1,-0.12455293,2.4115076,149.87544707208872,2.4115076
22.60860759493671,114.05556962025317,150.0,21.59607881568628,61.94148634401749,100412.83249335106,1,-0.8752784,3.8225083,149.12472158670425,3.8225083
22.60860759493671,114.05582278481012,150.0,21.59607881568628,61.94148634401749,100412.83249335106,1,0.59077704,1.5072734,150.5907770395279,1.5072734
22.60860759493671,114.05607594936708,150.0,21.59607881568628,61.94148634401749,100412.83249335106,1,-0.002287247,2.0609667,149.99771275301464,2.0609667
22.60860759493671,114.05632911392405,150.0,21.59607881568628,61.94148634401749,100412.83249335106,1,0.39059362,1.5726084,150.39059361815453,1.5726084
22.60860759493671,114.056582278481,150.0,21.59607881568628,61.94148634401749,100412.83249335106,1,-0.4042969,2.4817932,149.59570309519768,2.4817932
22.60860759493671,114.05683544303797,150.0,21.59607881568628,61.94148634401749,100412.83249335106,1,0.9488684,1.0368961,150.948868393898,1.0368961
22.60860759493671,114.05708860759493,150.0,21.59607881568628,61.94148634401749,100412.83249335106,1,0.6682285,1.0512375,150.66822850704193,1.0512375
22.60860759493671,114.0573417721519,150.0,21.59607881568628,61.94148634401749,100412.83249335106,1,0.6611464,1.2716278,150.661146402359,1.2716278
22.60860759493671,114.05759493670885,150.0,21.59607881568628,61.94148634401749,100412.83249335106,1,0.87709665,0.9095398,150.87709665298462,0.9095398
22.60860759493671,114.05784810126582,150.0,21.59607881568628,61.94148634401749,100412.83249335106,1,0.7465358,1.4617885,150.74653577804565,1.4617885
22.60860759493671,114.05810126582278,150.0,21.59607881568628,61.94148634401749,100412.83249335106,1,0.9193187,1.1052239,150.91931867599487,1.1052239
22.60860759493671,114.05835443037974,150.0,21.59607881568628,61.94148634401749,100412.83249335106,1,0.45901442,1.1611514,150.45901441574097,1.1611514
22.60860759493671,114.0586075949367,150.0,21.59607881568628,61.94148634401749,100412.83249335106,1,0.8251072,1.3230608,150.82510721683502,1.3230608
22.60860759493671,114.05886075949367,150.0,21.59607881568628,61.94148634401749,100412.83249335106,1,0.55212456,0.991723,150.5521245598793,0.991723
22.60860759493671,114.05911392405064,150.0,21.59607881568628,61.94148634401749,100412.83249335106,1,0.4033645,1.2370546,150.4033645093441,1.2370546
22.60860759493671,114.05936708860759,150.0,21.59607881568628,61.94148634401749,100412.83249335106,1,0.8487499,1.7894286,150.84874987602234,1.7894286
22.60860759493671,114.05962025316455,150.0,21.59607881568628,61.94148634401749,100412.83249335106,1,0.47646052,2.0208728,150.4764605164528,2.0208728
22.60860759493671,114.05987341772152,150.0,21.59607881568628,61.94148634401749,100412.83249335106,1,0.43607095,1.3274808,150.4360709488392,1.3274808
22.60860759493671,114.06012658227847,150.0,21.59607881568628,61.94148634401749,100412.83249335106,1,0.058857534,0.9478364,150.05885753408074,0.9478364
22.60860759493671,114.06037974683544,150.0,21.59607881568628,61.94148634401749,100412.83249335106,1,0.43404037,1.6166136,150.4340403676033,1.6166136
22.60860759493671,114.0606329113924,150.0,21.59607881568628,61.94148634401749,100412.83249335106,1,0.9114047,1.9212587,150.91140472888947,1.9212587
22.60860759493671,114.06088607594936,150.0,21.59607881568628,61.94148634401749,100412.83249335106,1,0.03587748,0.9841775,150.03587748110294,0.9841775
22.60860759493671,114.06113924050632,150.0,21.59607881568628,61.94148634401749,100412.83249335106,1,0.23324975,1.1102501,150.2332497537136,1.1102501
22.60860759493671,114.06139240506329,150.0,21.59607881568628,61.94148634401749,100412.83249335106,1,1.5275285,4.7854857,151.5275285243988,4.7854857
22.60860759493671,114.06164556962025,150.0,21.59607881568628,61.94148634401749,100412.83249335106,1,1.6918179,3.2323923,151.69181787967682,3.2323923
22.60860759493671,114.0618987341772,150.0,21.59607881568628,61.94148634401749,100412.83249335106,1,0.37937018,1.6024722,150.3793701827526,1.6024722
22.60860759493671,114.06215189873417,150.0,21.59607881568628,61.94148634401749,100412.83249335106,1,3.044421,7.1682224,153.0444209575653,7.1682224
22.60860759493671,114.06240506329114,150.0,21.59607881568628,61.94148634401749,100412.83249335106,1,3.4597666,5.848547,153.45976662635803,5.848547
22.60860759493671,114.06265822784809,150.0,21.59607881568628,61.94148634401749,100412.83249335106,1,9.122656,13.377369,159.12265586853027,13.377369
22.60860759493671,114.06291139240506,150.0,21.59607881568628,61.94148634401749,100412.83249335106,1,9.508049,12.935427,159.50804901123047,12.935427
22.60860759493671,114.06316455696202,150.0,21.59607881568628,61.94148634401749,100412.83249335106,1,5.6947727,9.897162,155.6947727203369,9.897162
22.60860759493671,114.06341772151899,150.0,21.59607881568628,61.94148634401749,100412.83249335106,1,12.547368,15.482054,162.54736804962158,15.482054
22.60860759493671,114.06367088607594,150.0,21.59607881568628,61.94148634401749,100412.83249335106,1,6.823992,10.77293,156.8239917755127,10.77293
22.60860759493671,114.0639240506329,150.0,21.59607881568628,61.94148634401749,100412.83249335106,1,20.563923,21.66591,170.56392288208008,21.66591
22.60860759493671,114.06417721518987,150.0,21.59607881568628,61.94148634401749,100412.83249335106,1,18.149078,19.232288,168.14907836914062,19.232288
22.60860759493671,114.06443037974682,150.0,21.59607881568628,61.94148634401749,100412.83249335106,1,26.171562,21.837173,176.17156219482422,21.837173
22.60860759493671,114.06468354430379,150.0,21.59607881568628,61.94148634401749,100412.83249335106,1,17.283422,15.620827,167.28342247009277,15.620827
22.60860759493671,114.06493670886076,150.0,21.59607881568628,61.94148634401749,100412.83249335106,1,38.128777,21.80164,188.12877655029297,21.80164
22.60860759493671,114.06518987341772,150.0,21.59607881568628,61.94148634401749,100412.83249335106,1,44.969982,23.190924,194.9699821472168,23.190924
22.60860759493671,114.06544303797467,150.0,21.59607881568628,61.94148634401749,100412.83249335106,1,36.46686,24.688162,186.46686172485352,24.688162
22.60860759493671,114.06569620253164,150.0,21.59607881568628,61.94148634401749,100412.83249335106,1,37.77466,24.265411,187.774658203125,24.265411
22.60860759493671,114.0659493670886,150.0,21.59607881568628,61.94148634401749,100412.83249335106,1,42.32221,24.67397,192.32220840454102,24.67397
22.60860759493671,114.06620253164556,150.0,21.59607881568628,61.94148634401749,100412.83249335106,1,51.00155,24.888454,201.00154876708984,24.888454
22.60860759493671,114.06645569620252,150.0,21.59607881568628,61.94148634401749,100412.83249335106,1,47.843647,24.660006,197.84364700317383,24.660006
22.60860759493671,114.06670886075949,150.0,21.59607881568628,61.94148634401749,100412.83249335106,1,46.718307,27.459232,196.7183074951172,27.459232
22.60860759493671,114.06696202531644,150.0,21.59607881568628,61.94148634401749,100412.83249335106,1,53.333355,26.770126,203.33335494995117,26.770126
22.60860759493671,114.06721518987341,150.0,21.59607881568628,61.94148634401749,100412.83249335106,1,53.615807,23.51649,203.61580657958984,23.51649
22.60860759493671,114.06746835443037,150.0,21.59607881568628,61.94148634401749,100412.83249335106,1,58.637474,28.472668,208.6374740600586,28.472668
22.60860759493671,114.06772151898734,150.0,21.59607881568628,61.94148634401749,100412.83249335106,1,58.443012,24.323025,208.44301223754883,24.323025
22.60860759493671,114.06797468354429,150.0,21.59607881568628,61.94148634401749,100412.83249335106,1,69.60827,19.771578,219.60826873779297,19.771578
22.60860759493671,114.06822784810126,150.0,21.59607881568628,61.94148634401749,100412.83249335106,1,66.60656,18.11473,216.60655975341797,18.11473
22.60860759493671,114.06848101265822,150.0,21.59607881568628,61.94148634401749,100412.83249335106,1,69.5696,22.703249,219.5696029663086,22.703249
22.60860759493671,114.06873417721518,150.0,21.59607881568628,61.94148634401749,100412.83249335106,1,75.063225,16.413414,225.06322479248047,16.413414
22.60860759493671,114.06898734177214,150.0,21.59607881568628,61.94148634401749,100412.83249335106,1,75.377304,22.717398,225.37730407714844,22.717398
22.60860759493671,114.06924050632911,150.0,21.59607881568628,61.94148634401749,100412.83249335106,1,75.91862,17.98183,225.91861724853516,17.98183
22.60860759493671,114.06949367088608,150.0,21.59607881568628,61.94148634401749,100412.83249335106,1,77.78056,19.549898,227.7805633544922,19.549898
22.60860759493671,114.06974683544303,150.0,21.59607881568628,61.94148634401749,100412.83249335106,1,86.97076,7.6935353,236.97075653076172,7.6935353
22.60860759493671,114.07,150.0,21.59607881568628,61.94148634401749,100412.83249335106,1,78.55918,16.74259,228.5591812133789,16.74259
22.608860759493673,114.05,150.0,21.59607881568628,61.94148634401749,100412.83249335106,1,0.16176201,0.9807827,150.1617620140314,0.9807827
22.608860759493673,114.05025316455696,150.0,21.59607881568628,61.94148634401749,100412.83249335106,1,0.018588157,1.0141163,150.0185881573707,1.0141163
22.608860759493673,114.05050632911392,150.0,21.59607881568628,61.94148634401749,100412.83249335106,1,0.10973556,1.225131,150.1097355633974,1.225131
22.608860759493673,114.05075949367088,150.0,21.59607881568628,61.94148634401749,100412.83249335106,1,0.44020578,1.5182016,150.4402057826519,1.5182016
22.608860759493673,114.05101265822785,150.0,21.59607881568628,61.94148634401749,100412.83249335106,1,0.030223457,1.9569687,150.0302234571427,1.9569687
22.608860759493673,114.05126582278481,150.0,21.59607881568628,61.94148634401749,100412.83249335106,1,0.40734333,1.2351686,150.40734332799911,1.2351686
22.608860759493673,114.05151898734177,150.0,21.59607881568628,61.94148634401749,100412.83249335106,1,-0.4129476,4.2670608,149.58705240488052,4.2670608
22.608860759493673,114.05177215189873,150.0,21.59607881568628,61.94148634401749,100412.83249335106,1,0.6027456,1.5709054,150.60274559259415,1.5709054
22.608860759493673,114.0520253164557,150.0,21.59607881568628,61.94148634401749,100412.83249335106,1,0.24391,1.5543269,150.2439099997282,1.5543269
22.608860759493673,114.05227848101265,150.0,21.59607881568628,61.94148634401749,100412.83249335106,1,0.5570082,2.157576,150.55700820684433,2.157576
22.608860759493673,114.05253164556962,150.0,21.59607881568628,61.94148634401749,100412.83249335106,1,-0.12441755,3.0726633,149.87558244913816,3.0726633
22.608860759493673,114.05278481012658,150.0,21.59607881568628,61.94148634401749,100412.83249335106,1,-1.1867698,4.668974,148.8132301568985,4.668974
22.608860759493673,114.05303797468355,150.0,21.59607881568628,61.94148634401749,100412.83249335106,1,-0.13513146,1.9976517,149.86486853659153,1.9976517
22.608860759493673,114.0532911392405,150.0,21.59607881568628,61.94148634401749,100412.83249335106,1,0.39269158,2.0804088,150.39269158244133,2.0804088
22.608860759493673,114.05354430379747,150.0,21.59607881568628,61.94148634401749,100412.83249335106,1,0.013815022,1.7032505,150.0138150220737,1.7032505
22.608860759493673,114.05379746835443,150.0,21.59607881568628,61.94148634401749,100412.83249335106,1,0.120777845,1.4552199,150.1207778453827,1.4552199
22.608860759493673,114.05405063291138,150.0,21.59607881568628,61.94148634401749,100412.83249335106,1,-0.62034285,3.6478245,149.37965714931488,3.6478245
22.608860759493673,114.05430379746835,150.0,21.59607881568628,61.94148634401749,100412.83249335106,1,0.5314239,1.3834796,150.53142392635345,1.3834796
22.608860759493673,114.05455696202532,150.0,21.59607881568628,61.94148634401749,100412.83249335106,1,-0.02610492,2.6594594,149.9738950803876,2.6594594
22.608860759493673,114.05481012658227,150.0,21.59607881568628,61.94148634401749,100412.83249335106,1,0.39596668,1.821891,150.3959666788578,1.821891
22.608860759493673,114.05506329113923,150.0,21.59607881568628,61.94148634401749,100412.83249335106,1,0.73913366,1.3950759,150.73913365602493,1.3950759
22.608860759493673,114.0553164556962,150.0,21.59607881568628,61.94148634401749,100412.83249335106,1,0.3288551,1.3384995,150.32885509729385,1.3384995
22.608860759493673,114.05556962025317,150.0,21.59607881568628,61.94148634401749,100412.83249335106,1,0.39451864,1.2194222,150.39451864361763,1.2194222
22.608860759493673,114.05582278481012,150.0,21.59607881568628,61.94148634401749,100412.83249335106,1,0.23546726,1.2439551,150.2354672551155,1.2439551
22.608860759493673,114.05607594936708,150.0,21.59607881568628,61.94148634401749,100412.83249335106,1,0.4855774,3.0224915,150.48557740449905,3.0224915
22.608860759493673,114.05632911392405,150.0,21.59607881568628,61.94148634401749,100412.83249335106,1,0.77609897,1.4500641,150.7760989665985,1.4500641
22.608860759493673,114.056582278481,150.0,21.59607881568628,61.94148634401749,100412.83249335106,1,0.67402685,1.1273443,150.67402684688568,1.1273443
22.608860759493673,114.05683544303797,150.0,21.59607881568628,61.94148634401749,100412.83249335106,1,0.34668133,1.0235485,150.34668132662773,1.0235485
22.608860759493673,114.05708860759493,150.0,21.59607881568628,61.94148634401749,100412.83249335106,1,0.34400147,1.2521553,150.3440014719963,1.2521553
22.608860759493673,114.0573417721519,150.0,21.59607881568628,61.94148634401749,100412.83249335106,1,0.5853045,1.0997669,150.58530449867249,1.0997669
22.608860759493673,114.05759493670885,150.0,21.59607881568628,61.94148634401749,100412.83249335106,1,0.5519328,0.8693277,150.55193281173706,0.8693277
22.608860759493673,114.05784810126582,150.0,21.59607881568628,61.94148634401749,100412.83249335106,1,0.69199806,1.1158316,150.69199806451797,1.1158316
22.608860759493673,114.05810126582278,150.0,21.59607881568628,61.94148634401749,100412.83249335106,1,0.35112274,0.8703571,150.35112273693085,0.8703571
22.608860759493673,114.05835443037974,150.0,21.59607881568628,61.94148634401749,100412.83249335106,1,0.6113671,1.2044163,150.61136710643768,1.2044163
22.608860759493673,114.0586075949367,150.0,21.59607881568628,61.94148634401749,100412.83249335106,1,0.2678124,0.9535576,150.2678124010563,0.9535576
22.608860759493673,114.05886075949367,150.0,21.59607881568628,61.94148634401749,100412.83249335106,1,0.008141743,1.1219344,150.00814174301922,1.1219344
22.608860759493673,114.05911392405064,150.0,21.59607881568628,61.94148634401749,100412.83249335106,1,0.17224741,1.0356766,150.17224740982056,1.0356766
22.608860759493673,114.05936708860759,150.0,21.59607881568628,61.94148634401749,100412.83249335106,1,0.19317894,1.1020433,150.1931789368391,1.1020433
22.608860759493673,114.05962025316455,150.0,21.59607881568628,61.94148634401749,100412.83249335106,1,0.49510965,2.09207,150.49510964751244,2.09207
22.608860759493673,114.05987341772152,150.0,21.59607881568628,61.94148634401749,100412.83249335106,1,0.3476994,1.0047023,150.34769940376282,1.0047023
22.608860759493673,114.06012658227847,150.0,21.59607881568628,61.94148634401749,100412.83249335106,1,0.032619815,0.7189549,150.03261981531978,0.7189549
22.608860759493673,114.06037974683544,150.0,21.59607881568628,61.94148634401749,100412.83249335106,1,0.43856815,1.5854735,150.4385681450367,1.5854735
22.608860759493673,114.0606329113924,150.0,21.59607881568628,61.94148634401749,100412.83249335106,1,0.58592725,1.4402086,150.5859272480011,1.4402086
22.608860759493673,114.06088607594936,150.0,21.59607881568628,61.94148634401749,100412.83249335106,1,-0.004388319,1.2421365,149.99561168113723,1.2421365
22.608860759493673,114.06113924050632,150.0,21.59607881568628,61.94148634401749,100412.83249335106,1,0.3446886,1.981254,150.34468859434128,1.981254
22.608860759493673,114.06139240506329,150.0,21.59607881568628,61.94148634401749,100412.83249335106,1,1.6548864,5.524262,151.65488636493683,5.524262
22.608860759493673,114.06164556962025,150.0,21.59607881568628,61.94148634401749,100412.83249335106,1,0.40602553,1.2463094,150.40602552890778,1.2463094
22.608860759493673,114.0618987341772,150.0,21.59607881568628,61.94148634401749,100412.83249335106,1,3.8956099,8.790183,153.89560985565186,8.790183
22.608860759493673,114.06215189873417,150.0,21.59607881568628,61.94148634401749,100412.83249335106,1,2.224118,7.1301174,152.22411799430847,7.1301174
22.608860759493673,114.06240506329114,150.0,21.59607881568628,61.94148634401749,100412.83249335106,1,3.848952,9.462316,153.84895205497742,9.462316
22.608860759493673,114.06265822784809,150.0,21.59607881568628,61.94148634401749,100412.83249335106,1,2.5152926,6.650226,152.51529264450073,6.650226
22.608860759493673,114.06291139240506,150.0,21.59607881568628,61.94148634401749,100412.83249335106,1,4.5327616,9.68025,154.5327615737915,9.68025
22.608860759493673,114.06316455696202,150.0,21.59607881568628,61.94148634401749,100412.83249335106,1,11.562297,14.799105,161.5622968673706,14.799105
22.608860759493673,114.06341772151899,150.0,21.59607881568628,61.94148634401749,100412.83249335106,1,7.3017936,13.872795,157.30179357528687,13.872795
22.608860759493673,114.06367088607594,150.0,21.59607881568628,61.94148634401749,100412.83249335106,1,14.492661,16.787155,164.49266147613525,16.787155
22.608860759493673,114.0639240506329,150.0,21.59607881568628,61.94148634401749,100412.83249335106,1,9.591309,15.871974,159.59130859375,15.871974
22.608860759493673,114.06417721518987,150.0,21.59607881568628,61.94148634401749,100412.83249335106,1,12.164389,16.038376,162.1643886566162,16.038376
22.608860759493673,114.06443037974682,150.0,21.59607881568628,61.94148634401749,100412.83249335106,1,16.679945,21.957071,166.67994499206543,21.957071
22.608860759493673,114.06468354430379,150.0,21.59607881568628,61.94148634401749,100412.83249335106,1,13.334967,15.328771,163.3349666595459,15.328771
22.608860759493673,114.06493670886076,150.0,21.59607881568628,61.94148634401749,100412.83249335106,1,27.631102,21.952572,177.63110160827637,21.952572
22.608860759493673,114.06518987341772,150.0,21.59607881568628,61.94148634401749,100412.83249335106,1,18.132557,21.05351,168.1325569152832,21.05351
22.608860759493673,114.06544303797467,150.0,21.59607881568628,61.94148634401749,100412.83249335106,1,38.722088,26.776543,188.72208786010742,26.776543
22.608860759493673,114.06569620253164,150.0,21.59607881568628,61.94148634401749,100412.83249335106,1,33.22112,24.008883,183.22111892700195,24.008883
22.608860759493673,114.0659493670886,150.0,21.59607881568628,61.94148634401749,100412.83249335106,1,30.38296,25.401426,180.38295936584473,25.401426
22.608860759493673,114.06620253164556,150.0,21.59607881568628,61.94148634401749,100412.83249335106,1,37.506298,26.267262,187.50629806518555,26.267262
22.608860759493673,114.06645569620252,150.0,21.59607881568628,61.94148634401749,100412.83249335106,1,42.946556,25.40912,192.9465560913086,25.40912
22.608860759493673,114.06670886075949,150.0,21.59607881568628,61.94148634401749,100412.83249335106,1,47.700027,28.46096,197.7000274658203,28.46096
22.608860759493673,114.06696202531644,150.0,21.59607881568628,61.94148634401749,100412.83249335106,1,46.479134,29.695774,196.47913360595703,29.695774
22.608860759493673,114.06721518987341,150.0,21.59607881568628,61.94148634401749,100412.83249335106,1,62.43462,26.409918,212.43461990356445,26.409918
22.608860759493673,114.06746835443037,150.0,21.59607881568628,61.94148634401749,100412.83249335106,1,56.891045,22.99587,206.89104461669922,22.99587
22.608860759493673,114.06772151898734,150.0,21.59607881568628,61.94148634401749,100412.83249335106,1,63.44519,18.284632,213.4451904296875,18.284632
22.608860759493673,114.06797468354429,150.0,21.59607881568628,61.94148634401749,100412.83249335106,1,68.238945,21.167267,218.23894500732422,21.167267
22.608860759493673,114.06822784810126,150.0,21.59607881568628,61.94148634401749,100412.83249335106,1,65.79579,20.975534,215.79579162597656,20.975534
22.608860759493673,114.06848101265822,150.0,21.59607881568628,61.94148634401749,100412.83249335106,1,69.42016,22.633728,219.42015838623047,22.633728
22.608860759493673,114.06873417721518,150.0,21.59607881568628,61.94148634401749,100412.83249335106,1,73.779205,19.102982,223.77920532226562,19.102982
22.608860759493673,114.06898734177214,150.0,21.59607881568628,61.94148634401749,100412.83249335106,1,77.482254,11.559724,227.4822540283203,11.559724
22.608860759493673,114.06924050632911,150.0,21.59607881568628,61.94148634401749,100412.83249335106,1,75.12099,22.115002,225.12098693847656,22.115002
22.608860759493673,114.06949367088608,150.0,21.59607881568628,61.94148634401749,100412.83249335106,1,77.74718,14.229154,227.74717712402344,14.229154
22.608860759493673,114.06974683544303,150.0,21.59607881568628,61.94148634401749,100412.83249335106,1,84.418274,8.843129,234.41827392578125,8.843129
22.608860759493673,114.07,150.0,21.59607881568628,61.94148634401749,100412.83249335106,1,82.251526,11.636789,232.25152587890625,11.636789
22.609113924050636,114.05,150.0,21.59607881568628,61.94148634401749,100412.83249335106,1,0.37225133,1.076163,150.37225133180618,1.076163
22.609113924050636,114.05025316455696,150.0,21.59607881568628,61.94148634401749,100412.83249335106,1,0.23791595,1.2076758,150.23791594803333,1.2076758
22.609113924050636,114.05050632911392,150.0,21.59607881568628,61.94148634401749,100412.83249335106,1,-0.043927487,1.7063596,149.95607251301408,1.7063596
22.609113924050636,114.05075949367088,150.0,21.59607881568628,61.94148634401749,100412.83249335106,1,0.12297346,1.0373666,150.1229734569788,1.0373666
22.609113924050636,114.05101265822785,150.0,21.59607881568628,61.94148634401749,100412.83249335106,1,0.34049222,1.1979407,150.34049221873283,1.1979407
22.609113924050636,114.05126582278481,150.0,21.59607881568628,61.94148634401749,100412.83249335106,1,-0.07117539,0.73150444,149.92882461100817,0.73150444
22.609113924050636,114.05151898734177,150.0,21.59607881568628,61.94148634401749,100412.83249335106,1,-0.37680465,3.1587217,149.62319535017014,3.1587217
22.609113924050636,114.05177215189873,150.0,21.59607881568628,61.94148634401749,100412.83249335106,1,0.32184708,1.0970551,150.3218470811844,1.0970551
22.609113924050636,114.0520253164557,150.0,21.59607881568628,61.94148634401749,100412.83249335106,1,0.54509413,1.1938621,150.5450941324234,1.1938621
22.609113924050636,114.05227848101265,150.0,21.59607881568628,61.94148634401749,100412.83249335106,1,0.18305321,2.0053902,150.1830532103777,2.0053902
22.609113924050636,114.05253164556962,150.0,21.59607881568628,61.94148634401749,100412.83249335106,1,-0.6656607,3.2579124,149.33433932065964,3.2579124
22.609113924050636,114.05278481012658,150.0,21.59607881568628,61.94148634401749,100412.83249335106,1,0.21785365,1.5557458,150.2178536504507,1.5557458
22.609113924050636,114.05303797468355,150.0,21.59607881568628,61.94148634401749,100412.83249335106,1,0.26152328,2.2512448,150.26152327656746,2.2512448
22.609113924050636,114.0532911392405,150.0,21.59607881568628,61.94148634401749,100412.83249335106,1,0.42898127,1.1887649,150.42898127436638,1.1887649
22.609113924050636,114.05354430379747,150.0,21.59607881568628,61.94148634401749,100412.83249335106,1,0.53683877,1.6602361,150.53683876991272,1.6602361
22.609113924050636,114.05379746835443,150.0,21.59607881568628,61.94148634401749,100412.83249335106,1,0.68034077,1.0104574,150.68034076690674,1.0104574
22.609113924050636,114.05405063291138,150.0,21.59607881568628,61.94148634401749,100412.83249335106,1,-1.7882924,5.7496715,148.2117075920105,5.7496715
22.609113924050636,114.05430379746835,150.0,21.59607881568628,61.94148634401749,100412.83249335106,1,0.14417246,1.4282802,150.14417245984077,1.4282802
22.609113924050636,114.05455696202532,150.0,21.59607881568628,61.94148634401749,100412.83249335106,1,0.62472564,1.2622268,150.6247256398201,1.2622268
22.609113924050636,114.05481012658227,150.0,21.59607881568628,61.94148634401749,100412.83249335106,1,-0.13227081,1.7668623,149.86772918701172,1.7668623
22.609113924050636,114.05506329113923,150.0,21.59607881568628,61.94148634401749,100412.83249335106,1,0.4107919,0.9877163,150.4107919037342,0.9877163
22.609113924050636,114.0553164556962,150.0,21.59607881568628,61.94148634401749,100412.83249335106,1,0.3013659,1.0709033,150.3013659119606,1.0709033
22.609113924050636,114.05556962025317,150.0,21.59607881568628,61.94148634401749,100412.83249335106,1,-0.0024941785,1.0371958,149.99750582152046,1.0371958
22.609113924050636,114.05582278481012,150.0,21.59607881568628,61.94148634401749,100412.83249335106,1,0.4523693,1.1100502,150.45236930251122,1.1100502
22.609113924050636,114.05607594936708,150.0,21.59607881568628,61.94148634401749,100412.83249335106,1,0.46887988,0.91285866,150.46887987852097,0.91285866
22.609113924050636,114.05632911392405,150.0,21.59607881568628,61.94148634401749,100412.83249335106,1,0.29698604,1.1083966,150.29698604345322,1.1083966
22.609113924050636,114.056582278481,150.0,21.59607881568628,61.94148634401749,100412.83249335106,1,0.4954145,1.0375485,150.49541449546814,1.0375485
22.609113924050636,114.05683544303797,150.0,21.59607881568628,61.94148634401749,100412.83249335106,1,0.69738126,1.1206797,150.69738125801086,1.1206797
22.609113924050636,114.05708860759493,150.0,21.59607881568628,61.94148634401749,100412.83249335106,1,0.18465418,0.7110185,150.1846541762352,0.7110185
22.609113924050636,114.0573417721519,150.0,21.59607881568628,61.94148634401749,100412.83249335106,1,0.14560296,1.0042487,150.14560295641422,1.0042487
22.609113924050636,114.05759493670885,150.0,21.59607881568628,61.94148634401749,100412.83249335106,1,0.57519704,1.0256864,150.5751970410347,1.0256864
22.609113924050636,114.05784810126582,150.0,21.59607881568628,61.94148634401749,100412.83249335106,1,-0.1500395,1.0479196,149.84996050596237,1.0479196
22.609113924050636,114.05810126582278,150.0,21.59607881568628,61.94148634401749,100412.83249335106,1,0.22394645,0.72077394,150.2239464521408,0.72077394
22.609113924050636,114.05835443037974,150.0,21.59607881568628,61.94148634401749,100412.83249335106,1,0.30186078,0.8513414,150.30186077952385,0.8513414
22.609113924050636,114.0586075949367,150.0,21.59607881568628,61.94148634401749,100412.83249335106,1,0.30052757,0.7473501,150.30052757263184,0.7473501
22.609113924050636,114.05886075949367,150.0,21.59607881568628,61.94148634401749,100412.83249335106,1,-0.047868595,0.8694181,149.95213140547276,0.8694181
22.609113924050636,114.05911392405064,150.0,21.59607881568628,61.94148634401749,100412.83249335106,1,0.009100517,0.94038475,150.00910051725805,0.94038475
22.609113924050636,114.05936708860759,150.0,21.59607881568628,61.94148634401749,100412.83249335106,1,0.39270362,1.3781106,150.39270362257957,1.3781106
22.609113924050636,114.05962025316455,150.0,21.59607881568628,61.94148634401749,100412.83249335106,1,0.025763959,0.94421095,150.02576395869255,0.94421095
22.609113924050636,114.05987341772152,150.0,21.59607881568628,61.94148634401749,100412.83249335106,1,0.029662872,0.9108353,150.0296628717333,0.9108353
22.609113924050636,114.06012658227847,150.0,21.59607881568628,61.94148634401749,100412.83249335106,1,0.105411895,0.91114926,150.10541189461946,0.91114926
22.609113924050636,114.06037974683544,150.0,21.59607881568628,61.94148634401749,100412.83249335106,1,0.7633554,2.2328677,150.76335537433624,2.2328677
22.609113924050636,114.0606329113924,150.0,21.59607881568628,61.94148634401749,100412.83249335106,1,0.18284541,1.2572092,150.18284541368484,1.2572092
22.609113924050636,114.06088607594936,150.0,21.59607881568628,61.94148634401749,100412.83249335106,1,0.18728998,1.0548795,150.18728998303413,1.0548795
22.609113924050636,114.06113924050632,150.0,21.59607881568628,61.94148634401749,100412.83249335106,1,0.35203773,1.1882055,150.3520377278328,1.1882055
22.609113924050636,114.06139240506329,150.0,21.59607881568628,61.94148634401749,100412.83249335106,1,0.12678276,0.986482,150.12678276002407,0.986482
22.609113924050636,114.06164556962025,150.0,21.59607881568628,61.94148634401749,100412.83249335106,1,0.35055614,1.4602139,150.3505561351776,1.4602139
22.609113924050636,114.0618987341772,150.0,21.59607881568628,61.94148634401749,100412.83249335106,1,0.8297664,2.076352,150.82976639270782,2.076352
22.609113924050636,114.06215189873417,150.0,21.59607881568628,61.94148634401749,100412.83249335106,1,1.5621728,4.475671,151.56217277050018,4.475671
22.609113924050636,114.06240506329114,150.0,21.59607881568628,61.94148634401749,100412.83249335106,1,2.1579716,6.1324983,152.1579716205597,6.1324983
22.609113924050636,114.06265822784809,150.0,21.59607881568628,61.94148634401749,100412.83249335106,1,0.6958815,1.4835422,150.69588148593903,1.4835422
22.609113924050636,114.06291139240506,150.0,21.59607881568628,61.94148634401749,100412.83249335106,1,11.825927,16.313387,161.82592678070068,16.313387
22.609113924050636,114.06316455696202,150.0,21.59607881568628,61.94148634401749,100412.83249335106,1,1.2344241,3.9907303,151.2344241142273,3.9907303
22.609113924050636,114.06341772151899,150.0,21.59607881568628,61.94148634401749,100412.83249335106,1,6.6778455,10.427764,156.67784547805786,10.427764
22.609113924050636,114.06367088607594,150.0,21.59607881568628,61.94148634401749,100412.83249335106,1,7.0177236,10.035197,157.01772356033325,10.035197
22.609113924050636,114.0639240506329,150.0,21.59607881568628,61.94148634401749,100412.83249335106,1,6.5794578,10.549435,156.57945775985718,10.549435
22.609113924050636,114.06417721518987,150.0,21.59607881568628,61.94148634401749,100412.83249335106,1,12.664272,15.685142,162.6642723083496,15.685142
22.609113924050636,114.06443037974682,150.0,21.59607881568628,61.94148634401749,100412.83249335106,1,7.9095583,14.720845,157.9095582962036,14.720845
22.609113924050636,114.06468354430379,150.0,21.59607881568628,61.94148634401749,100412.83249335106,1,26.48962,23.107523,176.48962020874023,23.107523
22.609113924050636,114.06493670886076,150.0,21.59607881568628,61.94148634401749,100412.83249335106,1,21.904245,21.472527,171.9042453765869,21.472527
22.609113924050636,114.06518987341772,150.0,21.59607881568628,61.94148634401749,100412.83249335106,1,24.49042,24.135906,174.49041938781738,24.135906
22.609113924050636,114.06544303797467,150.0,21.59607881568628,61.94148634401749,100412.83249335106,1,23.285595,21.150524,173.28559494018555,21.150524
22.609113924050636,114.06569620253164,150.0,21.59607881568628,61.94148634401749,100412.83249335106,1,27.269117,25.953472,177.26911735534668,25.953472
22.609113924050636,114.0659493670886,150.0,21.59607881568628,61.94148634401749,100412.83249335106,1,54.490288,17.0734,204.49028778076172,17.0734
22.609113924050636,114.06620253164556,150.0,21.59607881568628,61.94148634401749,100412.83249335106,1,35.1932,27.797014,185.19319915771484,27.797014
22.609113924050636,114.06645569620252,150.0,21.59607881568628,61.94148634401749,100412.83249335106,1,40.160633,22.817747,190.1606330871582,22.817747
22.609113924050636,114.06670886075949,150.0,21.59607881568628,61.94148634401749,100412.83249335106,1,39.262352,26.639763,189.2623519897461,26.639763
22.609113924050636,114.06696202531644,150.0,21.59607881568628,61.94148634401749,100412.83249335106,1,57.71289,23.691233,207.712890625,23.691233
22.609113924050636,114.06721518987341,150.0,21.59607881568628,61.94148634401749,100412.83249335106,1,58.28595,26.023586,208.28594970703125,26.023586
22.609113924050636,114.06746835443037,150.0,21.59607881568628,61.94148634401749,100412.83249335106,1,56.94577,22.642212,206.94577026367188,22.642212
22.609113924050636,114.06772151898734,150.0,21.59607881568628,61.94148634401749,100412.83249335106,1,61.34859,24.195393,211.34859085083008,24.195393
22.609113924050636,114.06797468354429,150.0,21.59607881568628,61.94148634401749,100412.83249335106,1,52.52817,27.121927,202.52817153930664,27.121927
22.609113924050636,114.06822784810126,150.0,21.59607881568628,61.94148634401749,100412.83249335106,1,60.21305,25.935835,210.21305084228516,25.935835
22.609113924050636,114.06848101265822,150.0,21.59607881568628,61.94148634401749,100412.83249335106,1,70.969826,14.826403,220.9698257446289,14.826403
22.609113924050636,114.06873417721518,150.0,21.59607881568628,61.94148634401749,100412.83249335106,1,64.541985,23.997557,214.54198455810547,23.997557
22.609113924050636,114.06898734177214,150.0,21.59607881568628,61.94148634401749,100412.83249335106,1,66.23492,18.45478,216.23491668701172,18.45478
22.609113924050636,114.06924050632911,150.0,21.59607881568628,61.94148634401749,100412.83249335106,1,64.56517,26.638882,214.56517028808594,26.638882
22.609113924050636,114.06949367088608,150.0,21.59607881568628,61.94148634401749,100412.83249335106,1,78.739395,12.055239,228.73939514160156,12.055239
22.609113924050636,114.06974683544303,150.0,21.59607881568628,61.94148634401749,100412.83249335106,1,70.51307,25.996838,220.51306915283203,25.996838
22.609113924050636,114.07,150.0,21.59607881568628,61.94148634401749,100412.83249335106,1,75.39135,22.04693,225.39134979248047,22.04693
22.609367088607595,114.05,150.0,21.59607881568628,61.94148634401749,100412.83249335106,1,0.08632055,1.0284611,150.08632054924965,1.0284611
22.609367088607595,114.05025316455696,150.0,21.59607881568628,61.94148634401749,100412.83249335106,1,-0.031240897,0.8201717,149.96875910274684,0.8201717
22.609367088607595,114.05050632911392,150.0,21.59607881568628,61.94148634401749,100412.83249335106,1,-0.1069382,0.7904764,149.8930618017912,0.7904764
22.609367088607595,114.05075949367088,150.0,21.59607881568628,61.94148634401749,100412.83249335106,1,0.0036509072,0.8661735,150.00365090719424,0.8661735
22.609367088607595,114.05101265822785,150.0,21.59607881568628,61.94148634401749,100412.83249335106,1,-0.08595444,1.4224485,149.91404555737972,1.4224485
22.609367088607595,114.05126582278481,150.0,21.59607881568628,61.94148634401749,100412.83249335106,1,-0.034064706,1.1599948,149.96593529358506,1.1599948
22.609367088607595,114.05151898734177,150.0,21.59607881568628,61.94148634401749,100412.83249335106,1,-0.076639034,0.9494041,149.923360966146,0.9494041
22.609367088607595,114.05177215189873,150.0,21.59607881568628,61.94148634401749,100412.83249335106,1,0.14372447,0.86567813,150.14372447133064,0.86567813
22.609367088607595,114.0520253164557,150.0,21.59607881568628,61.94148634401749,100412.83249335106,1,0.36262128,1.0088526,150.36262127757072,1.0088526
22.609367088607595,114.05227848101265,150.0,21.59607881568628,61.94148634401749,100412.83249335106,1,0.51794016,0.9286983,150.51794016361237,0.9286983
22.609367088607595,114.05253164556962,150.0,21.59607881568628,61.94148634401749,100412.83249335106,1,0.46704844,1.321131,150.46704843640327,1.321131
22.609367088607595,114.05278481012658,150.0,21.59607881568628,61.94148634401749,100412.83249335106,1,0.465262,1.0288029,150.4652619957924,1.0288029
22.609367088607595,114.05303797468355,150.0,21.59607881568628,61.94148634401749,100412.83249335106,1,0.34408182,1.062353,150.34408181905746,1.062353
22.609367088607595,114.0532911392405,150.0,21.59607881568628,61.94148634401749,100412.83249335106,1,-0.15571621,2.0944853,149.8442837893963,2.0944853
22.609367088607595,114.05354430379747,150.0,21.59607881568628,61.94148634401749,100412.83249335106,1,0.43415046,1.3111635,150.4341504573822,1.3111635
22.609367088607595,114.05379746835443,150.0,21.59607881568628,61.94148634401749,100412.83249335106,1,0.5572013,1.051455,150.5572013258934,1.051455
22.609367088607595,114.05405063291138,150.0,21.59607881568628,61.94148634401749,100412.83249335106,1,0.068850584,0.88056755,150.06885058432817,0.88056755
22.609367088607595,114.05430379746835,150.0,21.59607881568628,61.94148634401749,100412.83249335106,1,0.6485979,0.98490846,150.6485978960991,0.98490846
22.609367088607595,114.05455696202532,150.0,21.59607881568628,61.94148634401749,100412.83249335106,1,0.33012968,1.1114882,150.33012968301773,1.1114882
22.609367088607595,114.05481012658227,150.0,21.59607881568628,61.94148634401749,100412.83249335106,1,0.22515897,0.9981978,150.2251589745283,0.9981978
22.609367088607595,114.05506329113923,150.0,21.59607881568628,61.94148634401749,100412.83249335106,1,0.18005678,1.2924303,150.1800567805767,1.2924303
22.609367088607595,114.0553164556962,150.0,21.59607881568628,61.94148634401749,100412.83249335106,1,0.3200779,0.6845875,150.32007789611816,0.6845875
22.609367088607595,114.05556962025317,150.0,21.59607881568628,61.94148634401749,100412.83249335106,1,-0.019676182,0.67506623,149.98032381758094,0.67506623
22.609367088607595,114.05582278481012,150.0,21.59607881568628,61.94148634401749,100412.83249335106,1,0.07806157,0.8490415,150.07806157320738,0.8490415
22.609367088607595,114.05607594936708,150.0,21.59607881568628,61.94148634401749,100412.83249335106,1,0.40627635,1.2296401,150.406276345253,1.2296401
22.609367088607595,114.05632911392405,150.0,21.59607881568628,61.94148634401749,100412.83249335106,1,0.3452512,0.858583,150.3452512025833,0.858583
22.609367088607595,114.056582278481,150.0,21.59607881568628,61.94148634401749,100412.83249335106,1,0.4263624,1.0714419,150.42636239528656,1.0714419
22.609367088607595,114.05683544303797,150.0,21.59607881568628,61.94148634401749,100412.83249335106,1,0.17608462,1.0867018,150.17608462274075,1.0867018
22.609367088607595,114.05708860759493,150.0,21.59607881568628,61.94148634401749,100412.83249335106,1,-0.012171398,0.72157866,149.98782860208303,0.72157866
22.609367088607595,114.0573417721519,150.0,21.59607881568628,61.94148634401749,100412.83249335106,1,0.28753555,0.98060924,150.28753554821014,0.98060924
22.609367088607595,114.05759493670885,150.0,21.59607881568628,61.94148634401749,100412.83249335106,1,0.18496087,0.6725333,150.1849608719349,0.6725333
22.609367088607595,114.05784810126582,150.0,21.59607881568628,61.94148634401749,100412.83249335106,1,0.2229386,1.0944852,150.2229385972023,1.0944852
22.609367088607595,114.05810126582278,150.0,21.59607881568628,61.94148634401749,100412.83249335106,1,0.45778492,1.0428413,150.45778492093086,1.0428413
22.609367088607595,114.05835443037974,150.0,21.59607881568628,61.94148634401749,100412.83249335106,1,-0.023162076,0.79056066,149.97683792375028,0.79056066
22.609367088607595,114.0586075949367,150.0,21.59607881568628,61.94148634401749,100412.83249335106,1,0.19620834,0.9331632,150.1962083429098,0.9331632
22.609367088607595,114.05886075949367,150.0,21.59607881568628,61.94148634401749,100412.83249335106,1,0.25582206,0.6560215,150.25582206249237,0.6560215
22.609367088607595,114.05911392405064,150.0,21.59607881568628,61.94148634401749,100412.83249335106,1,-0.007474019,1.0232764,149.99252598080784,1.0232764
22.609367088607595,114.05936708860759,150.0,21.59607881568628,61.94148634401749,100412.83249335106,1,-0.029931508,1.0025508,149.97006849199533,1.0025508
22.609367088607595,114.05962025316455,150.0,21.59607881568628,61.94148634401749,100412.83249335106,1,0.26642343,0.79245234,150.2664234340191,0.79245234
22.609367088607595,114.05987341772152,150.0,21.59607881568628,61.94148634401749,100412.83249335106,1,0.18398795,1.8978735,150.18398794531822,1.8978735
22.609367088607595,114.06012658227847,150.0,21.59607881568628,61.94148634401749,100412.83249335106,1,-0.15300858,0.82654774,149.84699141979218,0.82654774
22.609367088607595,114.06037974683544,150.0,21.59607881568628,61.94148634401749,100412.83249335106,1,0.20955352,1.1511991,150.2095535248518,1.1511991
22.609367088607595,114.0606329113924,150.0,21.59607881568628,61.94148634401749,100412.83249335106,1,0.031331275,0.906006,150.03133127465844,0.906006
22.609367088607595,114.06088607594936,150.0,21.59607881568628,61.94148634401749,100412.83249335106,1,0.32989913,1.2568232,150.32989913225174,1.2568232
22.609367088607595,114.06113924050632,150.0,21.59607881568628,61.94148634401749,100412.83249335106,1,0.09927082,0.61202496,150.09927082061768,0.61202496
22.609367088607595,114.06139240506329,150.0,21.59607881568628,61.94148634401749,100412.83249335106,1,-0.22278884,0.80185455,149.7772111594677,0.80185455
22.609367088607595,114.06164556962025,150.0,21.59607881568628,61.94148634401749,100412.83249335106,1,1.2249521,3.8266518,151.22495210170746,3.8266518
22.609367088607595,114.0618987341772,150.0,21.59607881568628,61.94148634401749,100412.83249335106,1,0.26991826,1.9983453,150.26991826295853,1.9983453
22.609367088607595,114.06215189873417,150.0,21.59607881568628,61.94148634401749,100412.83249335106,1,2.2811873,6.6946893,152.2811872959137,6.6946893
22.609367088607595,114.06240506329114,150.0,21.59607881568628,61.94148634401749,100412.83249335106,1,0.78072184,3.1916173,150.78072184324265,3.1916173
22.609367088607595,114.06265822784809,150.0,21.59607881568628,61.94148634401749,100412.83249335106,1,2.2514842,5.1057506,152.2514841556549,5.1057506
22.609367088607595,114.06291139240506,150.0,21.59607881568628,61.94148634401749,100412.83249335106,1,1.9429656,4.57307,151.9429656267166,4.57307
22.609367088607595,114.06316455696202,150.0,21.59607881568628,61.94148634401749,100412.83249335106,1,3.200742,8.116527,153.20074200630188,8.116527
22.609367088607595,114.06341772151899,150.0,21.59607881568628,61.94148634401749,100412.83249335106,1,12.432538,17.529995,162.43253803253174,17.529995
22.609367088607595,114.06367088607594,150.0,21.59607881568628,61.94148634401749,100412.83249335106,1,3.6994095,9.341229,153.69940948486328,9.341229
22.609367088607595,114.0639240506329,150.0,21.59607881568628,61.94148634401749,100412.83249335106,1,3.6079872,6.9623322,153.60798716545105,6.9623322
22.609367088607595,114.06417721518987,150.0,21.59607881568628,61.94148634401749,100412.83249335106,1,8.155822,13.9911375,158.15582180023193,13.9911375
22.609367088607595,114.06443037974682,150.0,21.59607881568628,61.94148634401749,100412.83249335106,1,21.503384,21.703514,171.5033836364746,21.703514
22.609367088607595,114.06468354430379,150.0,21.59607881568628,61.94148634401749,100412.83249335106,1,11.385394,20.055393,161.3853940963745,20.055393
22.609367088607595,114.06493670886076,150.0,21.59607881568628,61.94148634401749,100412.83249335106,1,18.101595,21.200926,168.10159492492676,21.200926
22.609367088607595,114.06518987341772,150.0,21.59607881568628,61.94148634401749,100412.83249335106,1,23.385439,23.360899,173.38543891906738,23.360899
22.609367088607595,114.06544303797467,150.0,21.59607881568628,61.94148634401749,100412.83249335106,1,26.766052,26.99523,176.76605224609375,26.99523
22.609367088607595,114.06569620253164,150.0,21.59607881568628,61.94148634401749,100412.83249335106,1,38.83101,25.896212,188.8310089111328,25.896212
22.609367088607595,114.0659493670886,150.0,21.59607881568628,61.94148634401749,100412.83249335106,1,33.522373,25.906378,183.5223731994629,25.906378
22.609367088607595,114.06620253164556,150.0,21.59607881568628,61.94148634401749,100412.83249335106,1,35.736134,24.556725,185.73613357543945,24.556725
22.609367088607595,114.06645569620252,150.0,21.59607881568628,61.94148634401749,100412.83249335106,1,31.515402,28.287823,181.51540184020996,28.287823
22.609367088607595,114.06670886075949,150.0,21.59607881568628,61.94148634401749,100412.83249335106,1,29.164396,28.176504,179.16439628601074,28.176504
22.609367088607595,114.06696202531644,150.0,21.59607881568628,61.94148634401749,100412.83249335106,1,46.30015,25.501757,196.30015182495117,25.501757
22.609367088607595,114.06721518987341,150.0,21.59607881568628,61.94148634401749,100412.83249335106,1,31.173155,28.00435,181.17315483093262,28.00435
22.609367088607595,114.06746835443037,150.0,21.59607881568628,61.94148634401749,100412.83249335106,1,51.55649,27.7818,201.55649185180664,27.7818
22.609367088607595,114.06772151898734,150.0,21.59607881568628,61.94148634401749,100412.83249335106,1,44.420403,28.871817,194.42040252685547,28.871817
22.609367088607595,114.06797468354429,150.0,21.59607881568628,61.94148634401749,100412.83249335106,1,64.35233,20.996948,214.35233306884766,20.996948
22.609367088607595,114.06822784810126,150.0,21.59607881568628,61.94148634401749,100412.83249335106,1,55.05456,26.733923,205.05456161499023,26.733923
22.609367088607595,114.06848101265822,150.0,21.59607881568628,61.94148634401749,100412.83249335106,1,54.860783,29.425922,204.86078262329102,29.425922
22.609367088607595,114.06873417721518,150.0,21.59607881568628,61.94148634401749,100412.83249335106,1,67.20945,22.784393,217.2094497680664,22.784393
22.609367088607595,114.06898734177214,150.0,21.59607881568628,61.94148634401749,100412.83249335106,1,65.97942,24.463882,215.97942352294922,24.463882
22.609367088607595,114.06924050632911,150.0,21.59607881568628,61.94148634401749,100412.83249335106,1,73.08095,24.751629,223.08094787597656,24.751629
22.609367088607595,114.06949367088608,150.0,21.59607881568628,61.94148634401749,100412.83249335106,1,65.16156,21.534,215.16156005859375,21.534
22.609367088607595,114.06974683544303,150.0,21.59607881568628,61.94148634401749,100412.83249335106,1,75.35439,22.119015,225.3543930053711,22.119015
22.609367088607595,114.07,150.0,21.59607881568628,61.94148634401749,100412.83249335106,1,77.57706,14.350578,227.57705688476562,14.350578
22.609620253164557,114.05,150.0,21.59607881568628,61.94148634401749,100412.83249335106,1,0.37181568,0.8774408,150.37181568145752,0.8774408
22.609620253164557,114.05025316455696,150.0,21.59607881568628,61.94148634401749,100412.83249335106,1,-0.020076826,0.81182945,149.9799231737852,0.81182945
22.609620253164557,114.05050632911392,150.0,21.59607881568628,61.94148634401749,100412.83249335106,1,0.19622895,0.6940257,150.19622895121574,0.6940257
22.609620253164557,114.05075949367088,150.0,21.59607881568628,61.94148634401749,100412.83249335106,1,0.11722986,0.8609498,150.1172298565507,0.8609498
22.609620253164557,114.05101265822785,150.0,21.59607881568628,61.94148634401749,100412.83249335106,1,0.41776878,1.0495162,150.41776877641678,1.0495162
22.609620253164557,114.05126582278481,150.0,21.59607881568628,61.94148634401749,100412.83249335106,1,0.3448856,0.8165753,150.34488558769226,0.8165753
22.609620253164557,114.05151898734177,150.0,21.59607881568628,61.94148634401749,100412.83249335106,1,0.3199626,0.94362426,150.31996259093285,0.94362426
22.609620253164557,114.05177215189873,150.0,21.59607881568628,61.94148634401749,100412.83249335106,1,0.14416364,0.721595,150.14416363835335,0.721595
22.609620253164557,114.0520253164557,150.0,21.59607881568628,61.94148634401749,100412.83249335106,1,-0.048647836,0.9199708,149.95135216414928,0.9199708
22.609620253164557,114.05227848101265,150.0,21.59607881568628,61.94148634401749,100412.83249335106,1,0.18735215,0.90729123,150.18735215067863,0.90729123
22.609620253164557,114.05253164556962,150.0,21.59607881568628,61.94148634401749,100412.83249335106,1,0.34521097,0.95590186,150.3452109694481,0.95590186
22.609620253164557,114.05278481012658,150.0,21.59607881568628,61.94148634401749,100412.83249335106,1,0.13494417,0.6769559,150.13494417071342,0.6769559
22.609620253164557,114.05303797468355,150.0,21.59607881568628,61.94148634401749,100412.83249335106,1,0.32292,1.1503272,150.32291999459267,1.1503272
22.609620253164557,114.0532911392405,150.0,21.59607881568628,61.94148634401749,100412.83249335106,1,0.123132795,0.7606948,150.12313279509544,0.7606948
22.609620253164557,114.05354430379747,150.0,21.59607881568628,61.94148634401749,100412.83249335106,1,0.30727002,0.9324546,150.3072700202465,0.9324546
22.609620253164557,114.05379746835443,150.0,21.59607881568628,61.94148634401749,100412.83249335106,1,-0.08893521,0.84509003,149.91106478869915,0.84509003
22.609620253164557,114.05405063291138,150.0,21.59607881568628,61.94148634401749,100412.83249335106,1,0.024954854,0.9547669,150.0249548535794,0.9547669
22.609620253164557,114.05430379746835,150.0,21.59607881568628,61.94148634401749,100412.83249335106,1,0.19847351,0.7906756,150.19847351312637,0.7906756
22.609620253164557,114.05455696202532,150.0,21.59607881568628,61.94148634401749,100412.83249335106,1,0.3497206,0.9418524,150.34972059726715,0.9418524
22.609620253164557,114.05481012658227,150.0,21.59607881568628,61.94148634401749,100412.83249335106,1,0.42578286,0.79951143,150.4257828593254,0.79951143
22.609620253164557,114.05506329113923,150.0,21.59607881568628,61.94148634401749,100412.83249335106,1,0.41848052,0.9611281,150.41848051548004,0.9611281
22.609620253164557,114.0553164556962,150.0,21.59607881568628,61.94148634401749,100412.83249335106,1,0.32196146,0.9322695,150.3219614624977,0.9322695
22.609620253164557,114.05556962025317,150.0,21.59607881568628,61.94148634401749,100412.83249335106,1,0.023242502,0.70058566,150.02324250154197,0.70058566
22.609620253164557,114.05582278481012,150.0,21.59607881568628,61.94148634401749,100412.83249335106,1,0.27995887,1.0586184,150.2799588739872,1.0586184
22.609620253164557,114.05607594936708,150.0,21.59607881568628,61.94148634401749,100412.83249335106,1,0.34954983,1.2237061,150.34954982995987,1.2237061
22.609620253164557,114.05632911392405,150.0,21.59607881568628,61.94148634401749,100412.83249335106,1,0.18977363,0.7811668,150.18977363407612,0.7811668
22.609620253164557,114.056582278481,150.0,21.59607881568628,61.94148634401749,100412.83249335106,1,0.12659094,1.0129783,150.12659093737602,1.0129783
22.609620253164557,114.05683544303797,150.0,21.59607881568628,61.94148634401749,100412.83249335106,1,0.09592697,0.7364059,150.09592697024345,0.7364059
22.609620253164557,114.05708860759493,150.0,21.59607881568628,61.94148634401749,100412.83249335106,1,0.33315694,0.62669104,150.33315694332123,0.62669104
22.609620253164557,114.0573417721519,150.0,21.59607881568628,61.94148634401749,100412.83249335106,1,0.15696785,0.8700264,150.15696784853935,0.8700264
22.609620253164557,114.05759493670885,150.0,21.59607881568628,61.94148634401749,100412.83249335106,1,-0.0056531443,0.7118914,149.99434685567394,0.7118914
22.609620253164557,114.05784810126582,150.0,21.59607881568628,61.94148634401749,100412.83249335106,1,-0.25689694,0.85370445,149.74310305714607,0.85370445
22.609620253164557,114.05810126582278,150.0,21.59607881568628,61.94148634401749,100412.83249335106,1,0.13265507,0.7069391,150.132655069232,0.7069391
22.609620253164557,114.05835443037974,150.0,21.59607881568628,61.94148634401749,100412.83249335106,1,-0.12735614,0.6220832,149.87264385819435,0.6220832
22.609620253164557,114.0586075949367,150.0,21.59607881568628,61.94148634401749,100412.83249335106,1,-0.08294906,0.9922962,149.9170509427786,0.9922962
22.609620253164557,114.05886075949367,150.0,21.59607881568628,61.94148634401749,100412.83249335106,1,0.06192975,0.57824117,150.06192975118756,0.57824117
22.609620253164557,114.05911392405064,150.0,21.59607881568628,61.94148634401749,100412.83249335106,1,0.17295578,0.8332694,150.1729557812214,0.8332694
22.609620253164557,114.05936708860759,150.0,21.59607881568628,61.94148634401749,100412.83249335106,1,0.06447597,0.75366426,150.0644759684801,0.75366426
22.609620253164557,114.05962025316455,150.0,21.59607881568628,61.94148634401749,100412.83249335106,1,0.043778233,0.8303277,150.0437782332301,0.8303277
22.609620253164557,114.05987341772152,150.0,21.59607881568628,61.94148634401749,100412.83249335106,1,-0.13485491,0.5458154,149.86514508724213,0.5458154
22.609620253164557,114.06012658227847,150.0,21.59607881568628,61.94148634401749,100412.83249335106,1,0.34901276,0.8729756,150.34901276230812,0.8729756
22.609620253164557,114.06037974683544,150.0,21.59607881568628,61.94148634401749,100412.83249335106,1,-0.033914376,0.5755365,149.96608562394977,0.5755365
22.609620253164557,114.0606329113924,150.0,21.59607881568628,61.94148634401749,100412.83249335106,1,0.06855092,0.6748193,150.06855092197657,0.6748193
22.609620253164557,114.06088607594936,150.0,21.59607881568628,61.94148634401749,100412.83249335106,1,0.33131206,1.2959299,150.33131206035614,1.2959299
22.609620253164557,114.06113924050632,150.0,21.59607881568628,61.94148634401749,100412.83249335106,1,-0.07523063,0.82258624,149.92476937174797,0.82258624
22.609620253164557,114.06139240506329,150.0,21.59607881568628,61.94148634401749,100412.83249335106,1,0.11436302,0.8241924,150.1143630221486,0.8241924
22.609620253164557,114.06164556962025,150.0,21.59607881568628,61.94148634401749,100412.83249335106,1,0.20656742,2.1357327,150.20656742155552,2.1357327
22.609620253164557,114.0618987341772,150.0,21.59607881568628,61.94148634401749,100412.83249335106,1,1.4120975,3.9623215,151.41209745407104,3.9623215
22.609620253164557,114.06215189873417,150.0,21.59607881568628,61.94148634401749,100412.83249335106,1,0.2918993,1.4940066,150.29189929366112,1.4940066
22.609620253164557,114.06240506329114,150.0,21.59607881568628,61.94148634401749,100412.83249335106,1,2.840731,8.426404,152.84073090553284,8.426404
22.609620253164557,114.06265822784809,150.0,21.59607881568628,61.94148634401749,100412.83249335106,1,1.123333,3.2511394,151.12333297729492,3.2511394
22.609620253164557,114.06291139240506,150.0,21.59607881568628,61.94148634401749,100412.83249335106,1,0.6207467,3.021515,150.62074667215347,3.021515
22.609620253164557,114.06316455696202,150.0,21.59607881568628,61.94148634401749,100412.83249335106,1,2.4230847,8.575086,152.42308473587036,8.575086
22.609620253164557,114.06341772151899,150.0,21.59607881568628,61.94148634401749,100412.83249335106,1,3.606263,9.048821,153.606262922287,9.048821
22.609620253164557,114.06367088607594,150.0,21.59607881568628,61.94148634401749,100412.83249335106,1,13.308964,18.12665,163.30896377563477,18.12665
22.609620253164557,114.0639240506329,150.0,21.59607881568628,61.94148634401749,100412.83249335106,1,2.638245,7.3912654,152.6382451057434,7.3912654
22.609620253164557,114.06417721518987,150.0,21.59607881568628,61.94148634401749,100412.83249335106,1,6.4383583,11.251721,156.43835830688477,11.251721
22.609620253164557,114.06443037974682,150.0,21.59607881568628,61.94148634401749,100412.83249335106,1,11.241492,18.162113,161.24149227142334,18.162113
22.609620253164557,114.06468354430379,150.0,21.59607881568628,61.94148634401749,100412.83249335106,1,10.959399,14.94025,160.95939922332764,14.94025
22.609620253164557,114.06493670886076,150.0,21.59607881568628,61.94148634401749,100412.83249335106,1,11.999001,16.022205,161.9990005493164,16.022205
22.609620253164557,114.06518987341772,150.0,21.59607881568628,61.94148634401749,100412.83249335106,1,5.4594326,15.743846,155.4594326019287,15.743846
22.609620253164557,114.06544303797467,150.0,21.59607881568628,61.94148634401749,100412.83249335106,1,24.7542,23.619755,174.75419998168945,23.619755
22.609620253164557,114.06569620253164,150.0,21.59607881568628,61.94148634401749,100412.83249335106,1,28.236914,26.001234,178.23691368103027,26.001234
22.609620253164557,114.0659493670886,150.0,21.59607881568628,61.94148634401749,100412.83249335106,1,17.94758,22.934916,167.9475803375244,22.934916
22.609620253164557,114.06620253164556,150.0,21.59607881568628,61.94148634401749,100412.83249335106,1,22.051575,27.063501,172.05157470703125,27.063501
22.609620253164557,114.06645569620252,150.0,21.59607881568628,61.94148634401749,100412.83249335106,1,23.337246,24.683952,173.3372459411621,24.683952
22.609620253164557,114.06670886075949,150.0,21.59607881568628,61.94148634401749,100412.83249335106,1,44.404713,30.470062,194.40471267700195,30.470062
22.609620253164557,114.06696202531644,150.0,21.59607881568628,61.94148634401749,100412.83249335106,1,35.292595,29.589233,185.29259490966797,29.589233
22.609620253164557,114.06721518987341,150.0,21.59607881568628,61.94148634401749,100412.83249335106,1,45.73026,25.536045,195.7302589416504,25.536045
22.609620253164557,114.06746835443037,150.0,21.59607881568628,61.94148634401749,100412.83249335106,1,45.92321,30.522505,195.92321014404297,30.522505
22.609620253164557,114.06772151898734,150.0,21.59607881568628,61.94148634401749,100412.83249335106,1,40.20667,31.223772,190.20666885375977,31.223772
22.609620253164557,114.06797468354429,150.0,21.59607881568628,61.94148634401749,100412.83249335106,1,56.46876,29.010597,206.4687614440918,29.010597
22.609620253164557,114.06822784810126,150.0,21.59607881568628,61.94148634401749,100412.83249335106,1,58.47521,24.993462,208.4752082824707,24.993462
22.609620253164557,114.06848101265822,150.0,21.59607881568628,61.94148634401749,100412.83249335106,1,57.444046,26.355059,207.4440460205078,26.355059
22.609620253164557,114.06873417721518,150.0,21.59607881568628,61.94148634401749,100412.83249335106,1,65.67411,24.12231,215.67411041259766,24.12231
22.609620253164557,114.06898734177214,150.0,21.59607881568628,61.94148634401749,100412.83249335106,1,66.4778,19.331871,216.47779846191406,19.331871
22.609620253164557,114.06924050632911,150.0,21.59607881568628,61.94148634401749,100412.83249335106,1,71.56472,24.507696,221.5647201538086,24.507696
22.609620253164557,114.06949367088608,150.0,21.59607881568628,61.94148634401749,100412.83249335106,1,67.0492,24.16624,217.04920196533203,24.16624
22.609620253164557,114.06974683544303,150.0,21.59607881568628,61.94148634401749,100412.83249335106,1,71.78725,26.785423,221.78724670410156,26.785423
22.609620253164557,114.07,150.0,21.59607881568628,61.94148634401749,100412.83249335106,1,74.17694,16.616632,224.17694091796875,16.616632
22.60987341772152,114.05,150.0,21.59607881568628,61.94148634401749,100412.83249335106,1,-0.065673135,1.0617315,149.934326864779,1.0617315
22.60987341772152,114.05025316455696,150.0,21.59607881568628,61.94148634401749,100412.83249335106,1,-0.051844947,0.79475874,149.94815505295992,0.79475874
22.60987341772152,114.05050632911392,150.0,21.59607881568628,61.94148634401749,100412.83249335106,1,-0.012819423,0.66010714,149.98718057665974,0.66010714
22.60987341772152,114.05075949367088,150.0,21.59607881568628,61.94148634401749,100412.83249335106,1,0.01689784,1.1823229,150.01689784042537,1.1823229
22.60987341772152,114.05101265822785,150.0,21.59607881568628,61.94148634401749,100412.83249335106,1,0.3325126,0.66620106,150.33251258730888,0.66620106
22.60987341772152,114.05126582278481,150.0,21.59607881568628,61.94148634401749,100412.83249335106,1,0.017399881,0.74802244,150.0173998810351,0.74802244
22.60987341772152,114.05151898734177,150.0,21.59607881568628,61.94148634401749,100412.83249335106,1,0.07174729,0.89804566,150.07174728810787,0.89804566
22.60987341772152,114.05177215189873,150.0,21.59607881568628,61.94148634401749,100412.83249335106,1,0.030774808,0.8891458,150.03077480755746,0.8891458
22.60987341772152,114.0520253164557,150.0,21.59607881568628,61.94148634401749,100412.83249335106,1,0.18369009,0.7451455,150.18369008600712,0.7451455
22.60987341772152,114.05227848101265,150.0,21.59607881568628,61.94148634401749,100412.83249335106,1,0.005211479,0.7120661,150.00521147903055,0.7120661
22.60987341772152,114.05253164556962,150.0,21.59607881568628,61.94148634401749,100412.83249335106,1,-0.04843703,0.5760361,149.9515629708767,0.5760361
22.60987341772152,114.05278481012658,150.0,21.59607881568628,61.94148634401749,100412.83249335106,1,-0.0032069713,0.78998214,149.9967930286657,0.78998214
22.60987341772152,114.05303797468355,150.0,21.59607881568628,61.94148634401749,100412.83249335106,1,0.108591,0.6758967,150.10859099775553,0.6758967
22.60987341772152,114.0532911392405,150.0,21.59607881568628,61.94148634401749,100412.83249335106,1,0.032802507,0.7937581,150.0328025072813,0.7937581
22.60987341772152,114.05354430379747,150.0,21.59607881568628,61.94148634401749,100412.83249335106,1,-0.009573853,0.84666216,149.99042614735663,0.84666216
22.60987341772152,114.05379746835443,150.0,21.59607881568628,61.94148634401749,100412.83249335106,1,0.057968747,0.69996434,150.05796874687076,0.69996434
22.60987341772152,114.05405063291138,150.0,21.59607881568628,61.94148634401749,100412.83249335106,1,-0.0304832,0.68702507,149.96951680071652,0.68702507
22.60987341772152,114.05430379746835,150.0,21.59607881568628,61.94148634401749,100412.83249335106,1,0.11042665,0.8555339,150.11042664945126,0.8555339
22.60987341772152,114.05455696202532,150.0,21.59607881568628,61.94148634401749,100412.83249335106,1,0.07448323,0.70471936,150.07448323071003,0.70471936
22.60987341772152,114.05481012658227,150.0,21.59607881568628,61.94148634401749,100412.83249335106,1,0.2073828,0.8227256,150.20738279819489,0.8227256
22.60987341772152,114.05506329113923,150.0,21.59607881568628,61.94148634401749,100412.83249335106,1,0.11266669,0.77513856,150.11266668885946,0.77513856
22.60987341772152,114.0553164556962,150.0,21.59607881568628,61.94148634401749,100412.83249335106,1,-0.028496709,0.7090345,149.97150329127908,0.7090345
22.60987341772152,114.05556962025317,150.0,21.59607881568628,61.94148634401749,100412.83249335106,1,-0.10504,0.6652382,149.89496000111103,0.6652382
22.60987341772152,114.05582278481012,150.0,21.59607881568628,61.94148634401749,100412.83249335106,1,0.106578305,0.8664863,150.10657830536366,0.8664863
22.60987341772152,114.05607594936708,150.0,21.59607881568628,61.94148634401749,100412.83249335106,1,0.018430721,0.5751879,150.01843072101474,0.5751879
22.60987341772152,114.05632911392405,150.0,21.59607881568628,61.94148634401749,100412.83249335106,1,0.17187662,0.6247516,150.17187662422657,0.6247516
22.60987341772152,114.056582278481,150.0,21.59607881568628,61.94148634401749,100412.83249335106,1,0.11542767,0.52664286,150.115427672863,0.52664286
22.60987341772152,114.05683544303797,150.0,21.59607881568628,61.94148634401749,100412.83249335106,1,0.10025657,0.9008708,150.10025656968355,0.9008708
22.60987341772152,114.05708860759493,150.0,21.59607881568628,61.94148634401749,100412.83249335106,1,0.048588727,0.58294684,150.04858872666955,0.58294684
22.60987341772152,114.0573417721519,150.0,21.59607881568628,61.94148634401749,100412.83249335106,1,-0.09935496,0.824975,149.90064503997564,0.824975
22.60987341772152,114.05759493670885,150.0,21.59607881568628,61.94148634401749,100412.83249335106,1,-0.14748913,0.67942977,149.85251086950302,0.67942977
22.60987341772152,114.05784810126582,150.0,21.59607881568628,61.94148634401749,100412.83249335106,1,-0.049477454,0.58389825,149.9505225457251,0.58389825
22.60987341772152,114.05810126582278,150.0,21.59607881568628,61.94148634401749,100412.83249335106,1,0.19484268,0.83868766,150.19484268128872,0.83868766
22.60987341772152,114.05835443037974,150.0,21.59607881568628,61.94148634401749,100412.83249335106,1,0.25271758,0.9979621,150.25271758437157,0.9979621
22.60987341772152,114.0586075949367,150.0,21.59607881568628,61.94148634401749,100412.83249335106,1,-0.03348162,0.66174626,149.96651837974787,0.66174626
22.60987341772152,114.05886075949367,150.0,21.59607881568628,61.94148634401749,100412.83249335106,1,0.21628684,0.96523154,150.21628683805466,0.96523154
22.60987341772152,114.05911392405064,150.0,21.59607881568628,61.94148634401749,100412.83249335106,1,0.12590352,0.8073632,150.12590351700783,0.8073632
22.60987341772152,114.05936708860759,150.0,21.59607881568628,61.94148634401749,100412.83249335106,1,0.17333639,0.7327622,150.1733363866806,0.7327622
22.60987341772152,114.05962025316455,150.0,21.59607881568628,61.94148634401749,100412.83249335106,1,-0.30386564,0.58587384,149.69613435864449,0.58587384
22.60987341772152,114.05987341772152,150.0,21.59607881568628,61.94148634401749,100412.83249335106,1,0.023821982,0.6979075,150.02382198162377,0.6979075
22.60987341772152,114.06012658227847,150.0,21.59607881568628,61.94148634401749,100412.83249335106,1,0.043747272,0.7638382,150.04374727234244,0.7638382
22.60987341772152,114.06037974683544,150.0,21.59607881568628,61.94148634401749,100412.83249335106,1,0.18655159,1.1902419,150.1865515857935,1.1902419
22.60987341772152,114.0606329113924,150.0,21.59607881568628,61.94148634401749,100412.83249335106,1,0.084543005,0.68493223,150.084543004632,0.68493223
22.60987341772152,114.06088607594936,150.0,21.59607881568628,61.94148634401749,100412.83249335106,1,0.17118837,0.7896285,150.17118836939335,0.7896285
22.60987341772152,114.06113924050632,150.0,21.59607881568628,61.94148634401749,100412.83249335106,1,0.25063297,1.2430437,150.2506329715252,1.2430437
22.60987341772152,114.06139240506329,150.0,21.59607881568628,61.94148634401749,100412.83249335106,1,-0.09861109,0.6599364,149.90138891339302,0.6599364
22.60987341772152,114.06164556962025,150.0,21.59607881568628,61.94148634401749,100412.83249335106,1,0.26878512,1.311956,150.2687851190567,1.311956
22.60987341772152,114.0618987341772,150.0,21.59607881568628,61.94148634401749,100412.83249335106,1,0.5082568,1.5375695,150.50825679302216,1.5375695
22.60987341772152,114.06215189873417,150.0,21.59607881568628,61.94148634401749,100412.83249335106,1,0.06214442,1.2374933,150.062144421041,1.2374933
22.60987341772152,114.06240506329114,150.0,21.59607881568628,61.94148634401749,100412.83249335106,1,3.6318862,10.812876,153.6318862438202,10.812876
22.60987341772152,114.06265822784809,150.0,21.59607881568628,61.94148634401749,100412.83249335106,1,0.65136564,2.860797,150.65136563777924,2.860797
22.60987341772152,114.06291139240506,150.0,21.59607881568628,61.94148634401749,100412.83249335106,1,3.3807955,10.20729,153.3807954788208,10.20729
22.60987341772152,114.06316455696202,150.0,21.59607881568628,61.94148634401749,100412.83249335106,1,0.43573007,2.432414,150.43573006987572,2.432414
22.60987341772152,114.06341772151899,150.0,21.59607881568628,61.94148634401749,100412.83249335106,1,4.899203,11.621646,154.89920282363892,11.621646
22.60987341772152,114.06367088607594,150.0,21.59607881568628,61.94148634401749,100412.83249335106,1,1.6573994,3.9353573,151.65739941596985,3.9353573
22.60987341772152,114.0639240506329,150.0,21.59607881568628,61.94148634401749,100412.83249335106,1,4.8182726,12.801287,154.8182725906372,12.801287
22.60987341772152,114.06417721518987,150.0,21.59607881568628,61.94148634401749,100412.83249335106,1,6.285079,14.28442,156.28507900238037,14.28442
22.60987341772152,114.06443037974682,150.0,21.59607881568628,61.94148634401749,100412.83249335106,1,1.4710684,4.884104,151.47106838226318,4.884104
22.60987341772152,114.06468354430379,150.0,21.59607881568628,61.94148634401749,100412.83249335106,1,12.001769,17.200068,162.00176906585693,17.200068
22.60987341772152,114.06493670886076,150.0,21.59607881568628,61.94148634401749,100412.83249335106,1,9.777417,21.226511,159.77741718292236,21.226511
22.60987341772152,114.06518987341772,150.0,21.59607881568628,61.94148634401749,100412.83249335106,1,14.485928,20.055935,164.4859275817871,20.055935
22.60987341772152,114.06544303797467,150.0,21.59607881568628,61.94148634401749,100412.83249335106,1,9.970887,15.993875,159.97088718414307,15.993875
22.60987341772152,114.06569620253164,150.0,21.59607881568628,61.94148634401749,100412.83249335106,1,19.599514,21.843573,169.59951400756836,21.843573
22.60987341772152,114.0659493670886,150.0,21.59607881568628,61.94148634401749,100412.83249335106,1,22.817854,26.40828,172.8178539276123,26.40828
22.60987341772152,114.06620253164556,150.0,21.59607881568628,61.94148634401749,100412.83249335106,1,23.904293,25.557198,173.90429306030273,25.557198
22.60987341772152,114.06645569620252,150.0,21.59607881568628,61.94148634401749,100412.83249335106,1,27.971941,27.051008,177.9719409942627,27.051008
22.60987341772152,114.06670886075949,150.0,21.59607881568628,61.94148634401749,100412.83249335106,1,30.840082,29.646826,180.8400821685791,29.646826
22.60987341772152,114.06696202531644,150.0,21.59607881568628,61.94148634401749,100412.83249335106,1,41.56009,28.01546,191.56008911132812,28.01546
22.60987341772152,114.06721518987341,150.0,21.59607881568628,61.94148634401749,100412.83249335106,1,30.60648,25.861544,180.6064796447754,25.861544
22.60987341772152,114.06746835443037,150.0,21.59607881568628,61.94148634401749,100412.83249335106,1,40.61405,27.847027,190.61405181884766,27.847027
22.60987341772152,114.06772151898734,150.0,21.59607881568628,61.94148634401749,100412.83249335106,1,50.816647,22.703007,200.81664657592773,22.703007
22.60987341772152,114.06797468354429,150.0,21.59607881568628,61.94148634401749,100412.83249335106,1,47.376736,30.502132,197.37673568725586,30.502132
22.60987341772152,114.06822784810126,150.0,21.59607881568628,61.94148634401749,100412.83249335106,1,43.751366,31.195671,193.7513656616211,31.195671
22.60987341772152,114.06848101265822,150.0,21.59607881568628,61.94148634401749,100412.83249335106,1,44.036564,30.983637,194.03656387329102,30.983637
22.60987341772152,114.06873417721518,150.0,21.59607881568628,61.94148634401749,100412.83249335106,1,58.77683,24.380423,208.77682876586914,24.380423
22.60987341772152,114.06898734177214,150.0,21.59607881568628,61.94148634401749,100412.83249335106,1,65.375145,29.758821,215.3751449584961,29.758821
22.60987341772152,114.06924050632911,150.0,21.59607881568628,61.94148634401749,100412.83249335106,1,57.265003,29.638168,207.2650032043457,29.638168
22.60987341772152,114.06949367088608,150.0,21.59607881568628,61.94148634401749,100412.83249335106,1,61.824123,24.073046,211.82412338256836,24.073046
22.60987341772152,114.06974683544303,150.0,21.59607881568628,61.94148634401749,100412.83249335106,1,55.909374,30.232697,205.90937423706055,30.232697
22.60987341772152,114.07,150.0,21.59607881568628,61.94148634401749,100412.83249335106,1,69.03283,24.798307,219.03282928466797,24.798307
22.610126582278482,114.05,150.0,21.59607881568628,61.94148634401749,100412.83249335106,1,-0.20593639,0.6382319,149.79406361281872,0.6382319
22.610126582278482,114.05025316455696,150.0,21.59607881568628,61.94148634401749,100412.83249335106,1,0.19782212,0.64482445,150.19782212376595,0.64482445
22.610126582278482,114.05050632911392,150.0,21.59607881568628,61.94148634401749,100412.83249335106,1,0.12215469,0.9006722,150.12215469032526,0.9006722
22.610126582278482,114.05075949367088,150.0,21.59607881568628,61.94148634401749,100412.83249335106,1,-0.15670197,0.79535395,149.84329803287983,0.79535395
22.610126582278482,114.05101265822785,150.0,21.59607881568628,61.94148634401749,100412.83249335106,1,0.15354995,0.716103,150.15354995429516,0.716103
22.610126582278482,114.05126582278481,150.0,21.59607881568628,61.94148634401749,100412.83249335106,1,0.14746799,0.77812254,150.14746798574924,0.77812254
22.610126582278482,114.05151898734177,150.0,21.59607881568628,61.94148634401749,100412.83249335106,1,0.06796385,0.60923237,150.06796385347843,0.60923237
22.610126582278482,114.05177215189873,150.0,21.59607881568628,61.94148634401749,100412.83249335106,1,-0.12491063,0.72647274,149.87508936971426,0.72647274
22.610126582278482,114.0520253164557,150.0,21.59607881568628,61.94148634401749,100412.83249335106,1,0.28502786,0.86535186,150.28502786159515,0.86535186
22.610126582278482,114.05227848101265,150.0,21.59607881568628,61.94148634401749,100412.83249335106,1,-0.12223948,0.7427182,149.87776052206755,0.7427182
22.610126582278482,114.05253164556962,150.0,21.59607881568628,61.94148634401749,100412.83249335106,1,0.016925497,0.8811598,150.01692549698055,0.8811598
22.610126582278482,114.05278481012658,150.0,21.59607881568628,61.94148634401749,100412.83249335106,1,0.07757487,0.693776,150.07757487148046,0.693776
22.610126582278482,114.05303797468355,150.0,21.59607881568628,61.94148634401749,100412.83249335106,1,0.06656894,0.9931363,150.06656894087791,0.9931363
22.610126582278482,114.0532911392405,150.0,21.59607881568628,61.94148634401749,100412.83249335106,1,-0.024580343,0.7588752,149.97541965730488,0.7588752
22.610126582278482,114.05354430379747,150.0,21.59607881568628,61.94148634401749,100412.83249335106,1,-0.029290305,0.83500916,149.97070969454944,0.83500916
22.610126582278482,114.05379746835443,150.0,21.59607881568628,61.94148634401749,100412.83249335106,1,0.32323274,0.6813286,150.3232327401638,0.6813286
22.610126582278482,114.05405063291138,150.0,21.59607881568628,61.94148634401749,100412.83249335106,1,-0.36531803,0.6957871,149.63468196988106,0.6957871
22.610126582278482,114.05430379746835,150.0,21.59607881568628,61.94148634401749,100412.83249335106,1,0.098790824,0.8318709,150.0987908244133,0.8318709
22.610126582278482,114.05455696202532,150.0,21.59607881568628,61.94148634401749,100412.83249335106,1,0.08310334,0.81724524,150.08310333639383,0.81724524
22.610126582278482,114.05481012658227,150.0,21.59607881568628,61.94148634401749,100412.83249335106,1,0.025264248,0.6712732,150.02526424825191,0.6712732
22.610126582278482,114.05506329113923,150.0,21.59607881568628,61.94148634401749,100412.83249335106,1,0.13763507,0.7901998,150.1376350671053,0.7901998
22.610126582278482,114.0553164556962,150.0,21.59607881568628,61.94148634401749,100412.83249335106,1,-0.035201512,0.9365016,149.96479848772287,0.9365016
22.610126582278482,114.05556962025317,150.0,21.59607881568628,61.94148634401749,100412.83249335106,1,0.05764402,0.66406465,150.05764402076602,0.66406465
22.610126582278482,114.05582278481012,150.0,21.59607881568628,61.94148634401749,100412.83249335106,1,0.0071648336,0.5481327,150.00716483360156,0.5481327
22.610126582278482,114.05607594936708,150.0,21.59607881568628,61.94148634401749,100412.83249335106,1,0.029254878,0.64476293,150.02925487793982,0.64476293
22.610126582278482,114.05632911392405,150.0,21.59607881568628,61.94148634401749,100412.83249335106,1,-0.20006983,0.74982756,149.7999301701784,0.74982756
22.610126582278482,114.056582278481,150.0,21.59607881568628,61.94148634401749,100412.83249335106,1,0.113410875,0.6227434,150.11341087520123,0.6227434
22.610126582278482,114.05683544303797,150.0,21.59607881568628,61.94148634401749,100412.83249335106,1,0.08922789,0.5283817,150.08922789245844,0.5283817
22.610126582278482,114.05708860759493,150.0,21.59607881568628,61.94148634401749,100412.83249335106,1,0.07900608,0.59221476,150.07900608330965,0.59221476
22.610126582278482,114.0573417721519,150.0,21.59607881568628,61.94148634401749,100412.83249335106,1,0.0027527981,0.6144138,150.00275279814377,0.6144138
22.610126582278482,114.05759493670885,150.0,21.59607881568628,61.94148634401749,100412.83249335106,1,0.08950646,0.6748793,150.08950646221638,0.6748793
22.610126582278482,114.05784810126582,150.0,21.59607881568628,61.94148634401749,100412.83249335106,1,-0.053842027,0.7284901,149.9461579732597,0.7284901
22.610126582278482,114.05810126582278,150.0,21.59607881568628,61.94148634401749,100412.83249335106,1,-0.123016834,0.6847674,149.87698316574097,0.6847674
22.610126582278482,114.05835443037974,150.0,21.59607881568628,61.94148634401749,100412.83249335106,1,-0.10632438,0.6067467,149.89367561787367,0.6067467
22.610126582278482,114.0586075949367,150.0,21.59607881568628,61.94148634401749,100412.83249335106,1,0.040518213,0.6680914,150.04051821306348,0.6680914
22.610126582278482,114.05886075949367,150.0,21.59607881568628,61.94148634401749,100412.83249335106,1,0.035283107,0.77930933,150.03528310731053,0.77930933
22.610126582278482,114.05911392405064,150.0,21.59607881568628,61.94148634401749,100412.83249335106,1,-0.15770681,0.6008205,149.84229318797588,0.6008205
22.610126582278482,114.05936708860759,150.0,21.59607881568628,61.94148634401749,100412.83249335106,1,-0.02870587,0.6617482,149.97129412926733,0.6617482
22.610126582278482,114.05962025316455,150.0,21.59607881568628,61.94148634401749,100412.83249335106,1,-0.017704565,0.7480572,149.98229543492198,0.7480572
22.610126582278482,114.05987341772152,150.0,21.59607881568628,61.94148634401749,100412.83249335106,1,-0.05164308,0.6832949,149.9483569189906,0.6832949
22.610126582278482,114.06012658227847,150.0,21.59607881568628,61.94148634401749,100412.83249335106,1,0.13846886,0.77459794,150.1384688615799,0.77459794
22.610126582278482,114.06037974683544,150.0,21.59607881568628,61.94148634401749,100412.83249335106,1,-0.14378275,0.61647105,149.85621725022793,0.61647105
22.610126582278482,114.0606329113924,150.0,21.59607881568628,61.94148634401749,100412.83249335106,1,0.10962458,0.5747907,150.10962457954884,0.5747907
22.610126582278482,114.06088607594936,150.0,21.59607881568628,61.94148634401749,100412.83249335106,1,-0.06877295,0.7293414,149.93122705072165,0.7293414
22.610126582278482,114.06113924050632,150.0,21.59607881568628,61.94148634401749,100412.83249335106,1,-0.14171226,0.75170237,149.8582877367735,0.75170237
22.610126582278482,114.06139240506329,150.0,21.59607881568628,61.94148634401749,100412.83249335106,1,-0.27295026,0.7419303,149.72704973816872,0.7419303
22.610126582278482,114.06164556962025,150.0,21.59607881568628,61.94148634401749,100412.83249335106,1,-0.19593404,0.7624416,149.80406595766544,0.7624416
22.610126582278482,114.0618987341772,150.0,21.59607881568628,61.94148634401749,100412.83249335106,1,0.16464306,0.8696045,150.16464306414127,0.8696045
22.610126582278482,114.06215189873417,150.0,21.59607881568628,61.94148634401749,100412.83249335106,1,0.8108828,6.0583463,150.81088280677795,6.0583463
22.610126582278482,114.06240506329114,150.0,21.59607881568628,61.94148634401749,100412.83249335106,1,-0.6048678,0.73703253,149.39513218402863,0.73703253
22.610126582278482,114.06265822784809,150.0,21.59607881568628,61.94148634401749,100412.83249335106,1,0.46620548,1.9229245,150.46620547771454,1.9229245
22.610126582278482,114.06291139240506,150.0,21.59607881568628,61.94148634401749,100412.83249335106,1,0.99981576,3.2942739,150.999815762043,3.2942739
22.610126582278482,114.06316455696202,150.0,21.59607881568628,61.94148634401749,100412.83249335106,1,3.02236,9.432097,153.02236008644104,9.432097
22.610126582278482,114.06341772151899,150.0,21.59607881568628,61.94148634401749,100412.83249335106,1,3.0800154,8.860194,153.0800154209137,8.860194
22.610126582278482,114.06367088607594,150.0,21.59607881568628,61.94148634401749,100412.83249335106,1,2.843426,6.1583385,152.843425989151,6.1583385
22.610126582278482,114.0639240506329,150.0,21.59607881568628,61.94148634401749,100412.83249335106,1,3.8196025,13.061775,153.81960248947144,13.061775
22.610126582278482,114.06417721518987,150.0,21.59607881568628,61.94148634401749,100412.83249335106,1,4.606041,10.589786,154.60604095458984,10.589786
22.610126582278482,114.06443037974682,150.0,21.59607881568628,61.94148634401749,100412.83249335106,1,7.328861,16.085228,157.32886123657227,16.085228
22.610126582278482,114.06468354430379,150.0,21.59607881568628,61.94148634401749,100412.83249335106,1,8.004321,13.450414,158.00432109832764,13.450414
22.610126582278482,114.06493670886076,150.0,21.59607881568628,61.94148634401749,100412.83249335106,1,12.186533,20.6448,162.18653297424316,20.6448
22.610126582278482,114.06518987341772,150.0,21.59607881568628,61.94148634401749,100412.83249335106,1,16.960266,24.304739,166.96026611328125,24.304739
22.610126582278482,114.06544303797467,150.0,21.59607881568628,61.94148634401749,100412.83249335106,1,10.176204,16.135483,160.17620372772217,16.135483
22.610126582278482,114.06569620253164,150.0,21.59607881568628,61.94148634401749,100412.83249335106,1,15.146575,21.25082,165.14657497406006,21.25082
22.610126582278482,114.0659493670886,150.0,21.59607881568628,61.94148634401749,100412.83249335106,1,10.879004,20.024416,160.87900352478027,20.024416
22.610126582278482,114.06620253164556,150.0,21.59607881568628,61.94148634401749,100412.83249335106,1,32.85125,25.382154,182.85124969482422,25.382154
22.610126582278482,114.06645569620252,150.0,21.59607881568628,61.94148634401749,100412.83249335106,1,24.343596,24.733864,174.34359550476074,24.733864
22.610126582278482,114.06670886075949,150.0,21.59607881568628,61.94148634401749,100412.83249335106,1,26.396395,29.787312,176.39639472961426,29.787312
22.610126582278482,114.06696202531644,150.0,21.59607881568628,61.94148634401749,100412.83249335106,1,22.721264,28.234636,172.72126388549805,28.234636
22.610126582278482,114.06721518987341,150.0,21.59607881568628,61.94148634401749,100412.83249335106,1,30.986208,26.892315,180.98620796203613,26.892315
22.610126582278482,114.06746835443037,150.0,21.59607881568628,61.94148634401749,100412.83249335106,1,45.36828,29.317595,195.36827850341797,29.317595
22.610126582278482,114.06772151898734,150.0,21.59607881568628,61.94148634401749,100412.83249335106,1,29.201008,30.06498,179.20100784301758,30.06498
22.610126582278482,114.06797468354429,150.0,21.59607881568628,61.94148634401749,100412.83249335106,1,34.80274,28.863628,184.80273818969727,28.863628
22.610126582278482,114.06822784810126,150.0,21.59607881568628,61.94148634401749,100412.83249335106,1,33.027878,28.765236,183.0278778076172,28.765236
22.610126582278482,114.06848101265822,150.0,21.59607881568628,61.94148634401749,100412.83249335106,1,51.295246,26.81366,201.29524612426758,26.81366
22.610126582278482,114.06873417721518,150.0,21.59607881568628,61.94148634401749,100412.83249335106,1,55.664013,31.340662,205.66401290893555,31.340662
22.610126582278482,114.06898734177214,150.0,21.59607881568628,61.94148634401749,100412.83249335106,1,50.48928,31.830082,200.4892807006836,31.830082
22.610126582278482,114.06924050632911,150.0,21.59607881568628,61.94148634401749,100412.83249335106,1,62.59764,27.60033,212.59764099121094,27.60033
22.610126582278482,114.06949367088608,150.0,21.59607881568628,61.94148634401749,100412.83249335106,1,56.053226,25.683157,206.05322647094727,25.683157
22.610126582278482,114.06974683544303,150.0,21.59607881568628,61.94148634401749,100412.83249335106,1,65.260345,25.282667,215.26034545898438,25.282667
22.610126582278482,114.07,150.0,21.59607881568628,61.94148634401749,100412.83249335106,1,70.185394,25.70874,220.18539428710938,25.70874
22.610379746835445,114.05,150.0,21.59607881568628,61.94148634401749,100412.83249335106,1,0.050765764,0.7124354,150.05076576396823,0.7124354
22.610379746835445,114.05025316455696,150.0,21.59607881568628,61.94148634401749,100412.83249335106,1,0.046367258,0.6223641,150.04636725783348,0.6223641
22.610379746835445,114.05050632911392,150.0,21.59607881568628,61.94148634401749,100412.83249335106,1,-0.060782503,0.5776211,149.93921749666333,0.5776211
22.610379746835445,114.05075949367088,150.0,21.59607881568628,61.94148634401749,100412.83249335106,1,-0.036712486,0.7506584,149.9632875137031,0.7506584
22.610379746835445,114.05101265822785,150.0,21.59607881568628,61.94148634401749,100412.83249335106,1,0.22186595,0.8972728,150.22186595201492,0.8972728
22.610379746835445,114.05126582278481,150.0,21.59607881568628,61.94148634401749,100412.83249335106,1,-0.051339325,0.6961736,149.94866067543626,0.6961736
22.610379746835445,114.05151898734177,150.0,21.59607881568628,61.94148634401749,100412.83249335106,1,0.023266204,0.75356543,150.0232662037015,0.75356543
22.610379746835445,114.05177215189873,150.0,21.59607881568628,61.94148634401749,100412.83249335106,1,0.040565647,0.8007083,150.04056564718485,0.8007083
22.610379746835445,114.0520253164557,150.0,21.59607881568628,61.94148634401749,100412.83249335106,1,-0.041466434,0.64556056,149.9585335664451,0.64556056
22.610379746835445,114.05227848101265,150.0,21.59607881568628,61.94148634401749,100412.83249335106,1,0.04735095,0.805755,150.0473509505391,0.805755
22.610379746835445,114.05253164556962,150.0,21.59607881568628,61.94148634401749,100412.83249335106,1,0.012496911,0.697291,150.01249691098928,0.697291
22.610379746835445,114.05278481012658,150.0,21.59607881568628,61.94148634401749,100412.83249335106,1,0.2223392,1.0362316,150.22233919799328,1.0362316
22.610379746835445,114.05303797468355,150.0,21.59607881568628,61.94148634401749,100412.83249335106,1,-0.13274236,0.87091446,149.86725763976574,0.87091446
22.610379746835445,114.0532911392405,150.0,21.59607881568628,61.94148634401749,100412.83249335106,1,0.1827302,0.693139,150.1827301979065,0.693139
22.610379746835445,114.05354430379747,150.0,21.59607881568628,61.94148634401749,100412.83249335106,1,-0.0050280136,0.836435,149.99497198639438,0.836435
22.610379746835445,114.05379746835443,150.0,21.59607881568628,61.94148634401749,100412.83249335106,1,-0.1392537,0.70511484,149.86074629426003,0.70511484
22.610379746835445,114.05405063291138,150.0,21.59607881568628,61.94148634401749,100412.83249335106,1,-0.17699204,0.5509601,149.8230079561472,0.5509601
22.610379746835445,114.05430379746835,150.0,21.59607881568628,61.94148634401749,100412.83249335106,1,-0.08625373,0.69964993,149.91374626755714,0.69964993
22.610379746835445,114.05455696202532,150.0,21.59607881568628,61.94148634401749,100412.83249335106,1,-0.038768332,0.721979,149.96123166754842,0.721979
22.610379746835445,114.05481012658227,150.0,21.59607881568628,61.94148634401749,100412.83249335106,1,0.0038929826,0.6563047,150.00389298261143,0.6563047
22.610379746835445,114.05506329113923,150.0,21.59607881568628,61.94148634401749,100412.83249335106,1,0.027176972,0.51517826,150.02717697247863,0.51517826
22.610379746835445,114.0553164556962,150.0,21.59607881568628,61.94148634401749,100412.83249335106,1,0.044448003,0.70004505,150.04444800317287,0.70004505
22.610379746835445,114.05556962025317,150.0,21.59607881568628,61.94148634401749,100412.83249335106,1,0.11429463,0.50782454,150.1142946332693,0.50782454
22.610379746835445,114.05582278481012,150.0,21.59607881568628,61.94148634401749,100412.83249335106,1,-0.14921072,0.70380527,149.85078927874565,0.70380527
22.610379746835445,114.05607594936708,150.0,21.59607881568628,61.94148634401749,100412.83249335106,1,-0.04778672,0.7757872,149.95221327990294,0.7757872
22.610379746835445,114.05632911392405,150.0,21.59607881568628,61.94148634401749,100412.83249335106,1,0.17764838,0.6773986,150.17764838039875,0.6773986
22.610379746835445,114.056582278481,150.0,21.59607881568628,61.94148634401749,100412.83249335106,1,0.053464405,0.56045175,150.05346440523863,0.56045175
22.610379746835445,114.05683544303797,150.0,21.59607881568628,61.94148634401749,100412.83249335106,1,0.039099988,0.7212546,150.03909998759627,0.7212546
22.610379746835445,114.05708860759493,150.0,21.59607881568628,61.94148634401749,100412.83249335106,1,-0.1035857,0.59406954,149.8964143022895,0.59406954
22.610379746835445,114.0573417721519,150.0,21.59607881568628,61.94148634401749,100412.83249335106,1,0.09352897,0.5703194,150.093528971076,0.5703194
22.610379746835445,114.05759493670885,150.0,21.59607881568628,61.94148634401749,100412.83249335106,1,-0.31864086,0.49957398,149.68135914206505,0.49957398
22.610379746835445,114.05784810126582,150.0,21.59607881568628,61.94148634401749,100412.83249335106,1,0.002063659,0.5688685,150.00206365901977,0.5688685
22.610379746835445,114.05810126582278,150.0,21.59607881568628,61.94148634401749,100412.83249335106,1,0.010295924,0.50073814,150.01029592379928,0.50073814
22.610379746835445,114.05835443037974,150.0,21.59607881568628,61.94148634401749,100412.83249335106,1,-0.07881853,0.6442085,149.92118147015572,0.6442085
22.610379746835445,114.0586075949367,150.0,21.59607881568628,61.94148634401749,100412.83249335106,1,-0.020697147,0.72348315,149.97930285334587,0.72348315
22.610379746835445,114.05886075949367,150.0,21.59607881568628,61.94148634401749,100412.83249335106,1,0.14978339,0.67780906,150.1497833877802,0.67780906
22.610379746835445,114.05911392405064,150.0,21.59607881568628,61.94148634401749,100412.83249335106,1,-0.01310214,0.6187469,149.98689785972238,0.6187469
22.610379746835445,114.05936708860759,150.0,21.59607881568628,61.94148634401749,100412.83249335106,1,0.00058507634,0.9764548,150.00058507634094,0.9764548
22.610379746835445,114.05962025316455,150.0,21.59607881568628,61.94148634401749,100412.83249335106,1,-0.052048746,0.6183475,149.94795125350356,0.6183475
22.610379746835445,114.05987341772152,150.0,21.59607881568628,61.94148634401749,100412.83249335106,1,-0.04022263,0.6293257,149.95977737009525,0.6293257
22.610379746835445,114.06012658227847,150.0,21.59607881568628,61.94148634401749,100412.83249335106,1,-0.33508834,0.5068843,149.6649116575718,0.5068843
22.610379746835445,114.06037974683544,150.0,21.59607881568628,61.94148634401749,100412.83249335106,1,0.092834115,0.67043597,150.09283411502838,0.67043597
22.610379746835445,114.0606329113924,150.0,21.59607881568628,61.94148634401749,100412.83249335106,1,0.11994043,0.7426541,150.11994042992592,0.7426541
22.610379746835445,114.06088607594936,150.0,21.59607881568628,61.94148634401749,100412.83249335106,1,-0.031142524,0.58838964,149.96885747648776,0.58838964
22.610379746835445,114.06113924050632,150.0,21.59607881568628,61.94148634401749,100412.83249335106,1,0.26779744,0.820523,150.26779744029045,0.820523
22.610379746835445,114.06139240506329,150.0,21.59607881568628,61.94148634401749,100412.83249335106,1,0.37892509,1.8338218,150.37892508506775,1.8338218
22.610379746835445,114.06164556962025,150.0,21.59607881568628,61.94148634401749,100412.83249335106,1,-0.018164232,0.70759153,149.98183576762676,0.70759153
22.610379746835445,114.0618987341772,150.0,21.59607881568628,61.94148634401749,100412.83249335106,1,-0.14778736,0.93035734,149.8522126376629,0.93035734
22.610379746835445,114.06215189873417,150.0,21.59607881568628,61.94148634401749,100412.83249335106,1,-0.07540204,0.93138343,149.92459796369076,0.93138343
22.610379746835445,114.06240506329114,150.0,21.59607881568628,61.94148634401749,100412.83249335106,1,0.0066143284,0.742236,150.00661432836205,0.742236
22.610379746835445,114.06265822784809,150.0,21.59607881568628,61.94148634401749,100412.83249335106,1,0.3809445,2.5333834,150.38094449043274,2.5333834
22.610379746835445,114.06291139240506,150.0,21.59607881568628,61.94148634401749,100412.83249335106,1,0.9289788,4.1770554,150.92897880077362,4.1770554
22.610379746835445,114.06316455696202,150.0,21.59607881568628,61.94148634401749,100412.83249335106,1,2.4026172,6.267431,152.40261721611023,6.267431
22.610379746835445,114.06341772151899,150.0,21.59607881568628,61.94148634401749,100412.83249335106,1,3.5498426,9.271786,153.54984259605408,9.271786
22.610379746835445,114.06367088607594,150.0,21.59607881568628,61.94148634401749,100412.83249335106,1,2.8679702,8.08385,152.8679702281952,8.08385
22.610379746835445,114.0639240506329,150.0,21.59607881568628,61.94148634401749,100412.83249335106,1,3.7258272,10.041008,153.72582721710205,10.041008
22.610379746835445,114.06417721518987,150.0,21.59607881568628,61.94148634401749,100412.83249335106,1,2.0157783,7.4558883,152.01577830314636,7.4558883
22.610379746835445,114.06443037974682,150.0,21.59607881568628,61.94148634401749,100412.83249335106,1,3.5704372,11.625944,153.57043719291687,11.625944
22.610379746835445,114.06468354430379,150.0,21.59607881568628,61.94148634401749,100412.83249335106,1,10.069827,19.580791,160.06982707977295,19.580791
22.610379746835445,114.06493670886076,150.0,21.59607881568628,61.94148634401749,100412.83249335106,1,11.059241,18.38472,161.05924129486084,18.38472
22.610379746835445,114.06518987341772,150.0,21.59607881568628,61.94148634401749,100412.83249335106,1,10.692551,20.095379,160.6925506591797,20.095379
22.610379746835445,114.06544303797467,150.0,21.59607881568628,61.94148634401749,100412.83249335106,1,12.426963,23.947847,162.42696285247803,23.947847
22.610379746835445,114.06569620253164,150.0,21.59607881568628,61.94148634401749,100412.83249335106,1,4.7831526,12.080079,154.78315258026123,12.080079
22.610379746835445,114.0659493670886,150.0,21.59607881568628,61.94148634401749,100412.83249335106,1,15.752637,21.504166,165.75263690948486,21.504166
22.610379746835445,114.06620253164556,150.0,21.59607881568628,61.94148634401749,100412.83249335106,1,14.828465,26.053064,164.82846546173096,26.053064
22.610379746835445,114.06645569620252,150.0,21.59607881568628,61.94148634401749,100412.83249335106,1,23.466133,30.573519,173.46613311767578,30.573519
22.610379746835445,114.06670886075949,150.0,21.59607881568628,61.94148634401749,100412.83249335106,1,17.304157,25.316772,167.30415725708008,25.316772
22.610379746835445,114.06696202531644,150.0,21.59607881568628,61.94148634401749,100412.83249335106,1,19.011736,24.504364,169.0117359161377,24.504364
22.610379746835445,114.06721518987341,150.0,21.59607881568628,61.94148634401749,100412.83249335106,1,26.597092,26.445662,176.5970916748047,26.445662
22.610379746835445,114.06746835443037,150.0,21.59607881568628,61.94148634401749,100412.83249335106,1,36.518738,29.975285,186.51873779296875,29.975285
22.610379746835445,114.06772151898734,150.0,21.59607881568628,61.94148634401749,100412.83249335106,1,36.011513,28.574537,186.01151275634766,28.574537
22.610379746835445,114.06797468354429,150.0,21.59607881568628,61.94148634401749,100412.83249335106,1,47.130672,31.120539,197.13067245483398,31.120539
22.610379746835445,114.06822784810126,150.0,21.59607881568628,61.94148634401749,100412.83249335106,1,30.562853,29.578823,180.56285285949707,29.578823
22.610379746835445,114.06848101265822,150.0,21.59607881568628,61.94148634401749,100412.83249335106,1,61.667763,25.774246,211.66776275634766,25.774246
22.610379746835445,114.06873417721518,150.0,21.59607881568628,61.94148634401749,100412.83249335106,1,45.17191,33.686306,195.1719093322754,33.686306
22.610379746835445,114.06898734177214,150.0,21.59607881568628,61.94148634401749,100412.83249335106,1,50.306828,29.902706,200.30682754516602,29.902706
22.610379746835445,114.06924050632911,150.0,21.59607881568628,61.94148634401749,100412.83249335106,1,52.158886,30.117065,202.15888595581055,30.117065
22.610379746835445,114.06949367088608,150.0,21.59607881568628,61.94148634401749,100412.83249335106,1,61.0096,30.290321,211.00960159301758,30.290321
22.610379746835445,114.06974683544303,150.0,21.59607881568628,61.94148634401749,100412.83249335106,1,68.72913,25.640692,218.72913360595703,25.640692
22.610379746835445,114.07,150.0,21.59607881568628,61.94148634401749,100412.83249335106,1,56.876614,32.488945,206.87661361694336,32.488945
22.610632911392408,114.05,150.0,21.59607881568628,61.94148634401749,100412.83249335106,1,-0.20524254,0.671421,149.7947574555874,0.671421
22.610632911392408,114.05025316455696,150.0,21.59607881568628,61.94148634401749,100412.83249335106,1,0.018352335,0.5287381,150.01835233531892,0.5287381
22.610632911392408,114.05050632911392,150.0,21.59607881568628,61.94148634401749,100412.83249335106,1,0.47799495,0.92699754,150.47799494862556,0.92699754
22.610632911392408,114.05075949367088,150.0,21.59607881568628,61.94148634401749,100412.83249335106,1,-0.29378146,0.5735908,149.7062185406685,0.5735908
22.610632911392408,114.05101265822785,150.0,21.59607881568628,61.94148634401749,100412.83249335106,1,-0.095899075,0.53296626,149.9041009247303,0.53296626
22.610632911392408,114.05126582278481,150.0,21.59607881568628,61.94148634401749,100412.83249335106,1,-0.071425766,0.74194765,149.9285742342472,0.74194765
22.610632911392408,114.05151898734177,150.0,21.59607881568628,61.94148634401749,100412.83249335106,1,0.07392132,0.68049043,150.07392132282257,0.68049043
22.610632911392408,114.05177215189873,150.0,21.59607881568628,61.94148634401749,100412.83249335106,1,0.0416714,0.836124,150.0416713990271,0.836124
22.610632911392408,114.0520253164557,150.0,21.59607881568628,61.94148634401749,100412.83249335106,1,0.027754301,0.5263784,150.02775430120528,0.5263784
22.610632911392408,114.05227848101265,150.0,21.59607881568628,61.94148634401749,100412.83249335106,1,0.0547429,0.48365256,150.05474289879203,0.48365256
22.610632911392408,114.05253164556962,150.0,21.59607881568628,61.94148634401749,100412.83249335106,1,0.009776601,0.604502,150.00977660063654,0.604502
22.610632911392408,114.05278481012658,150.0,21.59607881568628,61.94148634401749,100412.83249335106,1,0.031891886,0.67968136,150.03189188614488,0.67968136
22.610632911392408,114.05303797468355,150.0,21.59607881568628,61.94148634401749,100412.83249335106,1,-0.16663224,0.4842356,149.8333677649498,0.4842356
22.610632911392408,114.0532911392405,150.0,21.59607881568628,61.94148634401749,100412.83249335106,1,0.17557625,0.84214514,150.17557625472546,0.84214514
22.610632911392408,114.05354430379747,150.0,21.59607881568628,61.94148634401749,100412.83249335106,1,0.050891757,0.6050981,150.0508917570114,0.6050981
22.610632911392408,114.05379746835443,150.0,21.59607881568628,61.94148634401749,100412.83249335106,1,-0.21859378,0.58792806,149.78140622377396,0.58792806
22.610632911392408,114.05405063291138,150.0,21.59607881568628,61.94148634401749,100412.83249335106,1,-0.07175065,0.58903015,149.92824935168028,0.58903015
22.610632911392408,114.05430379746835,150.0,21.59607881568628,61.94148634401749,100412.83249335106,1,-0.23326884,0.4688762,149.7667311578989,0.4688762
22.610632911392408,114.05455696202532,150.0,21.59607881568628,61.94148634401749,100412.83249335106,1,0.022911193,0.59897536,150.02291119284928,0.59897536
22.610632911392408,114.05481012658227,150.0,21.59607881568628,61.94148634401749,100412.83249335106,1,0.012282864,0.69615346,150.01228286419064,0.69615346
22.610632911392408,114.05506329113923,150.0,21.59607881568628,61.94148634401749,100412.83249335106,1,-0.13745797,0.7549955,149.8625420331955,0.7549955
22.610632911392408,114.0553164556962,150.0,21.59607881568628,61.94148634401749,100412.83249335106,1,0.13358602,0.65966624,150.13358601927757,0.65966624
22.610632911392408,114.05556962025317,150.0,21.59607881568628,61.94148634401749,100412.83249335106,1,-0.11237078,0.4979358,149.88762921839952,0.4979358
22.610632911392408,114.05582278481012,150.0,21.59607881568628,61.94148634401749,100412.83249335106,1,-0.13101794,0.67359126,149.86898206174374,0.67359126
22.610632911392408,114.05607594936708,150.0,21.59607881568628,61.94148634401749,100412.83249335106,1,-0.0032431039,0.50482017,149.99675689614378,0.50482017
22.610632911392408,114.05632911392405,150.0,21.59607881568628,61.94148634401749,100412.83249335106,1,-0.122196704,0.6433403,149.87780329585075,0.6433403
22.610632911392408,114.056582278481,150.0,21.59607881568628,61.94148634401749,100412.83249335106,1,0.10243713,0.60443455,150.10243713110685,0.60443455
22.610632911392408,114.05683544303797,150.0,21.59607881568628,61.94148634401749,100412.83249335106,1,-0.11880699,0.6263883,149.88119301199913,0.6263883
22.610632911392408,114.05708860759493,150.0,21.59607881568628,61.94148634401749,100412.83249335106,1,0.009966198,0.68455756,150.00996619835496,0.68455756
22.610632911392408,114.0573417721519,150.0,21.59607881568628,61.94148634401749,100412.83249335106,1,-0.009001178,0.5316829,149.99099882226437,0.5316829
22.610632911392408,114.05759493670885,150.0,21.59607881568628,61.94148634401749,100412.83249335106,1,-0.05815172,0.65898675,149.94184828177094,0.65898675
22.610632911392408,114.05784810126582,150.0,21.59607881568628,61.94148634401749,100412.83249335106,1,-0.10715271,0.46939617,149.89284729212523,0.46939617
22.610632911392408,114.05810126582278,150.0,21.59607881568628,61.94148634401749,100412.83249335106,1,0.20176533,0.61884373,150.2017653286457,0.61884373
22.610632911392408,114.05835443037974,150.0,21.59607881568628,61.94148634401749,100412.83249335106,1,-0.11656662,0.4777767,149.88343337923288,0.4777767
22.610632911392408,114.0586075949367,150.0,21.59607881568628,61.94148634401749,100412.83249335106,1,0.13402206,0.5695099,150.13402205705643,0.5695099
22.610632911392408,114.05886075949367,150.0,21.59607881568628,61.94148634401749,100412.83249335106,1,-0.15234917,0.7185608,149.84765082597733,0.7185608
22.610632911392408,114.05911392405064,150.0,21.59607881568628,61.94148634401749,100412.83249335106,1,-0.013955786,0.6577436,149.9860442141071,0.6577436
22.610632911392408,114.05936708860759,150.0,21.59607881568628,61.94148634401749,100412.83249335106,1,0.13452138,1.06623,150.13452138006687,1.06623
22.610632911392408,114.05962025316455,150.0,21.59607881568628,61.94148634401749,100412.83249335106,1,-0.0473191,0.510812,149.95268090069294,0.510812
22.610632911392408,114.05987341772152,150.0,21.59607881568628,61.94148634401749,100412.83249335106,1,-0.10309224,0.564477,149.896907761693,0.564477
22.610632911392408,114.06012658227847,150.0,21.59607881568628,61.94148634401749,100412.83249335106,1,-0.049952347,0.53776383,149.95004765316844,0.53776383
22.610632911392408,114.06037974683544,150.0,21.59607881568628,61.94148634401749,100412.83249335106,1,0.14650807,1.0865241,150.1465080678463,1.0865241
22.610632911392408,114.0606329113924,150.0,21.59607881568628,61.94148634401749,100412.83249335106,1,0.027354792,0.7785973,150.02735479176044,0.7785973
22.610632911392408,114.06088607594936,150.0,21.59607881568628,61.94148634401749,100412.83249335106,1,-0.16548441,0.85366046,149.8345155864954,0.85366046
22.610632911392408,114.06113924050632,150.0,21.59607881568628,61.94148634401749,100412.83249335106,1,0.26259935,1.1226518,150.2625993490219,1.1226518
22.610632911392408,114.06139240506329,150.0,21.59607881568628,61.94148634401749,100412.83249335106,1,0.46440625,3.506643,150.46440625190735,3.506643
22.610632911392408,114.06164556962025,150.0,21.59607881568628,61.94148634401749,100412.83249335106,1,0.68449783,2.3667605,150.68449783325195,2.3667605
22.610632911392408,114.0618987341772,150.0,21.59607881568628,61.94148634401749,100412.83249335106,1,-0.3811221,0.5928412,149.61887788772583,0.5928412
22.610632911392408,114.06215189873417,150.0,21.59607881568628,61.94148634401749,100412.83249335106,1,-0.021628119,0.9259192,149.97837188094854,0.9259192
22.610632911392408,114.06240506329114,150.0,21.59607881568628,61.94148634401749,100412.83249335106,1,1.1853622,5.852204,151.1853622198105,5.852204
22.610632911392408,114.06265822784809,150.0,21.59607881568628,61.94148634401749,100412.83249335106,1,0.44080675,1.9937025,150.44080674648285,1.9937025
22.610632911392408,114.06291139240506,150.0,21.59607881568628,61.94148634401749,100412.83249335106,1,1.7612474,8.132931,151.76124739646912,8.132931
22.610632911392408,114.06316455696202,150.0,21.59607881568628,61.94148634401749,100412.83249335106,1,1.0153674,5.158108,151.01536738872528,5.158108
22.610632911392408,114.06341772151899,150.0,21.59607881568628,61.94148634401749,100412.83249335106,1,0.24431488,2.5323021,150.244314879179,2.5323021
22.610632911392408,114.06367088607594,150.0,21.59607881568628,61.94148634401749,100412.83249335106,1,2.16811,8.176525,152.16810989379883,8.176525
22.610632911392408,114.0639240506329,150.0,21.59607881568628,61.94148634401749,100412.83249335106,1,3.1987767,9.284427,153.19877672195435,9.284427
22.610632911392408,114.06417721518987,150.0,21.59607881568628,61.94148634401749,100412.83249335106,1,3.5980387,14.677697,153.59803867340088,14.677697
22.610632911392408,114.06443037974682,150.0,21.59607881568628,61.94148634401749,100412.83249335106,1,4.445595,13.794756,154.44559478759766,13.794756
22.610632911392408,114.06468354430379,150.0,21.59607881568628,61.94148634401749,100412.83249335106,1,2.2031226,7.950206,152.2031226158142,7.950206
22.610632911392408,114.06493670886076,150.0,21.59607881568628,61.94148634401749,100412.83249335106,1,2.2388427,10.397948,152.23884272575378,10.397948
22.610632911392408,114.06518987341772,150.0,21.59607881568628,61.94148634401749,100412.83249335106,1,8.709919,15.190433,158.70991897583008,15.190433
22.610632911392408,114.06544303797467,150.0,21.59607881568628,61.94148634401749,100412.83249335106,1,9.078204,19.128166,159.07820415496826,19.128166
22.610632911392408,114.06569620253164,150.0,21.59607881568628,61.94148634401749,100412.83249335106,1,4.914454,11.660423,154.91445398330688,11.660423
22.610632911392408,114.0659493670886,150.0,21.59607881568628,61.94148634401749,100412.83249335106,1,16.679829,19.923344,166.67982864379883,19.923344
22.610632911392408,114.06620253164556,150.0,21.59607881568628,61.94148634401749,100412.83249335106,1,18.200022,24.747278,168.2000217437744,24.747278
22.610632911392408,114.06645569620252,150.0,21.59607881568628,61.94148634401749,100412.83249335106,1,18.393393,21.728802,168.3933925628662,21.728802
22.610632911392408,114.06670886075949,150.0,21.59607881568628,61.94148634401749,100412.83249335106,1,18.40352,24.835464,168.40352058410645,24.835464
22.610632911392408,114.06696202531644,150.0,21.59607881568628,61.94148634401749,100412.83249335106,1,29.0349,31.940506,179.0349006652832,31.940506
22.610632911392408,114.06721518987341,150.0,21.59607881568628,61.94148634401749,100412.83249335106,1,27.973152,30.607227,177.97315216064453,30.607227
22.610632911392408,114.06746835443037,150.0,21.59607881568628,61.94148634401749,100412.83249335106,1,32.019016,26.881992,182.01901626586914,26.881992
22.610632911392408,114.06772151898734,150.0,21.59607881568628,61.94148634401749,100412.83249335106,1,38.49646,29.89197,188.4964599609375,29.89197
22.610632911392408,114.06797468354429,150.0,21.59607881568628,61.94148634401749,100412.83249335106,1,26.141975,29.025774,176.14197540283203,29.025774
22.610632911392408,114.06822784810126,150.0,21.59607881568628,61.94148634401749,100412.83249335106,1,47.925674,30.007553,197.92567443847656,30.007553
22.610632911392408,114.06848101265822,150.0,21.59607881568628,61.94148634401749,100412.83249335106,1,41.527184,33.95908,191.52718353271484,33.95908
22.610632911392408,114.06873417721518,150.0,21.59607881568628,61.94148634401749,100412.83249335106,1,40.45332,32.53611,190.45331954956055,32.53611
22.610632911392408,114.06898734177214,150.0,21.59607881568628,61.94148634401749,100412.83249335106,1,40.051758,29.507593,190.0517578125,29.507593
22.610632911392408,114.06924050632911,150.0,21.59607881568628,61.94148634401749,100412.83249335106,1,40.089085,35.02011,190.08908462524414,35.02011
22.610632911392408,114.06949367088608,150.0,21.59607881568628,61.94148634401749,100412.83249335106,1,61.062504,24.036598,211.06250381469727,24.036598
22.610632911392408,114.06974683544303,150.0,21.59607881568628,61.94148634401749,100412.83249335106,1,54.064323,29.357595,204.06432342529297,29.357595
22.610632911392408,114.07,150.0,21.59607881568628,61.94148634401749,100412.83249335106,1,64.87467,31.946968,214.87467193603516,31.946968
22.610886075949367,114.05,150.0,21.59607881568628,61.94148634401749,100412.83249335106,1,-0.032586377,0.41896194,149.96741362288594,0.41896194
22.610886075949367,114.05025316455696,150.0,21.59607881568628,61.94148634401749,100412.83249335106,1,-0.21285875,0.62204903,149.7871412485838,0.62204903
22.610886075949367,114.05050632911392,150.0,21.59607881568628,61.94148634401749,100412.83249335106,1,-0.082051255,0.55608356,149.9179487451911,0.55608356
22.610886075949367,114.05075949367088,150.0,21.59607881568628,61.94148634401749,100412.83249335106,1,-0.017899925,0.6103533,149.9821000751108,0.6103533
22.610886075949367,114.05101265822785,150.0,21.59607881568628,61.94148634401749,100412.83249335106,1,0.043931637,0.73116475,150.04393163695931,0.73116475
22.610886075949367,114.05126582278481,150.0,21.59607881568628,61.94148634401749,100412.83249335106,1,-0.026897023,0.68808,149.97310297749937,0.68808
22.610886075949367,114.05151898734177,150.0,21.59607881568628,61.94148634401749,100412.83249335106,1,-0.016643483,0.6859665,149.98335651680827,0.6859665
22.610886075949367,114.05177215189873,150.0,21.59607881568628,61.94148634401749,100412.83249335106,1,-0.07259376,0.4961819,149.92740623652935,0.4961819
22.610886075949367,114.0520253164557,150.0,21.59607881568628,61.94148634401749,100412.83249335106,1,-0.019880785,0.6310056,149.98011921532452,0.6310056
22.610886075949367,114.05227848101265,150.0,21.59607881568628,61.94148634401749,100412.83249335106,1,0.18363823,0.65276617,150.18363822996616,0.65276617
22.610886075949367,114.05253164556962,150.0,21.59607881568628,61.94148634401749,100412.83249335106,1,-0.16571335,0.49319813,149.83428664505482,0.49319813
22.610886075949367,114.05278481012658,150.0,21.59607881568628,61.94148634401749,100412.83249335106,1,-0.2215463,0.6528735,149.77845369279385,0.6528735
22.610886075949367,114.05303797468355,150.0,21.59607881568628,61.94148634401749,100412.83249335106,1,-0.31382746,0.7475649,149.6861725449562,0.7475649
22.610886075949367,114.0532911392405,150.0,21.59607881568628,61.94148634401749,100412.83249335106,1,0.005991468,0.7493427,150.00599146820605,0.7493427
22.610886075949367,114.05354430379747,150.0,21.59607881568628,61.94148634401749,100412.83249335106,1,0.030643912,0.5692837,150.03064391203225,0.5692837
22.610886075949367,114.05379746835443,150.0,21.59607881568628,61.94148634401749,100412.83249335106,1,-0.10682139,0.6398179,149.8931786119938,0.6398179
22.610886075949367,114.05405063291138,150.0,21.59607881568628,61.94148634401749,100412.83249335106,1,-0.045366295,0.58281416,149.95463370531797,0.58281416
22.610886075949367,114.05430379746835,150.0,21.59607881568628,61.94148634401749,100412.83249335106,1,0.06374338,0.6712055,150.06374338269234,0.6712055
22.610886075949367,114.05455696202532,150.0,21.59607881568628,61.94148634401749,100412.83249335106,1,-0.023363763,0.5394225,149.97663623653352,0.5394225
22.610886075949367,114.05481012658227,150.0,21.59607881568628,61.94148634401749,100412.83249335106,1,-0.035602193,0.71254694,149.96439780667424,0.71254694
22.610886075949367,114.05506329113923,150.0,21.59607881568628,61.94148634401749,100412.83249335106,1,0.08317736,0.68237025,150.08317735791206,0.68237025
22.610886075949367,114.0553164556962,150.0,21.59607881568628,61.94148634401749,100412.83249335106,1,0.094797306,0.6935632,150.09479730576277,0.6935632
22.610886075949367,114.05556962025317,150.0,21.59607881568628,61.94148634401749,100412.83249335106,1,0.04513502,0.48838887,150.04513502120972,0.48838887
22.610886075949367,114.05582278481012,150.0,21.59607881568628,61.94148634401749,100412.83249335106,1,-0.13552281,0.4728737,149.8644771873951,0.4728737
22.610886075949367,114.05607594936708,150.0,21.59607881568628,61.94148634401749,100412.83249335106,1,-0.055968925,0.51268363,149.94403107464314,0.51268363
22.610886075949367,114.05632911392405,150.0,21.59607881568628,61.94148634401749,100412.83249335106,1,0.040217068,0.58573,150.04021706804633,0.58573
22.610886075949367,114.056582278481,150.0,21.59607881568628,61.94148634401749,100412.83249335106,1,0.045740563,0.43804488,150.04574056342244,0.43804488
22.610886075949367,114.05683544303797,150.0,21.59607881568628,61.94148634401749,100412.83249335106,1,0.003863962,0.6921614,150.00386396190152,0.6921614
22.610886075949367,114.05708860759493,150.0,21.59607881568628,61.94148634401749,100412.83249335106,1,0.034789387,0.6530848,150.0347893871367,0.6530848
22.610886075949367,114.0573417721519,150.0,21.59607881568628,61.94148634401749,100412.83249335106,1,-0.2320513,0.49457365,149.76794870197773,0.49457365
22.610886075949367,114.05759493670885,150.0,21.59607881568628,61.94148634401749,100412.83249335106,1,-0.078227796,0.5717125,149.9217722043395,0.5717125
22.610886075949367,114.05784810126582,150.0,21.59607881568628,61.94148634401749,100412.83249335106,1,0.012022243,0.6079334,150.01202224288136,0.6079334
22.610886075949367,114.05810126582278,150.0,21.59607881568628,61.94148634401749,100412.83249335106,1,-0.16279289,0.6762842,149.83720710873604,0.6762842
22.610886075949367,114.05835443037974,150.0,21.59607881568628,61.94148634401749,100412.83249335106,1,-0.14371468,0.58467233,149.85628531873226,0.58467233
22.610886075949367,114.0586075949367,150.0,21.59607881568628,61.94148634401749,100412.83249335106,1,-0.28238606,0.83216596,149.71761393547058,0.83216596
22.610886075949367,114.05886075949367,150.0,21.59607881568628,61.94148634401749,100412.83249335106,1,0.011679831,0.69667053,150.01167983096093,0.69667053
22.610886075949367,114.05911392405064,150.0,21.59607881568628,61.94148634401749,100412.83249335106,1,-0.048474405,0.6402563,149.95152559503913,0.6402563
22.610886075949367,114.05936708860759,150.0,21.59607881568628,61.94148634401749,100412.83249335106,1,-0.09470726,0.52323985,149.90529274195433,0.52323985
22.610886075949367,114.05962025316455,150.0,21.59607881568628,61.94148634401749,100412.83249335106,1,-0.18284026,0.52872074,149.81715974211693,0.52872074
22.610886075949367,114.05987341772152,150.0,21.59607881568628,61.94148634401749,100412.83249335106,1,-0.06514127,0.56629586,149.9348587319255,0.56629586
22.610886075949367,114.06012658227847,150.0,21.59607881568628,61.94148634401749,100412.83249335106,1,-0.17113817,0.7103163,149.8288618326187,0.7103163
22.610886075949367,114.06037974683544,150.0,21.59607881568628,61.94148634401749,100412.83249335106,1,-0.046947926,0.7021676,149.95305207371712,0.7021676
22.610886075949367,114.0606329113924,150.0,21.59607881568628,61.94148634401749,100412.83249335106,1,-0.06281067,0.63867927,149.93718933314085,0.63867927
22.610886075949367,114.06088607594936,150.0,21.59607881568628,61.94148634401749,100412.83249335106,1,-0.08386196,0.6378539,149.9161380380392,0.6378539
22.610886075949367,114.06113924050632,150.0,21.59607881568628,61.94148634401749,100412.83249335106,1,-0.26359996,0.56761324,149.73640003800392,0.56761324
22.610886075949367,114.06139240506329,150.0,21.59607881568628,61.94148634401749,100412.83249335106,1,0.08235197,1.3184264,150.08235196769238,1.3184264
22.610886075949367,114.06164556962025,150.0,21.59607881568628,61.94148634401749,100412.83249335106,1,-0.0037580216,1.0868359,149.99624197836965,1.0868359
22.610886075949367,114.0618987341772,150.0,21.59607881568628,61.94148634401749,100412.83249335106,1,-0.0025241815,1.6477168,149.99747581849806,1.6477168
22.610886075949367,114.06215189873417,150.0,21.59607881568628,61.94148634401749,100412.83249335106,1,-0.18345888,0.7437614,149.81654112040997,0.7437614
22.610886075949367,114.06240506329114,150.0,21.59607881568628,61.94148634401749,100412.83249335106,1,-0.12390156,0.84299666,149.8760984390974,0.84299666
22.610886075949367,114.06265822784809,150.0,21.59607881568628,61.94148634401749,100412.83249335106,1,0.3445272,3.563045,150.34452721476555,3.563045
22.610886075949367,114.06291139240506,150.0,21.59607881568628,61.94148634401749,100412.83249335106,1,0.7599887,4.4422045,150.7599887251854,4.4422045
22.610886075949367,114.06316455696202,150.0,21.59607881568628,61.94148634401749,100412.83249335106,1,0.60451365,2.3672605,150.60451364517212,2.3672605
22.610886075949367,114.06341772151899,150.0,21.59607881568628,61.94148634401749,100412.83249335106,1,3.1449373,8.731298,153.1449372768402,8.731298
22.610886075949367,114.06367088607594,150.0,21.59607881568628,61.94148634401749,100412.83249335106,1,-0.13232252,1.90949,149.86767747998238,1.90949
22.610886075949367,114.0639240506329,150.0,21.59607881568628,61.94148634401749,100412.83249335106,1,2.470037,9.542023,152.47003698349,9.542023
22.610886075949367,114.06417721518987,150.0,21.59607881568628,61.94148634401749,100412.83249335106,1,2.5372243,9.500083,152.53722429275513,9.500083
22.610886075949367,114.06443037974682,150.0,21.59607881568628,61.94148634401749,100412.83249335106,1,2.4304423,6.9136868,152.43044233322144,6.9136868
22.610886075949367,114.06468354430379,150.0,21.59607881568628,61.94148634401749,100412.83249335106,1,1.0291678,7.6033874,151.02916777133942,7.6033874
22.610886075949367,114.06493670886076,150.0,21.59607881568628,61.94148634401749,100412.83249335106,1,10.003303,16.717379,160.00330257415771,16.717379
22.610886075949367,114.06518987341772,150.0,21.59607881568628,61.94148634401749,100412.83249335106,1,9.994033,19.62549,159.99403285980225,19.62549
22.610886075949367,114.06544303797467,150.0,21.59607881568628,61.94148634401749,100412.83249335106,1,4.799671,14.273731,154.7996711730957,14.273731
22.610886075949367,114.06569620253164,150.0,21.59607881568628,61.94148634401749,100412.83249335106,1,15.056652,22.199406,165.0566520690918,22.199406
22.610886075949367,114.0659493670886,150.0,21.59607881568628,61.94148634401749,100412.83249335106,1,10.688759,23.301186,160.68875885009766,23.301186
22.610886075949367,114.06620253164556,150.0,21.59607881568628,61.94148634401749,100412.83249335106,1,15.664047,26.240126,165.66404724121094,26.240126
22.610886075949367,114.06645569620252,150.0,21.59607881568628,61.94148634401749,100412.83249335106,1,11.611345,23.444267,161.6113452911377,23.444267
22.610886075949367,114.06670886075949,150.0,21.59607881568628,61.94148634401749,100412.83249335106,1,23.3233,21.010624,173.32329940795898,21.010624
22.610886075949367,114.06696202531644,150.0,21.59607881568628,61.94148634401749,100412.83249335106,1,17.489008,21.587418,167.4890079498291,21.587418
22.610886075949367,114.06721518987341,150.0,21.59607881568628,61.94148634401749,100412.83249335106,1,17.784124,23.01881,167.78412437438965,23.01881
22.610886075949367,114.06746835443037,150.0,21.59607881568628,61.94148634401749,100412.83249335106,1,27.055471,28.559174,177.0554714202881,28.559174
22.610886075949367,114.06772151898734,150.0,21.59607881568628,61.94148634401749,100412.83249335106,1,19.082188,27.778658,169.0821876525879,27.778658
22.610886075949367,114.06797468354429,150.0,21.59607881568628,61.94148634401749,100412.83249335106,1,32.263294,27.662102,182.2632942199707,27.662102
22.610886075949367,114.06822784810126,150.0,21.59607881568628,61.94148634401749,100412.83249335106,1,32.216347,30.803104,182.21634674072266,30.803104
22.610886075949367,114.06848101265822,150.0,21.59607881568628,61.94148634401749,100412.83249335106,1,27.27081,27.229227,177.27080917358398,27.229227
22.610886075949367,114.06873417721518,150.0,21.59607881568628,61.94148634401749,100412.83249335106,1,33.302143,28.542412,183.30214309692383,28.542412
22.610886075949367,114.06898734177214,150.0,21.59607881568628,61.94148634401749,100412.83249335106,1,32.676178,26.843628,182.67617797851562,26.843628
22.610886075949367,114.06924050632911,150.0,21.59607881568628,61.94148634401749,100412.83249335106,1,49.092934,25.689585,199.09293365478516,25.689585
22.610886075949367,114.06949367088608,150.0,21.59607881568628,61.94148634401749,100412.83249335106,1,36.766685,31.577383,186.76668548583984,31.577383
22.610886075949367,114.06974683544303,150.0,21.59607881568628,61.94148634401749,100412.83249335106,1,57.653107,27.278507,207.65310668945312,27.278507
22.610886075949367,114.07,150.0,21.59607881568628,61.94148634401749,100412.83249335106,1,47.87918,30.78928,197.87918090820312,30.78928
22.61113924050633,114.05,150.0,21.59607881568628,61.94148634401749,100412.83249335106,1,-0.17263603,0.48159263,149.8273639678955,0.48159263
22.61113924050633,114.05025316455696,150.0,21.59607881568628,61.94148634401749,100412.83249335106,1,-0.13163051,0.7011286,149.86836948990822,0.7011286
22.61113924050633,114.05050632911392,150.0,21.59607881568628,61.94148634401749,100412.83249335106,1,-0.077341266,0.6057596,149.92265873402357,0.6057596
22.61113924050633,114.05075949367088,150.0,21.59607881568628,61.94148634401749,100412.83249335106,1,-0.046331704,0.6578685,149.95366829633713,0.6578685
22.61113924050633,114.05101265822785,150.0,21.59607881568628,61.94148634401749,100412.83249335106,1,0.00083459495,0.82387894,150.00083459494635,0.82387894
22.61113924050633,114.05126582278481,150.0,21.59607881568628,61.94148634401749,100412.83249335106,1,-0.06858333,0.84033597,149.93141666799784,0.84033597
22.61113924050633,114.05151898734177,150.0,21.59607881568628,61.94148634401749,100412.83249335106,1,-0.068173595,0.50608265,149.93182640522718,0.50608265
22.61113924050633,114.05177215189873,150.0,21.59607881568628,61.94148634401749,100412.83249335106,1,0.09248972,0.46691722,150.09248971939087,0.46691722
22.61113924050633,114.0520253164557,150.0,21.59607881568628,61.94148634401749,100412.83249335106,1,-0.08085191,0.5432728,149.91914808750153,0.5432728
22.61113924050633,114.05227848101265,150.0,21.59607881568628,61.94148634401749,100412.83249335106,1,-0.2678337,0.6485341,149.7321662902832,0.6485341
22.61113924050633,114.05253164556962,150.0,21.59607881568628,61.94148634401749,100412.83249335106,1,-0.16355811,0.5954786,149.83644188940525,0.5954786
22.61113924050633,114.05278481012658,150.0,21.59607881568628,61.94148634401749,100412.83249335106,1,0.02532047,0.62550235,150.0253204703331,0.62550235
22.61113924050633,114.05303797468355,150.0,21.59607881568628,61.94148634401749,100412.83249335106,1,-0.078257546,0.49917033,149.92174245417118,0.49917033
22.61113924050633,114.0532911392405,150.0,21.59607881568628,61.94148634401749,100412.83249335106,1,0.13102613,0.50806653,150.13102613389492,0.50806653
22.61113924050633,114.05354430379747,150.0,21.59607881568628,61.94148634401749,100412.83249335106,1,-0.07523491,0.63999695,149.92476508766413,0.63999695
22.61113924050633,114.05379746835443,150.0,21.59607881568628,61.94148634401749,100412.83249335106,1,-0.053352386,0.4840395,149.94664761424065,0.4840395
22.61113924050633,114.05405063291138,150.0,21.59607881568628,61.94148634401749,100412.83249335106,1,0.007908127,0.5389781,150.00790812727064,0.5389781
22.61113924050633,114.05430379746835,150.0,21.59607881568628,61.94148634401749,100412.83249335106,1,0.06608715,0.53254634,150.06608714908361,0.53254634
22.61113924050633,114.05455696202532,150.0,21.59607881568628,61.94148634401749,100412.83249335106,1,0.16040176,0.6620665,150.16040176153183,0.6620665
22.61113924050633,114.05481012658227,150.0,21.59607881568628,61.94148634401749,100412.83249335106,1,-0.081188254,0.5061399,149.91881174594164,0.5061399
22.61113924050633,114.05506329113923,150.0,21.59607881568628,61.94148634401749,100412.83249335106,1,-0.063893646,0.5682551,149.93610635399818,0.5682551
22.61113924050633,114.0553164556962,150.0,21.59607881568628,61.94148634401749,100412.83249335106,1,-0.008482963,0.58239174,149.99151703715324,0.58239174
22.61113924050633,114.05556962025317,150.0,21.59607881568628,61.94148634401749,100412.83249335106,1,-0.05551547,0.6493678,149.94448452815413,0.6493678
22.61113924050633,114.05582278481012,150.0,21.59607881568628,61.94148634401749,100412.83249335106,1,0.037344653,0.64779335,150.03734465315938,0.64779335
22.61113924050633,114.05607594936708,150.0,21.59607881568628,61.94148634401749,100412.83249335106,1,-0.026104623,0.5709754,149.97389537654817,0.5709754
22.61113924050633,114.05632911392405,150.0,21.59607881568628,61.94148634401749,100412.83249335106,1,0.008201456,0.5827748,150.00820145569742,0.5827748
22.61113924050633,114.056582278481,150.0,21.59607881568628,61.94148634401749,100412.83249335106,1,-0.25089785,0.8135255,149.74910214543343,0.8135255
22.61113924050633,114.05683544303797,150.0,21.59607881568628,61.94148634401749,100412.83249335106,1,-0.22082025,0.6186273,149.77917975187302,0.6186273
22.61113924050633,114.05708860759493,150.0,21.59607881568628,61.94148634401749,100412.83249335106,1,-0.0200671,0.70583934,149.97993290051818,0.70583934
22.61113924050633,114.0573417721519,150.0,21.59607881568628,61.94148634401749,100412.83249335106,1,-0.19302683,0.50207216,149.80697317421436,0.50207216
22.61113924050633,114.05759493670885,150.0,21.59607881568628,61.94148634401749,100412.83249335106,1,-0.22521311,0.63363355,149.77478688955307,0.63363355
22.61113924050633,114.05784810126582,150.0,21.59607881568628,61.94148634401749,100412.83249335106,1,0.19444154,0.6538423,150.19444154202938,0.6538423
22.61113924050633,114.05810126582278,150.0,21.59607881568628,61.94148634401749,100412.83249335106,1,-0.046623792,0.52643734,149.9533762075007,0.52643734
22.61113924050633,114.05835443037974,150.0,21.59607881568628,61.94148634401749,100412.83249335106,1,-0.12953101,0.65918857,149.87046898901463,0.65918857
22.61113924050633,114.0586075949367,150.0,21.59607881568628,61.94148634401749,100412.83249335106,1,-0.049231034,0.5900369,149.95076896622777,0.5900369
22.61113924050633,114.05886075949367,150.0,21.59607881568628,61.94148634401749,100412.83249335106,1,0.01584032,0.53824943,150.0158403199166,0.53824943
22.61113924050633,114.05911392405064,150.0,21.59607881568628,61.94148634401749,100412.83249335106,1,-0.14159724,0.66274506,149.85840275883675,0.66274506
22.61113924050633,114.05936708860759,150.0,21.59607881568628,61.94148634401749,100412.83249335106,1,-0.14758608,0.7243994,149.8524139225483,0.7243994
22.61113924050633,114.05962025316455,150.0,21.59607881568628,61.94148634401749,100412.83249335106,1,-0.041606545,0.6204127,149.9583934545517,0.6204127
22.61113924050633,114.05987341772152,150.0,21.59607881568628,61.94148634401749,100412.83249335106,1,-0.019867003,0.53637046,149.98013299703598,0.53637046
22.61113924050633,114.06012658227847,150.0,21.59607881568628,61.94148634401749,100412.83249335106,1,0.07508728,0.65098447,150.07508727908134,0.65098447
22.61113924050633,114.06037974683544,150.0,21.59607881568628,61.94148634401749,100412.83249335106,1,-0.14057887,0.6814556,149.85942113399506,0.6814556
22.61113924050633,114.0606329113924,150.0,21.59607881568628,61.94148634401749,100412.83249335106,1,-0.0524608,0.6640252,149.94753919914365,0.6640252
22.61113924050633,114.06088607594936,150.0,21.59607881568628,61.94148634401749,100412.83249335106,1,1.2834623,6.4560738,151.28346228599548,6.4560738
22.61113924050633,114.06113924050632,150.0,21.59607881568628,61.94148634401749,100412.83249335106,1,0.124147035,1.7312509,150.12414703518152,1.7312509
22.61113924050633,114.06139240506329,150.0,21.59607881568628,61.94148634401749,100412.83249335106,1,0.43859816,3.0749953,150.43859815597534,3.0749953
22.61113924050633,114.06164556962025,150.0,21.59607881568628,61.94148634401749,100412.83249335106,1,-0.094144225,0.9710001,149.90585577487946,0.9710001
22.61113924050633,114.0618987341772,150.0,21.59607881568628,61.94148634401749,100412.83249335106,1,-0.1816519,0.79240084,149.81834809482098,0.79240084
22.61113924050633,114.06215189873417,150.0,21.59607881568628,61.94148634401749,100412.83249335106,1,-0.16250987,1.2026342,149.8374901264906,1.2026342
22.61113924050633,114.06240506329114,150.0,21.59607881568628,61.94148634401749,100412.83249335106,1,0.069578156,1.2870255,150.0695781558752,1.2870255
22.61113924050633,114.06265822784809,150.0,21.59607881568628,61.94148634401749,100412.83249335106,1,0.6581833,3.4863355,150.6581832766533,3.4863355
22.61113924050633,114.06291139240506,150.0,21.59607881568628,61.94148634401749,100412.83249335106,1,-0.3996242,0.6908092,149.60037580132484,0.6908092
22.61113924050633,114.06316455696202,150.0,21.59607881568628,61.94148634401749,100412.83249335106,1,1.5433722,9.360825,151.54337215423584,9.360825
22.61113924050633,114.06341772151899,150.0,21.59607881568628,61.94148634401749,100412.83249335106,1,2.0311525,6.0915112,152.03115248680115,6.0915112
22.61113924050633,114.06367088607594,150.0,21.59607881568628,61.94148634401749,100412.83249335106,1,-0.5913612,0.78607124,149.40863877534866,0.78607124
22.61113924050633,114.0639240506329,150.0,21.59607881568628,61.94148634401749,100412.83249335106,1,-0.1898513,2.340898,149.81014870107174,2.340898
22.61113924050633,114.06417721518987,150.0,21.59607881568628,61.94148634401749,100412.83249335106,1,3.0618274,11.121912,153.06182742118835,11.121912
22.61113924050633,114.06443037974682,150.0,21.59607881568628,61.94148634401749,100412.83249335106,1,4.788692,11.915604,154.78869199752808,11.915604
22.61113924050633,114.06468354430379,150.0,21.59607881568628,61.94148634401749,100412.83249335106,1,3.3985896,11.410208,153.39858961105347,11.410208
22.61113924050633,114.06493670886076,150.0,21.59607881568628,61.94148634401749,100412.83249335106,1,7.655515,16.617262,157.6555151939392,16.617262
22.61113924050633,114.06518987341772,150.0,21.59607881568628,61.94148634401749,100412.83249335106,1,3.7159154,15.263691,153.71591544151306,15.263691
22.61113924050633,114.06544303797467,150.0,21.59607881568628,61.94148634401749,100412.83249335106,1,8.068638,18.960957,158.0686378479004,18.960957
22.61113924050633,114.06569620253164,150.0,21.59607881568628,61.94148634401749,100412.83249335106,1,7.328025,18.428812,157.32802486419678,18.428812
22.61113924050633,114.0659493670886,150.0,21.59607881568628,61.94148634401749,100412.83249335106,1,8.365571,18.83107,158.3655710220337,18.83107
22.61113924050633,114.06620253164556,150.0,21.59607881568628,61.94148634401749,100412.83249335106,1,7.509361,20.00469,157.50936079025269,20.00469
22.61113924050633,114.06645569620252,150.0,21.59607881568628,61.94148634401749,100412.83249335106,1,5.809643,16.49959,155.80964279174805,16.49959
22.61113924050633,114.06670886075949,150.0,21.59607881568628,61.94148634401749,100412.83249335106,1,15.917093,25.086134,165.91709327697754,25.086134
22.61113924050633,114.06696202531644,150.0,21.59607881568628,61.94148634401749,100412.83249335106,1,10.652572,19.592747,160.65257167816162,19.592747
22.61113924050633,114.06721518987341,150.0,21.59607881568628,61.94148634401749,100412.83249335106,1,18.548725,26.940075,168.54872512817383,26.940075
22.61113924050633,114.06746835443037,150.0,21.59607881568628,61.94148634401749,100412.83249335106,1,18.974533,26.277313,168.9745330810547,26.277313
22.61113924050633,114.06772151898734,150.0,21.59607881568628,61.94148634401749,100412.83249335106,1,20.968452,27.21527,170.96845245361328,27.21527
22.61113924050633,114.06797468354429,150.0,21.59607881568628,61.94148634401749,100412.83249335106,1,17.928509,28.554878,167.92850875854492,28.554878
22.61113924050633,114.06822784810126,150.0,21.59607881568628,61.94148634401749,100412.83249335106,1,14.766094,23.861273,164.76609420776367,23.861273
22.61113924050633,114.06848101265822,150.0,21.59607881568628,61.94148634401749,100412.83249335106,1,37.777073,35.48139,187.77707290649414,35.48139
22.61113924050633,114.06873417721518,150.0,21.59607881568628,61.94148634401749,100412.83249335106,1,32.91286,33.211864,182.91286087036133,33.211864
22.61113924050633,114.06898734177214,150.0,21.59607881568628,61.94148634401749,100412.83249335106,1,49.102413,29.866768,199.10241317749023,29.866768
22.61113924050633,114.06924050632911,150.0,21.59607881568628,61.94148634401749,100412.83249335106,1,48.589672,32.676537,198.58967208862305,32.676537
22.61113924050633,114.06949367088608,150.0,21.59607881568628,61.94148634401749,100412.83249335106,1,44.262997,30.331032,194.26299667358398,30.331032
22.61113924050633,114.06974683544303,150.0,21.59607881568628,61.94148634401749,100412.83249335106,1,48.319126,31.81798,198.3191261291504,31.81798
22.61113924050633,114.07,150.0,21.59607881568628,61.94148634401749,100412.83249335106,1,42.853348,33.653797,192.8533477783203,33.653797
22.61139240506329,114.05,150.0,21.59607881568628,61.94148634401749,100412.83249335106,1,0.088096365,0.551111,150.0880963653326,0.551111
22.61139240506329,114.05025316455696,150.0,21.59607881568628,61.94148634401749,100412.83249335106,1,-0.14927542,0.52537996,149.85072457790375,0.52537996
22.61139240506329,114.05050632911392,150.0,21.59607881568628,61.94148634401749,100412.83249335106,1,-0.15659258,0.64859486,149.84340742230415,0.64859486
22.61139240506329,114.05075949367088,150.0,21.59607881568628,61.94148634401749,100412.83249335106,1,-0.17905745,0.6818456,149.8209425508976,0.6818456
22.61139240506329,114.05101265822785,150.0,21.59607881568628,61.94148634401749,100412.83249335106,1,-0.18072724,0.72293454,149.81927275657654,0.72293454
22.61139240506329,114.05126582278481,150.0,21.59607881568628,61.94148634401749,100412.83249335106,1,-0.095393345,0.56826794,149.90460665524006,0.56826794
22.61139240506329,114.05151898734177,150.0,21.59607881568628,61.94148634401749,100412.83249335106,1,-0.028104827,0.8640038,149.97189517319202,0.8640038
22.61139240506329,114.05177215189873,150.0,21.59607881568628,61.94148634401749,100412.83249335106,1,-0.110940374,0.61689734,149.889059625566,0.61689734
22.61139240506329,114.0520253164557,150.0,21.59607881568628,61.94148634401749,100412.83249335106,1,-0.01724503,0.5042316,149.9827549699694,0.5042316
22.61139240506329,114.05227848101265,150.0,21.59607881568628,61.94148634401749,100412.83249335106,1,0.006153901,0.45734274,150.0061539011076,0.45734274
22.61139240506329,114.05253164556962,150.0,21.59607881568628,61.94148634401749,100412.83249335106,1,-0.16605546,0.49012968,149.83394454419613,0.49012968
22.61139240506329,114.05278481012658,150.0,21.59607881568628,61.94148634401749,100412.83249335106,1,-0.16017662,0.5459472,149.83982338011265,0.5459472
22.61139240506329,114.05303797468355,150.0,21.59607881568628,61.94148634401749,100412.83249335106,1,-0.09017801,0.5647085,149.9098219871521,0.5647085
22.61139240506329,114.0532911392405,150.0,21.59607881568628,61.94148634401749,100412.83249335106,1,-0.1888697,0.5006005,149.81113030016422,0.5006005
22.61139240506329,114.05354430379747,150.0,21.59607881568628,61.94148634401749,100412.83249335106,1,-0.22236082,0.50531733,149.77763918042183,0.50531733
22.61139240506329,114.05379746835443,150.0,21.59607881568628,61.94148634401749,100412.83249335106,1,-0.11100316,0.56996995,149.88899683952332,0.56996995
22.61139240506329,114.05405063291138,150.0,21.59607881568628,61.94148634401749,100412.83249335106,1,-0.0128599005,0.6203178,149.987140099518,0.6203178
22.61139240506329,114.05430379746835,150.0,21.59607881568628,61.94148634401749,100412.83249335106,1,-0.1860614,0.6495673,149.81393860280514,0.6495673
22.61139240506329,114.05455696202532,150.0,21.59607881568628,61.94148634401749,100412.83249335106,1,-0.265399,0.46017003,149.73460099101067,0.46017003
22.61139240506329,114.05481012658227,150.0,21.59607881568628,61.94148634401749,100412.83249335106,1,-0.0802733,0.54605985,149.91972669959068,0.54605985
22.61139240506329,114.05506329113923,150.0,21.59607881568628,61.94148634401749,100412.83249335106,1,-0.1428447,0.3943865,149.85715529322624,0.3943865
22.61139240506329,114.0553164556962,150.0,21.59607881568628,61.94148634401749,100412.83249335106,1,0.011938291,0.56736827,150.0119382906705,0.56736827
22.61139240506329,114.05556962025317,150.0,21.59607881568628,61.94148634401749,100412.83249335106,1,0.062117606,0.55513376,150.06211760640144,0.55513376
22.61139240506329,114.05582278481012,150.0,21.59607881568628,61.94148634401749,100412.83249335106,1,-0.17539783,0.47545123,149.82460217177868,0.47545123
22.61139240506329,114.05607594936708,150.0,21.59607881568628,61.94148634401749,100412.83249335106,1,-0.11300441,0.58986557,149.88699559122324,0.58986557
22.61139240506329,114.05632911392405,150.0,21.59607881568628,61.94148634401749,100412.83249335106,1,-0.06892063,0.5955998,149.93107937276363,0.5955998
22.61139240506329,114.056582278481,150.0,21.59607881568628,61.94148634401749,100412.83249335106,1,-0.09227478,0.5408958,149.90772522240877,0.5408958
22.61139240506329,114.05683544303797,150.0,21.59607881568628,61.94148634401749,100412.83249335106,1,-0.10286416,0.7509475,149.89713583886623,0.7509475
22.61139240506329,114.05708860759493,150.0,21.59607881568628,61.94148634401749,100412.83249335106,1,-0.26123974,0.56958276,149.73876026272774,0.56958276
22.61139240506329,114.0573417721519,150.0,21.59607881568628,61.94148634401749,100412.83249335106,1,0.0012241616,0.484546,150.00122416159138,0.484546
22.61139240506329,114.05759493670885,150.0,21.59607881568628,61.94148634401749,100412.83249335106,1,-0.0954862,0.5941203,149.90451379865408,0.5941203
22.61139240506329,114.05784810126582,150.0,21.59607881568628,61.94148634401749,100412.83249335106,1,0.26443085,0.68580395,150.26443085074425,0.68580395
22.61139240506329,114.05810126582278,150.0,21.59607881568628,61.94148634401749,100412.83249335106,1,-0.16742018,0.4153855,149.8325798213482,0.4153855
22.61139240506329,114.05835443037974,150.0,21.59607881568628,61.94148634401749,100412.83249335106,1,-0.028581666,0.55379784,149.97141833417118,0.55379784
22.61139240506329,114.0586075949367,150.0,21.59607881568628,61.94148634401749,100412.83249335106,1,-0.040623084,0.49670094,149.95937691628933,0.49670094
22.61139240506329,114.05886075949367,150.0,21.59607881568628,61.94148634401749,100412.83249335106,1,-0.06097352,0.6113507,149.939026478678,0.6113507
22.61139240506329,114.05911392405064,150.0,21.59607881568628,61.94148634401749,100412.83249335106,1,-0.03979179,0.53656524,149.96020821109414,0.53656524
22.61139240506329,114.05936708860759,150.0,21.59607881568628,61.94148634401749,100412.83249335106,1,-0.24095981,0.69162196,149.7590401917696,0.69162196
22.61139240506329,114.05962025316455,150.0,21.59607881568628,61.94148634401749,100412.83249335106,1,-0.07802477,0.47924024,149.92197523266077,0.47924024
22.61139240506329,114.05987341772152,150.0,21.59607881568628,61.94148634401749,100412.83249335106,1,-0.097098865,0.6777145,149.90290113538504,0.6777145
22.61139240506329,114.06012658227847,150.0,21.59607881568628,61.94148634401749,100412.83249335106,1,-0.12071682,0.53563744,149.87928318232298,0.53563744
22.61139240506329,114.06037974683544,150.0,21.59607881568628,61.94148634401749,100412.83249335106,1,-0.1062871,0.5300731,149.89371290057898,0.5300731
22.61139240506329,114.0606329113924,150.0,21.59607881568628,61.94148634401749,100412.83249335106,1,-0.37830383,0.515892,149.62169617414474,0.515892
22.61139240506329,114.06088607594936,150.0,21.59607881568628,61.94148634401749,100412.83249335106,1,0.6904944,2.2446644,150.69049441814423,2.2446644
22.61139240506329,114.06113924050632,150.0,21.59607881568628,61.94148634401749,100412.83249335106,1,0.12465702,0.7132395,150.1246570199728,0.7132395
22.61139240506329,114.06139240506329,150.0,21.59607881568628,61.94148634401749,100412.83249335106,1,-0.18278769,1.2951697,149.81721231341362,1.2951697
22.61139240506329,114.06164556962025,150.0,21.59607881568628,61.94148634401749,100412.83249335106,1,-0.2538679,0.6681803,149.7461321055889,0.6681803
22.61139240506329,114.0618987341772,150.0,21.59607881568628,61.94148634401749,100412.83249335106,1,-0.0035152072,0.56603813,149.9964847927913,0.56603813
22.61139240506329,114.06215189873417,150.0,21.59607881568628,61.94148634401749,100412.83249335106,1,-0.6247256,0.6211108,149.37527441978455,0.6211108
22.61139240506329,114.06240506329114,150.0,21.59607881568628,61.94148634401749,100412.83249335106,1,1.7894707,7.470975,151.78947067260742,7.470975
22.61139240506329,114.06265822784809,150.0,21.59607881568628,61.94148634401749,100412.83249335106,1,-0.15285732,1.7212913,149.84714268147945,1.7212913
22.61139240506329,114.06291139240506,150.0,21.59607881568628,61.94148634401749,100412.83249335106,1,-0.27930686,1.350462,149.720693141222,1.350462
22.61139240506329,114.06316455696202,150.0,21.59607881568628,61.94148634401749,100412.83249335106,1,1.0760435,5.6393557,151.07604348659515,5.6393557
22.61139240506329,114.06341772151899,150.0,21.59607881568628,61.94148634401749,100412.83249335106,1,6.6843853,16.284536,156.68438529968262,16.284536
22.61139240506329,114.06367088607594,150.0,21.59607881568628,61.94148634401749,100412.83249335106,1,3.4420888,12.203437,153.44208884239197,12.203437
22.61139240506329,114.0639240506329,150.0,21.59607881568628,61.94148634401749,100412.83249335106,1,-0.14744204,2.7421794,149.8525579571724,2.7421794
22.61139240506329,114.06417721518987,150.0,21.59607881568628,61.94148634401749,100412.83249335106,1,0.25110203,4.232544,150.25110203027725,4.232544
22.61139240506329,114.06443037974682,150.0,21.59607881568628,61.94148634401749,100412.83249335106,1,3.8050961,9.9707,153.80509614944458,9.9707
22.61139240506329,114.06468354430379,150.0,21.59607881568628,61.94148634401749,100412.83249335106,1,1.3303603,6.1919107,151.33036029338837,6.1919107
22.61139240506329,114.06493670886076,150.0,21.59607881568628,61.94148634401749,100412.83249335106,1,2.4593198,6.0069466,152.4593198299408,6.0069466
22.61139240506329,114.06518987341772,150.0,21.59607881568628,61.94148634401749,100412.83249335106,1,5.209944,14.9187975,155.2099437713623,14.9187975
22.61139240506329,114.06544303797467,150.0,21.59607881568628,61.94148634401749,100412.83249335106,1,4.3256454,12.601928,154.32564544677734,12.601928
22.61139240506329,114.06569620253164,150.0,21.59607881568628,61.94148634401749,100412.83249335106,1,2.810492,7.5292654,152.8104920387268,7.5292654
22.61139240506329,114.0659493670886,150.0,21.59607881568628,61.94148634401749,100412.83249335106,1,16.023655,24.621021,166.02365493774414,24.621021
22.61139240506329,114.06620253164556,150.0,21.59607881568628,61.94148634401749,100412.83249335106,1,6.206884,14.593405,156.20688390731812,14.593405
22.61139240506329,114.06645569620252,150.0,21.59607881568628,61.94148634401749,100412.83249335106,1,14.696702,24.924952,164.696702003479,24.924952
22.61139240506329,114.06670886075949,150.0,21.59607881568628,61.94148634401749,100412.83249335106,1,8.2544,17.896196,158.2544002532959,17.896196
22.61139240506329,114.06696202531644,150.0,21.59607881568628,61.94148634401749,100412.83249335106,1,13.895842,20.794086,163.89584159851074,20.794086
22.61139240506329,114.06721518987341,150.0,21.59607881568628,61.94148634401749,100412.83249335106,1,13.04987,21.547237,163.04986953735352,21.547237
22.61139240506329,114.06746835443037,150.0,21.59607881568628,61.94148634401749,100412.83249335106,1,22.019375,31.79851,172.0193748474121,31.79851
22.61139240506329,114.06772151898734,150.0,21.59607881568628,61.94148634401749,100412.83249335106,1,38.55543,32.287895,188.5554313659668,32.287895
22.61139240506329,114.06797468354429,150.0,21.59607881568628,61.94148634401749,100412.83249335106,1,21.554157,23.305817,171.55415725708008,23.305817
22.61139240506329,114.06822784810126,150.0,21.59607881568628,61.94148634401749,100412.83249335106,1,30.050987,30.040184,180.05098724365234,30.040184
22.61139240506329,114.06848101265822,150.0,21.59607881568628,61.94148634401749,100412.83249335106,1,23.918737,27.4005,173.91873741149902,27.4005
22.61139240506329,114.06873417721518,150.0,21.59607881568628,61.94148634401749,100412.83249335106,1,39.790226,29.966293,189.79022598266602,29.966293
22.61139240506329,114.06898734177214,150.0,21.59607881568628,61.94148634401749,100412.83249335106,1,33.083145,31.862995,183.08314514160156,31.862995
22.61139240506329,114.06924050632911,150.0,21.59607881568628,61.94148634401749,100412.83249335106,1,43.186615,33.028492,193.18661499023438,33.028492
22.61139240506329,114.06949367088608,150.0,21.59607881568628,61.94148634401749,100412.83249335106,1,37.662,34.637814,187.6619987487793,34.637814
22.61139240506329,114.06974683544303,150.0,21.59607881568628,61.94148634401749,100412.83249335106,1,46.041023,34.60902,196.04102325439453,34.60902
22.61139240506329,114.07,150.0,21.59607881568628,61.94148634401749,100412.83249335106,1,48.691418,35.342594,198.6914176940918,35.342594
22.611645569620254,114.05,150.0,21.59607881568628,61.94148634401749,100412.83249335106,1,-0.06053214,0.5747894,149.93946785852313,0.5747894
22.611645569620254,114.05025316455696,150.0,21.59607881568628,61.94148634401749,100412.83249335106,1,-0.28242216,0.7136449,149.71757784485817,0.7136449
22.611645569620254,114.05050632911392,150.0,21.59607881568628,61.94148634401749,100412.83249335106,1,0.0580786,0.5568824,150.05807859823108,0.5568824
22.611645569620254,114.05075949367088,150.0,21.59607881568628,61.94148634401749,100412.83249335106,1,-0.23727188,0.9518301,149.76272812485695,0.9518301
22.611645569620254,114.05101265822785,150.0,21.59607881568628,61.94148634401749,100412.83249335106,1,-0.12173795,0.4778725,149.87826205044985,0.4778725
22.611645569620254,114.05126582278481,150.0,21.59607881568628,61.94148634401749,100412.83249335106,1,-0.07672292,0.50663555,149.92327708005905,0.50663555
22.611645569620254,114.05151898734177,150.0,21.59607881568628,61.94148634401749,100412.83249335106,1,0.06158234,0.5387543,150.0615823417902,0.5387543
22.611645569620254,114.05177215189873,150.0,21.59607881568628,61.94148634401749,100412.83249335106,1,-0.0018750131,0.5729751,149.99812498688698,0.5729751
22.611645569620254,114.0520253164557,150.0,21.59607881568628,61.94148634401749,100412.83249335106,1,-0.17740534,0.5038838,149.82259465754032,0.5038838
22.611645569620254,114.05227848101265,150.0,21.59607881568628,61.94148634401749,100412.83249335106,1,-0.12954502,0.52928305,149.8704549819231,0.52928305
22.611645569620254,114.05253164556962,150.0,21.59607881568628,61.94148634401749,100412.83249335106,1,-0.20031768,0.39122024,149.79968231916428,0.39122024
22.611645569620254,114.05278481012658,150.0,21.59607881568628,61.94148634401749,100412.83249335106,1,0.021758957,0.53157455,150.02175895683467,0.53157455
22.611645569620254,114.05303797468355,150.0,21.59607881568628,61.94148634401749,100412.83249335106,1,-0.26454413,0.58135957,149.73545587062836,0.58135957
22.611645569620254,114.0532911392405,150.0,21.59607881568628,61.94148634401749,100412.83249335106,1,-0.021459006,0.67310536,149.97854099422693,0.67310536
22.611645569620254,114.05354430379747,150.0,21.59607881568628,61.94148634401749,100412.83249335106,1,-0.109885715,0.44910035,149.89011428505182,0.44910035
22.611645569620254,114.05379746835443,150.0,21.59607881568628,61.94148634401749,100412.83249335106,1,-0.14681342,0.49983752,149.85318657755852,0.49983752
22.611645569620254,114.05405063291138,150.0,21.59607881568628,61.94148634401749,100412.83249335106,1,0.030465709,0.5005848,150.03046570904553,0.5005848
22.611645569620254,114.05430379746835,150.0,21.59607881568628,61.94148634401749,100412.83249335106,1,-0.13228792,0.637556,149.86771208047867,0.637556
22.611645569620254,114.05455696202532,150.0,21.59607881568628,61.94148634401749,100412.83249335106,1,-0.048327632,0.53975827,149.9516723677516,0.53975827
22.611645569620254,114.05481012658227,150.0,21.59607881568628,61.94148634401749,100412.83249335106,1,-0.22557706,0.48110533,149.77442294359207,0.48110533
22.611645569620254,114.05506329113923,150.0,21.59607881568628,61.94148634401749,100412.83249335106,1,-0.09925236,0.5798057,149.90074764192104,0.5798057
22.611645569620254,114.0553164556962,150.0,21.59607881568628,61.94148634401749,100412.83249335106,1,-0.048396166,0.6383029,149.95160383358598,0.6383029
22.611645569620254,114.05556962025317,150.0,21.59607881568628,61.94148634401749,100412.83249335106,1,0.09487023,0.68073153,150.09487023204565,0.68073153
22.611645569620254,114.05582278481012,150.0,21.59607881568628,61.94148634401749,100412.83249335106,1,-0.01689956,0.56338453,149.98310044035316,0.56338453
22.611645569620254,114.05607594936708,150.0,21.59607881568628,61.94148634401749,100412.83249335106,1,0.07037202,0.43829954,150.0703720226884,0.43829954
22.611645569620254,114.05632911392405,150.0,21.59607881568628,61.94148634401749,100412.83249335106,1,-0.19348441,0.5597257,149.80651558935642,0.5597257
22.611645569620254,114.056582278481,150.0,21.59607881568628,61.94148634401749,100412.83249335106,1,-0.24346562,0.497161,149.75653438270092,0.497161
22.611645569620254,114.05683544303797,150.0,21.59607881568628,61.94148634401749,100412.83249335106,1,-0.038054746,0.5657974,149.96194525435567,0.5657974
22.611645569620254,114.05708860759493,150.0,21.59607881568628,61.94148634401749,100412.83249335106,1,-0.19411375,0.56567,149.80588625371456,0.56567
22.611645569620254,114.0573417721519,150.0,21.59607881568628,61.94148634401749,100412.83249335106,1,0.059719592,0.5553464,150.05971959233284,0.5553464
22.611645569620254,114.05759493670885,150.0,21.59607881568628,61.94148634401749,100412.83249335106,1,0.02311879,0.63191634,150.0231187902391,0.63191634
22.611645569620254,114.05784810126582,150.0,21.59607881568628,61.94148634401749,100412.83249335106,1,-0.06666945,0.5431103,149.93333055078983,0.5431103
22.611645569620254,114.05810126582278,150.0,21.59607881568628,61.94148634401749,100412.83249335106,1,-0.2222709,0.4260472,149.77772909402847,0.4260472
22.611645569620254,114.05835443037974,150.0,21.59607881568628,61.94148634401749,100412.83249335106,1,-0.2250181,0.49011388,149.7749819010496,0.49011388
22.611645569620254,114.0586075949367,150.0,21.59607881568628,61.94148634401749,100412.83249335106,1,-0.029945642,0.4401073,149.97005435824394,0.4401073
22.611645569620254,114.05886075949367,150.0,21.59607881568628,61.94148634401749,100412.83249335106,1,-0.17818618,0.4803109,149.8218138217926,0.4803109
22.611645569620254,114.05911392405064,150.0,21.59607881568628,61.94148634401749,100412.83249335106,1,-0.059064694,0.5907685,149.94093530625105,0.5907685
22.611645569620254,114.05936708860759,150.0,21.59607881568628,61.94148634401749,100412.83249335106,1,-0.14934447,0.48327437,149.85065552592278,0.48327437
22.611645569620254,114.05962025316455,150.0,21.59607881568628,61.94148634401749,100412.83249335106,1,-0.22005141,0.44907665,149.77994859218597,0.44907665
22.611645569620254,114.05987341772152,150.0,21.59607881568628,61.94148634401749,100412.83249335106,1,-0.031197727,0.6382319,149.96880227327347,0.6382319
22.611645569620254,114.06012658227847,150.0,21.59607881568628,61.94148634401749,100412.83249335106,1,-0.14321442,0.5207775,149.85678558051586,0.5207775
22.611645569620254,114.06037974683544,150.0,21.59607881568628,61.94148634401749,100412.83249335106,1,-0.16422991,0.81547946,149.835770085454,0.81547946
22.611645569620254,114.0606329113924,150.0,21.59607881568628,61.94148634401749,100412.83249335106,1,0.0203981,1.9572734,150.02039810083807,1.9572734
22.611645569620254,114.06088607594936,150.0,21.59607881568628,61.94148634401749,100412.83249335106,1,-0.3805849,0.91418433,149.6194151043892,0.91418433
22.611645569620254,114.06113924050632,150.0,21.59607881568628,61.94148634401749,100412.83249335106,1,-0.21688549,0.6232324,149.78311450779438,0.6232324
22.611645569620254,114.06139240506329,150.0,21.59607881568628,61.94148634401749,100412.83249335106,1,-0.2728554,0.61755556,149.72714459896088,0.61755556
22.611645569620254,114.06164556962025,150.0,21.59607881568628,61.94148634401749,100412.83249335106,1,-0.02364474,0.5771708,149.97635526023805,0.5771708
22.611645569620254,114.0618987341772,150.0,21.59607881568628,61.94148634401749,100412.83249335106,1,1.9892727,9.07087,151.9892727136612,9.07087
22.611645569620254,114.06215189873417,150.0,21.59607881568628,61.94148634401749,100412.83249335106,1,0.0124215325,1.0139266,150.01242153253406,1.0139266
22.611645569620254,114.06240506329114,150.0,21.59607881568628,61.94148634401749,100412.83249335106,1,-0.35271636,0.70921713,149.64728364348412,0.70921713
22.611645569620254,114.06265822784809,150.0,21.59607881568628,61.94148634401749,100412.83249335106,1,0.97904825,5.5023756,150.9790482521057,5.5023756
22.611645569620254,114.06291139240506,150.0,21.59607881568628,61.94148634401749,100412.83249335106,1,0.11356474,2.5735736,150.11356473714113,2.5735736
22.611645569620254,114.06316455696202,150.0,21.59607881568628,61.94148634401749,100412.83249335106,1,-0.18736482,1.4506491,149.81263518333435,1.4506491
22.611645569620254,114.06341772151899,150.0,21.59607881568628,61.94148634401749,100412.83249335106,1,-0.21967056,0.8152486,149.78032943606377,0.8152486
22.611645569620254,114.06367088607594,150.0,21.59607881568628,61.94148634401749,100412.83249335106,1,0.18865447,3.161428,150.1886544674635,3.161428
22.611645569620254,114.0639240506329,150.0,21.59607881568628,61.94148634401749,100412.83249335106,1,-0.27670527,1.1552495,149.72329473495483,1.1552495
22.611645569620254,114.06417721518987,150.0,21.59607881568628,61.94148634401749,100412.83249335106,1,-0.6362783,0.84883595,149.3637217283249,0.84883595
22.611645569620254,114.06443037974682,150.0,21.59607881568628,61.94148634401749,100412.83249335106,1,4.157414,10.729004,154.15741395950317,10.729004
22.611645569620254,114.06468354430379,150.0,21.59607881568628,61.94148634401749,100412.83249335106,1,1.7253388,12.353977,151.72533881664276,12.353977
22.611645569620254,114.06493670886076,150.0,21.59607881568628,61.94148634401749,100412.83249335106,1,5.5829105,15.340124,155.58291053771973,15.340124
22.611645569620254,114.06518987341772,150.0,21.59607881568628,61.94148634401749,100412.83249335106,1,1.1070502,4.9698873,151.10705018043518,4.9698873
22.611645569620254,114.06544303797467,150.0,21.59607881568628,61.94148634401749,100412.83249335106,1,1.6471766,6.117053,151.64717662334442,6.117053
22.611645569620254,114.06569620253164,150.0,21.59607881568628,61.94148634401749,100412.83249335106,1,4.2397933,10.699295,154.23979330062866,10.699295
22.611645569620254,114.0659493670886,150.0,21.59607881568628,61.94148634401749,100412.83249335106,1,3.8022313,11.035519,153.8022313117981,11.035519
22.611645569620254,114.06620253164556,150.0,21.59607881568628,61.94148634401749,100412.83249335106,1,6.941048,17.196316,156.9410481452942,17.196316
22.611645569620254,114.06645569620252,150.0,21.59607881568628,61.94148634401749,100412.83249335106,1,10.563446,17.92557,160.56344604492188,17.92557
22.611645569620254,114.06670886075949,150.0,21.59607881568628,61.94148634401749,100412.83249335106,1,11.675757,20.12531,161.6757574081421,20.12531
22.611645569620254,114.06696202531644,150.0,21.59607881568628,61.94148634401749,100412.83249335106,1,10.26029,19.218824,160.26029014587402,19.218824
22.611645569620254,114.06721518987341,150.0,21.59607881568628,61.94148634401749,100412.83249335106,1,6.776049,16.087637,156.77604913711548,16.087637
22.611645569620254,114.06746835443037,150.0,21.59607881568628,61.94148634401749,100412.83249335106,1,12.712318,20.498123,162.71231842041016,20.498123
22.611645569620254,114.06772151898734,150.0,21.59607881568628,61.94148634401749,100412.83249335106,1,19.713076,25.652197,169.71307563781738,25.652197
22.611645569620254,114.06797468354429,150.0,21.59607881568628,61.94148634401749,100412.83249335106,1,17.884985,20.884298,167.88498497009277,20.884298
22.611645569620254,114.06822784810126,150.0,21.59607881568628,61.94148634401749,100412.83249335106,1,21.906658,26.977207,171.90665817260742,26.977207
22.611645569620254,114.06848101265822,150.0,21.59607881568628,61.94148634401749,100412.83249335106,1,24.533413,28.364635,174.5334129333496,28.364635
22.611645569620254,114.06873417721518,150.0,21.59607881568628,61.94148634401749,100412.83249335106,1,24.141527,27.929594,174.14152717590332,27.929594
22.611645569620254,114.06898734177214,150.0,21.59607881568628,61.94148634401749,100412.83249335106,1,15.329597,25.162645,165.32959747314453,25.162645
22.611645569620254,114.06924050632911,150.0,21.59607881568628,61.94148634401749,100412.83249335106,1,25.353634,29.322897,175.35363388061523,29.322897
22.611645569620254,114.06949367088608,150.0,21.59607881568628,61.94148634401749,100412.83249335106,1,27.11672,30.3633,177.11672019958496,30.3633
22.611645569620254,114.06974683544303,150.0,21.59607881568628,61.94148634401749,100412.83249335106,1,42.34587,35.701748,192.3458709716797,35.701748
22.611645569620254,114.07,150.0,21.59607881568628,61.94148634401749,100412.83249335106,1,32.170696,30.723833,182.17069625854492,30.723833
22.611898734177217,114.05,150.0,21.59607881568628,61.94148634401749,100412.83249335106,1,-0.047309473,0.56508756,149.95269052684307,0.56508756
22.611898734177217,114.05025316455696,150.0,21.59607881568628,61.94148634401749,100412.83249335106,1,-0.22165585,0.37093017,149.7783441543579,0.37093017
22.611898734177217,114.05050632911392,150.0,21.59607881568628,61.94148634401749,100412.83249335106,1,-0.0030311402,0.55533445,149.99696885980666,0.55533445
22.611898734177217,114.05075949367088,150.0,21.59607881568628,61.94148634401749,100412.83249335106,1,-0.14194572,0.40188718,149.85805428028107,0.40188718
22.611898734177217,114.05101265822785,150.0,21.59607881568628,61.94148634401749,100412.83249335106,1,-0.16525084,0.41964865,149.8347491621971,0.41964865
22.611898734177217,114.05126582278481,150.0,21.59607881568628,61.94148634401749,100412.83249335106,1,-0.20491955,0.4889597,149.79508045315742,0.4889597
22.611898734177217,114.05151898734177,150.0,21.59607881568628,61.94148634401749,100412.83249335106,1,-0.11455655,0.4151268,149.88544344902039,0.4151268
22.611898734177217,114.05177215189873,150.0,21.59607881568628,61.94148634401749,100412.83249335106,1,-0.10431662,0.5723232,149.8956833779812,0.5723232
22.611898734177217,114.0520253164557,150.0,21.59607881568628,61.94148634401749,100412.83249335106,1,-0.1419066,0.996909,149.8580933958292,0.996909
22.611898734177217,114.05227848101265,150.0,21.59607881568628,61.94148634401749,100412.83249335106,1,0.027631812,0.473242,150.02763181179762,0.473242
22.611898734177217,114.05253164556962,150.0,21.59607881568628,61.94148634401749,100412.83249335106,1,0.014336549,0.5161895,150.01433654874563,0.5161895
22.611898734177217,114.05278481012658,150.0,21.59607881568628,61.94148634401749,100412.83249335106,1,-0.1864059,0.53235996,149.8135941028595,0.53235996
22.611898734177217,114.05303797468355,150.0,21.59607881568628,61.94148634401749,100412.83249335106,1,-0.17556186,0.7650998,149.82443813979626,0.7650998
22.611898734177217,114.0532911392405,150.0,21.59607881568628,61.94148634401749,100412.83249335106,1,-0.21821204,0.46369988,149.78178796172142,0.46369988
22.611898734177217,114.05354430379747,150.0,21.59607881568628,61.94148634401749,100412.83249335106,1,-0.25327724,0.6380864,149.74672275781631,0.6380864
22.611898734177217,114.05379746835443,150.0,21.59607881568628,61.94148634401749,100412.83249335106,1,-0.052312717,0.5790937,149.9476872831583,0.5790937
22.611898734177217,114.05405063291138,150.0,21.59607881568628,61.94148634401749,100412.83249335106,1,-0.30974287,0.62328386,149.69025713205338,0.62328386
22.611898734177217,114.05430379746835,150.0,21.59607881568628,61.94148634401749,100412.83249335106,1,0.02226153,0.5382183,150.0222615301609,0.5382183
22.611898734177217,114.05455696202532,150.0,21.59607881568628,61.94148634401749,100412.83249335106,1,-0.040924188,0.5321931,149.95907581225038,0.5321931
22.611898734177217,114.05481012658227,150.0,21.59607881568628,61.94148634401749,100412.83249335106,1,-0.03164631,0.5468921,149.9683536887169,0.5468921
22.611898734177217,114.05506329113923,150.0,21.59607881568628,61.94148634401749,100412.83249335106,1,-0.032263428,0.55611825,149.9677365720272,0.55611825
22.611898734177217,114.0553164556962,150.0,21.59607881568628,61.94148634401749,100412.83249335106,1,-0.13435893,0.49491343,149.86564107239246,0.49491343
22.611898734177217,114.05556962025317,150.0,21.59607881568628,61.94148634401749,100412.83249335106,1,-0.11393303,0.3832433,149.88606697320938,0.3832433
22.611898734177217,114.05582278481012,150.0,21.59607881568628,61.94148634401749,100412.83249335106,1,0.094460174,0.5465033,150.09446017444134,0.5465033
22.611898734177217,114.05607594936708,150.0,21.59607881568628,61.94148634401749,100412.83249335106,1,-0.22097991,0.4043119,149.77902008593082,0.4043119
22.611898734177217,114.05632911392405,150.0,21.59607881568628,61.94148634401749,100412.83249335106,1,-0.008988753,0.57338685,149.99101124703884,0.57338685
22.611898734177217,114.056582278481,150.0,21.59607881568628,61.94148634401749,100412.83249335106,1,-0.00848379,0.60251427,149.9915162101388,0.60251427
22.611898734177217,114.05683544303797,150.0,21.59607881568628,61.94148634401749,100412.83249335106,1,-0.10255766,0.54841447,149.89744234085083,0.54841447
22.611898734177217,114.05708860759493,150.0,21.59607881568628,61.94148634401749,100412.83249335106,1,-0.114394255,0.5269105,149.88560574501753,0.5269105
22.611898734177217,114.0573417721519,150.0,21.59607881568628,61.94148634401749,100412.83249335106,1,0.049050324,0.5467549,150.04905032366514,0.5467549
22.611898734177217,114.05759493670885,150.0,21.59607881568628,61.94148634401749,100412.83249335106,1,-0.1735628,0.44214866,149.82643720507622,0.44214866
22.611898734177217,114.05784810126582,150.0,21.59607881568628,61.94148634401749,100412.83249335106,1,-0.026800113,0.6435672,149.9731998872012,0.6435672
22.611898734177217,114.05810126582278,150.0,21.59607881568628,61.94148634401749,100412.83249335106,1,-0.055644006,0.61360943,149.94435599446297,0.61360943
22.611898734177217,114.05835443037974,150.0,21.59607881568628,61.94148634401749,100412.83249335106,1,-0.028764553,0.6834211,149.9712354466319,0.6834211
22.611898734177217,114.0586075949367,150.0,21.59607881568628,61.94148634401749,100412.83249335106,1,-0.26685858,0.56533724,149.73314142227173,0.56533724
22.611898734177217,114.05886075949367,150.0,21.59607881568628,61.94148634401749,100412.83249335106,1,-0.22653183,0.5695117,149.77346816658974,0.5695117
22.611898734177217,114.05911392405064,150.0,21.59607881568628,61.94148634401749,100412.83249335106,1,-0.1431988,1.0234652,149.8568011969328,1.0234652
22.611898734177217,114.05936708860759,150.0,21.59607881568628,61.94148634401749,100412.83249335106,1,-0.2368082,0.58859575,149.76319180428982,0.58859575
22.611898734177217,114.05962025316455,150.0,21.59607881568628,61.94148634401749,100412.83249335106,1,-0.09176989,0.5899633,149.90823011100292,0.5899633
22.611898734177217,114.05987341772152,150.0,21.59607881568628,61.94148634401749,100412.83249335106,1,0.31574112,1.8198227,150.31574112176895,1.8198227
22.611898734177217,114.06012658227847,150.0,21.59607881568628,61.94148634401749,100412.83249335106,1,0.011401498,0.52689224,150.01140149775892,0.52689224
22.611898734177217,114.06037974683544,150.0,21.59607881568628,61.94148634401749,100412.83249335106,1,0.034909803,1.9772586,150.0349098034203,1.9772586
22.611898734177217,114.0606329113924,150.0,21.59607881568628,61.94148634401749,100412.83249335106,1,-0.06364601,0.8219346,149.93635398894548,0.8219346
22.611898734177217,114.06088607594936,150.0,21.59607881568628,61.94148634401749,100412.83249335106,1,-0.35261536,0.7484539,149.6473846435547,0.7484539
22.611898734177217,114.06113924050632,150.0,21.59607881568628,61.94148634401749,100412.83249335106,1,-0.3959758,0.4624956,149.60402420163155,0.4624956
22.611898734177217,114.06139240506329,150.0,21.59607881568628,61.94148634401749,100412.83249335106,1,-0.24760151,1.058367,149.75239849090576,1.058367
22.611898734177217,114.06164556962025,150.0,21.59607881568628,61.94148634401749,100412.83249335106,1,-0.08258427,0.6186338,149.9174157306552,0.6186338
22.611898734177217,114.0618987341772,150.0,21.59607881568628,61.94148634401749,100412.83249335106,1,0.027476287,1.4286469,150.0274762865156,1.4286469
22.611898734177217,114.06215189873417,150.0,21.59607881568628,61.94148634401749,100412.83249335106,1,-0.19743687,0.5196728,149.80256313085556,0.5196728
22.611898734177217,114.06240506329114,150.0,21.59607881568628,61.94148634401749,100412.83249335106,1,-0.15066288,1.4889385,149.84933711588383,1.4889385
22.611898734177217,114.06265822784809,150.0,21.59607881568628,61.94148634401749,100412.83249335106,1,-0.22568153,0.5677791,149.77431847155094,0.5677791
22.611898734177217,114.06291139240506,150.0,21.59607881568628,61.94148634401749,100412.83249335106,1,0.19348541,2.644294,150.19348540902138,2.644294
22.611898734177217,114.06316455696202,150.0,21.59607881568628,61.94148634401749,100412.83249335106,1,-0.17274451,2.1803844,149.82725548744202,2.1803844
22.611898734177217,114.06341772151899,150.0,21.59607881568628,61.94148634401749,100412.83249335106,1,-0.19581641,1.3316778,149.8041835874319,1.3316778
22.611898734177217,114.06367088607594,150.0,21.59607881568628,61.94148634401749,100412.83249335106,1,-0.67840445,0.80043745,149.32159554958344,0.80043745
22.611898734177217,114.0639240506329,150.0,21.59607881568628,61.94148634401749,100412.83249335106,1,0.64904964,4.5789366,150.64904963970184,4.5789366
22.611898734177217,114.06417721518987,150.0,21.59607881568628,61.94148634401749,100412.83249335106,1,1.6884902,8.627838,151.688490152359,8.627838
22.611898734177217,114.06443037974682,150.0,21.59607881568628,61.94148634401749,100412.83249335106,1,1.3196852,8.639764,151.31968522071838,8.639764
22.611898734177217,114.06468354430379,150.0,21.59607881568628,61.94148634401749,100412.83249335106,1,-0.0007330033,2.576348,149.99926699668868,2.576348
22.611898734177217,114.06493670886076,150.0,21.59607881568628,61.94148634401749,100412.83249335106,1,0.6218512,6.2922473,150.6218512058258,6.2922473
22.611898734177217,114.06518987341772,150.0,21.59607881568628,61.94148634401749,100412.83249335106,1,2.4641736,12.6023,152.46417355537415,12.6023
22.611898734177217,114.06544303797467,150.0,21.59607881568628,61.94148634401749,100412.83249335106,1,4.8937573,14.069327,154.89375734329224,14.069327
22.611898734177217,114.06569620253164,150.0,21.59607881568628,61.94148634401749,100412.83249335106,1,2.297007,10.252346,152.29700708389282,10.252346
22.611898734177217,114.0659493670886,150.0,21.59607881568628,61.94148634401749,100412.83249335106,1,3.2651522,7.212442,153.26515221595764,7.212442
22.611898734177217,114.06620253164556,150.0,21.59607881568628,61.94148634401749,100412.83249335106,1,3.117839,10.938501,153.11783909797668,10.938501
22.611898734177217,114.06645569620252,150.0,21.59607881568628,61.94148634401749,100412.83249335106,1,9.233364,18.038754,159.2333641052246,18.038754
22.611898734177217,114.06670886075949,150.0,21.59607881568628,61.94148634401749,100412.83249335106,1,4.787882,8.714699,154.7878818511963,8.714699
22.611898734177217,114.06696202531644,150.0,21.59607881568628,61.94148634401749,100412.83249335106,1,3.2416463,8.492736,153.24164628982544,8.492736
22.611898734177217,114.06721518987341,150.0,21.59607881568628,61.94148634401749,100412.83249335106,1,6.288959,13.494085,156.28895902633667,13.494085
22.611898734177217,114.06746835443037,150.0,21.59607881568628,61.94148634401749,100412.83249335106,1,15.713057,25.887184,165.71305656433105,25.887184
22.611898734177217,114.06772151898734,150.0,21.59607881568628,61.94148634401749,100412.83249335106,1,17.948454,23.293928,167.94845390319824,23.293928
22.611898734177217,114.06797468354429,150.0,21.59607881568628,61.94148634401749,100412.83249335106,1,15.920119,25.285456,165.9201192855835,25.285456
22.611898734177217,114.06822784810126,150.0,21.59607881568628,61.94148634401749,100412.83249335106,1,23.307163,27.009398,173.3071632385254,27.009398
22.611898734177217,114.06848101265822,150.0,21.59607881568628,61.94148634401749,100412.83249335106,1,31.368774,28.407444,181.3687744140625,28.407444
22.611898734177217,114.06873417721518,150.0,21.59607881568628,61.94148634401749,100412.83249335106,1,29.83458,30.232224,179.83457946777344,30.232224
22.611898734177217,114.06898734177214,150.0,21.59607881568628,61.94148634401749,100412.83249335106,1,34.798935,33.868504,184.79893493652344,33.868504
22.611898734177217,114.06924050632911,150.0,21.59607881568628,61.94148634401749,100412.83249335106,1,21.938423,29.09127,171.93842315673828,29.09127
22.611898734177217,114.06949367088608,150.0,21.59607881568628,61.94148634401749,100412.83249335106,1,45.71126,32.893566,195.71126174926758,32.893566
22.611898734177217,114.06974683544303,150.0,21.59607881568628,61.94148634401749,100412.83249335106,1,35.195454,30.844057,185.19545364379883,30.844057
22.611898734177217,114.07,150.0,21.59607881568628,61.94148634401749,100412.83249335106,1,36.69437,28.576214,186.6943702697754,28.576214
22.61215189873418,114.05,150.0,21.59607881568628,61.94148634401749,100412.83249335106,1,-0.045451924,0.5279913,149.95454807579517,0.5279913
22.61215189873418,114.05025316455696,150.0,21.59607881568628,61.94148634401749,100412.83249335106,1,-0.17326704,0.6175561,149.8267329633236,0.6175561
22.61215189873418,114.05050632911392,150.0,21.59607881568628,61.94148634401749,100412.83249335106,1,-0.07447563,0.74285924,149.92552436888218,0.74285924
22.61215189873418,114.05075949367088,150.0,21.59607881568628,61.94148634401749,100412.83249335106,1,-0.015257733,0.5940535,149.9847422670573,0.5940535
22.61215189873418,114.05101265822785,150.0,21.59607881568628,61.94148634401749,100412.83249335106,1,-0.1413235,0.5108236,149.85867649316788,0.5108236
22.61215189873418,114.05126582278481,150.0,21.59607881568628,61.94148634401749,100412.83249335106,1,-0.029381316,0.44981748,149.9706186838448,0.44981748
22.61215189873418,114.05151898734177,150.0,21.59607881568628,61.94148634401749,100412.83249335106,1,-0.090934895,0.5388843,149.909065105021,0.5388843
22.61215189873418,114.05177215189873,150.0,21.59607881568628,61.94148634401749,100412.83249335106,1,-0.11715124,0.53369945,149.88284876197577,0.53369945
22.61215189873418,114.0520253164557,150.0,21.59607881568628,61.94148634401749,100412.83249335106,1,-0.00921308,0.56892705,149.99078692030162,0.56892705
22.61215189873418,114.05227848101265,150.0,21.59607881568628,61.94148634401749,100412.83249335106,1,-0.065333374,0.46935955,149.93466662615538,0.46935955
22.61215189873418,114.05253164556962,150.0,21.59607881568628,61.94148634401749,100412.83249335106,1,-0.1044606,0.6316969,149.89553940296173,0.6316969
22.61215189873418,114.05278481012658,150.0,21.59607881568628,61.94148634401749,100412.83249335106,1,-0.13756727,0.43478522,149.86243273317814,0.43478522
22.61215189873418,114.05303797468355,150.0,21.59607881568628,61.94148634401749,100412.83249335106,1,-0.20035218,0.45191905,149.7996478229761,0.45191905
22.61215189873418,114.0532911392405,150.0,21.59607881568628,61.94148634401749,100412.83249335106,1,0.03208373,0.53913546,150.03208373114467,0.53913546
22.61215189873418,114.05354430379747,150.0,21.59607881568628,61.94148634401749,100412.83249335106,1,-0.16974874,0.29801723,149.8302512615919,0.29801723
22.61215189873418,114.05379746835443,150.0,21.59607881568628,61.94148634401749,100412.83249335106,1,-0.10470843,0.50470525,149.89529156684875,0.50470525
22.61215189873418,114.05405063291138,150.0,21.59607881568628,61.94148634401749,100412.83249335106,1,-0.105938606,0.51267505,149.89406139403582,0.51267505
22.61215189873418,114.05430379746835,150.0,21.59607881568628,61.94148634401749,100412.83249335106,1,-0.11184567,0.50022656,149.88815432786942,0.50022656
22.61215189873418,114.05455696202532,150.0,21.59607881568628,61.94148634401749,100412.83249335106,1,-0.18347868,0.52356064,149.81652131676674,0.52356064
22.61215189873418,114.05481012658227,150.0,21.59607881568628,61.94148634401749,100412.83249335106,1,0.080755614,0.6472264,150.08075561374426,0.6472264
22.61215189873418,114.05506329113923,150.0,21.59607881568628,61.94148634401749,100412.83249335106,1,-0.18372527,0.5589336,149.8162747323513,0.5589336
22.61215189873418,114.0553164556962,150.0,21.59607881568628,61.94148634401749,100412.83249335106,1,-0.12623568,0.56290764,149.873764321208,0.56290764
22.61215189873418,114.05556962025317,150.0,21.59607881568628,61.94148634401749,100412.83249335106,1,-0.2100736,0.55510396,149.7899263948202,0.55510396
22.61215189873418,114.05582278481012,150.0,21.59607881568628,61.94148634401749,100412.83249335106,1,-0.09056192,0.5067449,149.90943808108568,0.5067449
22.61215189873418,114.05607594936708,150.0,21.59607881568628,61.94148634401749,100412.83249335106,1,-0.17967057,0.61910355,149.82032942771912,0.61910355
22.61215189873418,114.05632911392405,150.0,21.59607881568628,61.94148634401749,100412.83249335106,1,-0.10311337,0.47606862,149.89688663184643,0.47606862
22.61215189873418,114.056582278481,150.0,21.59607881568628,61.94148634401749,100412.83249335106,1,-0.14665134,0.5132153,149.85334865748882,0.5132153
22.61215189873418,114.05683544303797,150.0,21.59607881568628,61.94148634401749,100412.83249335106,1,-0.14768103,0.46865496,149.85231897234917,0.46865496
22.61215189873418,114.05708860759493,150.0,21.59607881568628,61.94148634401749,100412.83249335106,1,0.03449085,0.5879106,150.03449084982276,0.5879106
22.61215189873418,114.0573417721519,150.0,21.59607881568628,61.94148634401749,100412.83249335106,1,-0.15212128,0.57051337,149.84787872433662,0.57051337
22.61215189873418,114.05759493670885,150.0,21.59607881568628,61.94148634401749,100412.83249335106,1,0.121718444,0.51370364,150.12171844393015,0.51370364
22.61215189873418,114.05784810126582,150.0,21.59607881568628,61.94148634401749,100412.83249335106,1,-0.061462626,0.6144014,149.93853737413883,0.6144014
22.61215189873418,114.05810126582278,150.0,21.59607881568628,61.94148634401749,100412.83249335106,1,-0.2519952,0.5385575,149.7480047941208,0.5385575
22.61215189873418,114.05835443037974,150.0,21.59607881568628,61.94148634401749,100412.83249335106,1,-0.16798066,0.51468563,149.8320193439722,0.51468563
22.61215189873418,114.0586075949367,150.0,21.59607881568628,61.94148634401749,100412.83249335106,1,-0.14572124,0.50076085,149.85427875816822,0.50076085
22.61215189873418,114.05886075949367,150.0,21.59607881568628,61.94148634401749,100412.83249335106,1,-0.12797007,0.574057,149.87202993035316,0.574057
22.61215189873418,114.05911392405064,150.0,21.59607881568628,61.94148634401749,100412.83249335106,1,-0.051440366,0.63787866,149.9485596343875,0.63787866
22.61215189873418,114.05936708860759,150.0,21.59607881568628,61.94148634401749,100412.83249335106,1,-0.25395325,0.46164256,149.7460467517376,0.46164256
22.61215189873418,114.05962025316455,150.0,21.59607881568628,61.94148634401749,100412.83249335106,1,-0.13031206,0.52024347,149.86968794465065,0.52024347
22.61215189873418,114.05987341772152,150.0,21.59607881568628,61.94148634401749,100412.83249335106,1,-0.08519592,1.0226573,149.91480407863855,1.0226573
22.61215189873418,114.06012658227847,150.0,21.59607881568628,61.94148634401749,100412.83249335106,1,0.004012786,0.50223076,150.00401278585196,0.50223076
22.61215189873418,114.06037974683544,150.0,21.59607881568628,61.94148634401749,100412.83249335106,1,-0.13426334,0.54537046,149.86573666334152,0.54537046
22.61215189873418,114.0606329113924,150.0,21.59607881568628,61.94148634401749,100412.83249335106,1,0.11524801,1.388305,150.1152480095625,1.388305
22.61215189873418,114.06088607594936,150.0,21.59607881568628,61.94148634401749,100412.83249335106,1,-0.2763264,0.60918766,149.72367361187935,0.60918766
22.61215189873418,114.06113924050632,150.0,21.59607881568628,61.94148634401749,100412.83249335106,1,-0.18647125,0.6848663,149.8135287463665,0.6848663
22.61215189873418,114.06139240506329,150.0,21.59607881568628,61.94148634401749,100412.83249335106,1,-0.17834085,0.5719054,149.8216591477394,0.5719054
22.61215189873418,114.06164556962025,150.0,21.59607881568628,61.94148634401749,100412.83249335106,1,-0.30693758,0.91980207,149.69306242465973,0.91980207
22.61215189873418,114.0618987341772,150.0,21.59607881568628,61.94148634401749,100412.83249335106,1,-0.3066915,0.9679815,149.69330850243568,0.9679815
22.61215189873418,114.06215189873417,150.0,21.59607881568628,61.94148634401749,100412.83249335106,1,-0.26988888,0.9208918,149.73011112213135,0.9208918
22.61215189873418,114.06240506329114,150.0,21.59607881568628,61.94148634401749,100412.83249335106,1,-0.23399223,1.1501949,149.7660077661276,1.1501949
22.61215189873418,114.06265822784809,150.0,21.59607881568628,61.94148634401749,100412.83249335106,1,0.05874969,0.95801234,150.0587496906519,0.95801234
22.61215189873418,114.06291139240506,150.0,21.59607881568628,61.94148634401749,100412.83249335106,1,0.91320807,7.6095386,150.91320806741714,7.6095386
22.61215189873418,114.06316455696202,150.0,21.59607881568628,61.94148634401749,100412.83249335106,1,-0.41454837,0.7644797,149.5854516327381,0.7644797
22.61215189873418,114.06341772151899,150.0,21.59607881568628,61.94148634401749,100412.83249335106,1,2.0682604,8.537669,152.06826043128967,8.537669
22.61215189873418,114.06367088607594,150.0,21.59607881568628,61.94148634401749,100412.83249335106,1,-0.43574426,0.9023757,149.56425574421883,0.9023757
22.61215189873418,114.0639240506329,150.0,21.59607881568628,61.94148634401749,100412.83249335106,1,2.4936867,9.842337,152.4936866760254,9.842337
22.61215189873418,114.06417721518987,150.0,21.59607881568628,61.94148634401749,100412.83249335106,1,0.12348713,2.9102542,150.12348712980747,2.9102542
22.61215189873418,114.06443037974682,150.0,21.59607881568628,61.94148634401749,100412.83249335106,1,1.2994684,6.071607,151.29946839809418,6.071607
22.61215189873418,114.06468354430379,150.0,21.59607881568628,61.94148634401749,100412.83249335106,1,-0.3677001,0.89645565,149.63229990005493,0.89645565
22.61215189873418,114.06493670886076,150.0,21.59607881568628,61.94148634401749,100412.83249335106,1,-0.53792083,0.85074395,149.46207916736603,0.85074395
22.61215189873418,114.06518987341772,150.0,21.59607881568628,61.94148634401749,100412.83249335106,1,7.2581677,16.535982,157.25816774368286,16.535982
22.61215189873418,114.06544303797467,150.0,21.59607881568628,61.94148634401749,100412.83249335106,1,-0.41908532,1.1020725,149.58091467618942,1.1020725
22.61215189873418,114.06569620253164,150.0,21.59607881568628,61.94148634401749,100412.83249335106,1,3.0327926,13.813965,153.0327925682068,13.813965
22.61215189873418,114.0659493670886,150.0,21.59607881568628,61.94148634401749,100412.83249335106,1,1.0112262,7.9805856,151.01122617721558,7.9805856
22.61215189873418,114.06620253164556,150.0,21.59607881568628,61.94148634401749,100412.83249335106,1,3.2759688,7.862378,153.27596879005432,7.862378
22.61215189873418,114.06645569620252,150.0,21.59607881568628,61.94148634401749,100412.83249335106,1,6.1364136,16.965788,156.13641357421875,16.965788
22.61215189873418,114.06670886075949,150.0,21.59607881568628,61.94148634401749,100412.83249335106,1,5.06067,11.985566,155.06066989898682,11.985566
22.61215189873418,114.06696202531644,150.0,21.59607881568628,61.94148634401749,100412.83249335106,1,8.619469,18.751896,158.61946868896484,18.751896
22.61215189873418,114.06721518987341,150.0,21.59607881568628,61.94148634401749,100412.83249335106,1,14.145886,26.779087,164.1458864212036,26.779087
22.61215189873418,114.06746835443037,150.0,21.59607881568628,61.94148634401749,100412.83249335106,1,20.318792,28.783098,170.31879234313965,28.783098
22.61215189873418,114.06772151898734,150.0,21.59607881568628,61.94148634401749,100412.83249335106,1,24.974401,26.246859,174.97440147399902,26.246859
22.61215189873418,114.06797468354429,150.0,21.59607881568628,61.94148634401749,100412.83249335106,1,12.468219,20.57605,162.46821880340576,20.57605
22.61215189873418,114.06822784810126,150.0,21.59607881568628,61.94148634401749,100412.83249335106,1,32.420586,34.59116,182.42058563232422,34.59116
22.61215189873418,114.06848101265822,150.0,21.59607881568628,61.94148634401749,100412.83249335106,1,10.35073,20.065016,160.35072994232178,20.065016
22.61215189873418,114.06873417721518,150.0,21.59607881568628,61.94148634401749,100412.83249335106,1,36.413475,29.802032,186.4134750366211,29.802032
22.61215189873418,114.06898734177214,150.0,21.59607881568628,61.94148634401749,100412.83249335106,1,25.0015,28.046978,175.0014991760254,28.046978
22.61215189873418,114.06924050632911,150.0,21.59607881568628,61.94148634401749,100412.83249335106,1,25.138422,28.611826,175.1384220123291,28.611826
22.61215189873418,114.06949367088608,150.0,21.59607881568628,61.94148634401749,100412.83249335106,1,24.941132,29.338646,174.94113159179688,29.338646
22.61215189873418,114.06974683544303,150.0,21.59607881568628,61.94148634401749,100412.83249335106,1,23.082283,29.071577,173.08228302001953,29.071577
22.61215189873418,114.07,150.0,21.59607881568628,61.94148634401749,100412.83249335106,1,41.366123,31.49479,191.3661231994629,31.49479
22.612405063291142,114.05,150.0,21.59607881568628,61.94148634401749,100412.83249335106,1,-0.24749495,0.49810746,149.75250504910946,0.49810746
22.612405063291142,114.05025316455696,150.0,21.59607881568628,61.94148634401749,100412.83249335106,1,0.02084366,0.54288626,150.02084366045892,0.54288626
22.612405063291142,114.05050632911392,150.0,21.59607881568628,61.94148634401749,100412.83249335106,1,-0.11455357,0.34433687,149.88544642925262,0.34433687
22.612405063291142,114.05075949367088,150.0,21.59607881568628,61.94148634401749,100412.83249335106,1,-0.09200087,0.62227404,149.90799912810326,0.62227404
22.612405063291142,114.05101265822785,150.0,21.59607881568628,61.94148634401749,100412.83249335106,1,-0.21518305,0.4754999,149.78481695055962,0.4754999
22.612405063291142,114.05126582278481,150.0,21.59607881568628,61.94148634401749,100412.83249335106,1,-0.16896115,0.5809623,149.83103884756565,0.5809623
22.612405063291142,114.05151898734177,150.0,21.59607881568628,61.94148634401749,100412.83249335106,1,-0.17331983,0.5349767,149.82668016850948,0.5349767
22.612405063291142,114.05177215189873,150.0,21.59607881568628,61.94148634401749,100412.83249335106,1,-0.18460324,0.7439762,149.81539675593376,0.7439762
22.612405063291142,114.0520253164557,150.0,21.59607881568628,61.94148634401749,100412.83249335106,1,-0.28113034,0.45411512,149.7188696563244,0.45411512
22.612405063291142,114.05227848101265,150.0,21.59607881568628,61.94148634401749,100412.83249335106,1,-0.22037783,0.41941175,149.77962216734886,0.41941175
22.612405063291142,114.05253164556962,150.0,21.59607881568628,61.94148634401749,100412.83249335106,1,-0.032816608,0.40714735,149.96718339249492,0.40714735
22.612405063291142,114.05278481012658,150.0,21.59607881568628,61.94148634401749,100412.83249335106,1,-0.21942686,0.5009687,149.7805731445551,0.5009687
22.612405063291142,114.05303797468355,150.0,21.59607881568628,61.94148634401749,100412.83249335106,1,-0.23638885,0.51379603,149.76361115276814,0.51379603
22.612405063291142,114.0532911392405,150.0,21.59607881568628,61.94148634401749,100412.83249335106,1,-0.09887746,0.5409672,149.90112254023552,0.5409672
22.612405063291142,114.05354430379747,150.0,21.59607881568628,61.94148634401749,100412.83249335106,1,-0.11778261,0.40517375,149.8822173923254,0.40517375
22.612405063291142,114.05379746835443,150.0,21.59607881568628,61.94148634401749,100412.83249335106,1,-0.15797915,0.5078598,149.8420208543539,0.5078598
22.612405063291142,114.05405063291138,150.0,21.59607881568628,61.94148634401749,100412.83249335106,1,-0.12137773,0.5734906,149.87862227112055,0.5734906
22.612405063291142,114.05430379746835,150.0,21.59607881568628,61.94148634401749,100412.83249335106,1,-0.07807635,0.6362003,149.9219236522913,0.6362003
22.612405063291142,114.05455696202532,150.0,21.59607881568628,61.94148634401749,100412.83249335106,1,-0.006014669,0.4367667,149.99398533115163,0.4367667
22.612405063291142,114.05481012658227,150.0,21.59607881568628,61.94148634401749,100412.83249335106,1,-0.25956577,0.55662435,149.74043422937393,0.55662435
22.612405063291142,114.05506329113923,150.0,21.59607881568628,61.94148634401749,100412.83249335106,1,-0.07437444,0.54488975,149.92562556266785,0.54488975
22.612405063291142,114.0553164556962,150.0,21.59607881568628,61.94148634401749,100412.83249335106,1,-0.12501365,0.58194464,149.87498635053635,0.58194464
22.612405063291142,114.05556962025317,150.0,21.59607881568628,61.94148634401749,100412.83249335106,1,0.04447172,0.54356015,150.04447171837091,0.54356015
22.612405063291142,114.05582278481012,150.0,21.59607881568628,61.94148634401749,100412.83249335106,1,-0.08931781,0.54041237,149.91068218648434,0.54041237
22.612405063291142,114.05607594936708,150.0,21.59607881568628,61.94148634401749,100412.83249335106,1,-0.076678045,0.5003388,149.923321954906,0.5003388
22.612405063291142,114.05632911392405,150.0,21.59607881568628,61.94148634401749,100412.83249335106,1,0.054761965,0.6594884,150.05476196482778,0.6594884
22.612405063291142,114.056582278481,150.0,21.59607881568628,61.94148634401749,100412.83249335106,1,-0.0057316897,0.5319283,149.9942683102563,0.5319283
22.612405063291142,114.05683544303797,150.0,21.59607881568628,61.94148634401749,100412.83249335106,1,-0.117834546,0.48249587,149.88216545432806,0.48249587
22.612405063291142,114.05708860759493,150.0,21.59607881568628,61.94148634401749,100412.83249335106,1,-0.042024083,0.5415925,149.95797591656446,0.5415925
22.612405063291142,114.0573417721519,150.0,21.59607881568628,61.94148634401749,100412.83249335106,1,-0.041608706,0.41940305,149.95839129388332,0.41940305
22.612405063291142,114.05759493670885,150.0,21.59607881568628,61.94148634401749,100412.83249335106,1,-0.17115802,1.0168197,149.828841984272,1.0168197
22.612405063291142,114.05784810126582,150.0,21.59607881568628,61.94148634401749,100412.83249335106,1,-0.14602824,0.31906977,149.8539717644453,0.31906977
22.612405063291142,114.05810126582278,150.0,21.59607881568628,61.94148634401749,100412.83249335106,1,-0.06300427,0.6294946,149.93699572980404,0.6294946
22.612405063291142,114.05835443037974,150.0,21.59607881568628,61.94148634401749,100412.83249335106,1,0.0047917324,0.5681359,150.00479173241183,0.5681359
22.612405063291142,114.0586075949367,150.0,21.59607881568628,61.94148634401749,100412.83249335106,1,-0.07421701,0.5359893,149.92578299343586,0.5359893
22.612405063291142,114.05886075949367,150.0,21.59607881568628,61.94148634401749,100412.83249335106,1,-0.18271652,0.5396248,149.81728348135948,0.5396248
22.612405063291142,114.05911392405064,150.0,21.59607881568628,61.94148634401749,100412.83249335106,1,-0.12662883,0.68355745,149.87337116897106,0.68355745
22.612405063291142,114.05936708860759,150.0,21.59607881568628,61.94148634401749,100412.83249335106,1,-0.13018604,0.55685127,149.86981396377087,0.55685127
22.612405063291142,114.05962025316455,150.0,21.59607881568628,61.94148634401749,100412.83249335106,1,-0.1948451,0.4452265,149.80515490472317,0.4452265
22.612405063291142,114.05987341772152,150.0,21.59607881568628,61.94148634401749,100412.83249335106,1,0.000956659,0.6001835,150.00095665897243,0.6001835
22.612405063291142,114.06012658227847,150.0,21.59607881568628,61.94148634401749,100412.83249335106,1,-0.19794475,0.52675134,149.8020552545786,0.52675134
22.612405063291142,114.06037974683544,150.0,21.59607881568628,61.94148634401749,100412.83249335106,1,-0.29704258,0.5626264,149.7029574215412,0.5626264
22.612405063291142,114.0606329113924,150.0,21.59607881568628,61.94148634401749,100412.83249335106,1,-0.22581516,0.83698547,149.77418483793736,0.83698547
22.612405063291142,114.06088607594936,150.0,21.59607881568628,61.94148634401749,100412.83249335106,1,-0.22452788,0.701745,149.77547211945057,0.701745
22.612405063291142,114.06113924050632,150.0,21.59607881568628,61.94148634401749,100412.83249335106,1,-0.32424057,0.61147875,149.6757594347,0.61147875
22.612405063291142,114.06139240506329,150.0,21.59607881568628,61.94148634401749,100412.83249335106,1,-0.03834688,0.61668944,149.96165312081575,0.61668944
22.612405063291142,114.06164556962025,150.0,21.59607881568628,61.94148634401749,100412.83249335106,1,-0.19510314,0.5936574,149.80489686131477,0.5936574
22.612405063291142,114.0618987341772,150.0,21.59607881568628,61.94148634401749,100412.83249335106,1,-0.25784868,0.64754903,149.74215131998062,0.64754903
22.612405063291142,114.06215189873417,150.0,21.59607881568628,61.94148634401749,100412.83249335106,1,-0.6458271,0.81480813,149.35417288541794,0.81480813
22.612405063291142,114.06240506329114,150.0,21.59607881568628,61.94148634401749,100412.83249335106,1,-0.4398426,0.79822266,149.56015738844872,0.79822266
22.612405063291142,114.06265822784809,150.0,21.59607881568628,61.94148634401749,100412.83249335106,1,-0.16731517,0.8295666,149.83268482983112,0.8295666
22.612405063291142,114.06291139240506,150.0,21.59607881568628,61.94148634401749,100412.83249335106,1,-0.22330925,0.65092283,149.77669075131416,0.65092283
22.612405063291142,114.06316455696202,150.0,21.59607881568628,61.94148634401749,100412.83249335106,1,-0.03845493,1.3335667,149.96154506877065,1.3335667
22.612405063291142,114.06341772151899,150.0,21.59607881568628,61.94148634401749,100412.83249335106,1,-0.41611922,1.0692153,149.58388078212738,1.0692153
22.612405063291142,114.06367088607594,150.0,21.59607881568628,61.94148634401749,100412.83249335106,1,0.34674832,2.3299685,150.34674832224846,2.3299685
22.612405063291142,114.0639240506329,150.0,21.59607881568628,61.94148634401749,100412.83249335106,1,1.1530179,7.499426,151.1530178785324,7.499426
22.612405063291142,114.06417721518987,150.0,21.59607881568628,61.94148634401749,100412.83249335106,1,0.20031486,1.924108,150.20031486451626,1.924108
22.612405063291142,114.06443037974682,150.0,21.59607881568628,61.94148634401749,100412.83249335106,1,2.0369468,12.4097185,152.03694677352905,12.4097185
22.612405063291142,114.06468354430379,150.0,21.59607881568628,61.94148634401749,100412.83249335106,1,3.1897807,10.611611,153.18978071212769,10.611611
22.612405063291142,114.06493670886076,150.0,21.59607881568628,61.94148634401749,100412.83249335106,1,2.1763623,9.751734,152.17636227607727,9.751734
22.612405063291142,114.06518987341772,150.0,21.59607881568628,61.94148634401749,100412.83249335106,1,2.9633625,6.647833,152.96336245536804,6.647833
22.612405063291142,114.06544303797467,150.0,21.59607881568628,61.94148634401749,100412.83249335106,1,6.403294,17.125822,156.4032940864563,17.125822
22.612405063291142,114.06569620253164,150.0,21.59607881568628,61.94148634401749,100412.83249335106,1,2.137285,7.685792,152.13728499412537,7.685792
22.612405063291142,114.0659493670886,150.0,21.59607881568628,61.94148634401749,100412.83249335106,1,4.1289673,12.062553,154.12896728515625,12.062553
22.612405063291142,114.06620253164556,150.0,21.59607881568628,61.94148634401749,100412.83249335106,1,6.514645,12.225975,156.5146450996399,12.225975
22.612405063291142,114.06645569620252,150.0,21.59607881568628,61.94148634401749,100412.83249335106,1,7.328212,19.11144,157.3282117843628,19.11144
22.612405063291142,114.06670886075949,150.0,21.59607881568628,61.94148634401749,100412.83249335106,1,17.64214,28.170977,167.64213943481445,28.170977
22.612405063291142,114.06696202531644,150.0,21.59607881568628,61.94148634401749,100412.83249335106,1,7.0292892,14.960332,157.02928924560547,14.960332
22.612405063291142,114.06721518987341,150.0,21.59607881568628,61.94148634401749,100412.83249335106,1,5.877988,15.952833,155.8779878616333,15.952833
22.612405063291142,114.06746835443037,150.0,21.59607881568628,61.94148634401749,100412.83249335106,1,10.60944,20.867636,160.60943984985352,20.867636
22.612405063291142,114.06772151898734,150.0,21.59607881568628,61.94148634401749,100412.83249335106,1,15.750094,24.566685,165.75009441375732,24.566685
22.612405063291142,114.06797468354429,150.0,21.59607881568628,61.94148634401749,100412.83249335106,1,22.194382,24.921518,172.1943817138672,24.921518
22.612405063291142,114.06822784810126,150.0,21.59607881568628,61.94148634401749,100412.83249335106,1,6.3947177,14.4000435,156.39471769332886,14.4000435
22.612405063291142,114.06848101265822,150.0,21.59607881568628,61.94148634401749,100412.83249335106,1,23.577927,32.95041,173.5779266357422,32.95041
22.612405063291142,114.06873417721518,150.0,21.59607881568628,61.94148634401749,100412.83249335106,1,20.792149,27.293987,170.7921485900879,27.293987
22.612405063291142,114.06898734177214,150.0,21.59607881568628,61.94148634401749,100412.83249335106,1,15.421776,25.114508,165.4217758178711,25.114508
22.612405063291142,114.06924050632911,150.0,21.59607881568628,61.94148634401749,100412.83249335106,1,33.762463,28.592554,183.7624626159668,28.592554
22.612405063291142,114.06949367088608,150.0,21.59607881568628,61.94148634401749,100412.83249335106,1,28.271683,30.28221,178.2716827392578,30.28221
22.612405063291142,114.06974683544303,150.0,21.59607881568628,61.94148634401749,100412.83249335106,1,30.394999,29.252531,180.39499855041504,29.252531
22.612405063291142,114.07,150.0,21.59607881568628,61.94148634401749,100412.83249335106,1,19.677162,27.749786,169.67716217041016,27.749786
22.6126582278481,114.05,150.0,21.59607881568628,61.94148634401749,100412.83249335106,1,0.04660099,0.44609776,150.0466009899974,0.44609776
22.6126582278481,114.05025316455696,150.0,21.59607881568628,61.94148634401749,100412.83249335106,1,-0.24622847,0.62487155,149.75377152860165,0.62487155
22.6126582278481,114.05050632911392,150.0,21.59607881568628,61.94148634401749,100412.83249335106,1,0.008468027,0.6243933,150.00846802722663,0.6243933
22.6126582278481,114.05075949367088,150.0,21.59607881568628,61.94148634401749,100412.83249335106,1,-0.06884134,0.5321985,149.93115866184235,0.5321985
22.6126582278481,114.05101265822785,150.0,21.59607881568628,61.94148634401749,100412.83249335106,1,-0.17887859,0.491299,149.8211214095354,0.491299
22.6126582278481,114.05126582278481,150.0,21.59607881568628,61.94148634401749,100412.83249335106,1,-0.22476266,0.54310846,149.7752373367548,0.54310846
22.6126582278481,114.05151898734177,150.0,21.59607881568628,61.94148634401749,100412.83249335106,1,-0.31325907,0.5084329,149.68674093484879,0.5084329
22.6126582278481,114.05177215189873,150.0,21.59607881568628,61.94148634401749,100412.83249335106,1,-0.0049002212,0.66448474,149.99509977875277,0.66448474
22.6126582278481,114.0520253164557,150.0,21.59607881568628,61.94148634401749,100412.83249335106,1,-0.09848321,0.40751666,149.9015167877078,0.40751666
22.6126582278481,114.05227848101265,150.0,21.59607881568628,61.94148634401749,100412.83249335106,1,-0.22473027,0.58914316,149.77526973187923,0.58914316
22.6126582278481,114.05253164556962,150.0,21.59607881568628,61.94148634401749,100412.83249335106,1,0.017341962,0.89895904,150.01734196208417,0.89895904
22.6126582278481,114.05278481012658,150.0,21.59607881568628,61.94148634401749,100412.83249335106,1,-0.10281616,0.38125005,149.89718384295702,0.38125005
22.6126582278481,114.05303797468355,150.0,21.59607881568628,61.94148634401749,100412.83249335106,1,-0.22034828,0.6422988,149.7796517163515,0.6422988
22.6126582278481,114.0532911392405,150.0,21.59607881568628,61.94148634401749,100412.83249335106,1,-0.2773907,0.5769933,149.72260931134224,0.5769933
22.6126582278481,114.05354430379747,150.0,21.59607881568628,61.94148634401749,100412.83249335106,1,-0.066807084,0.37606195,149.93319291621447,0.37606195
22.6126582278481,114.05379746835443,150.0,21.59607881568628,61.94148634401749,100412.83249335106,1,-0.049019326,0.5498438,149.95098067447543,0.5498438
22.6126582278481,114.05405063291138,150.0,21.59607881568628,61.94148634401749,100412.83249335106,1,-0.067351274,0.56084824,149.93264872580767,0.56084824
22.6126582278481,114.05430379746835,150.0,21.59607881568628,61.94148634401749,100412.83249335106,1,0.033737067,0.5617173,150.0337370671332,0.5617173
22.6126582278481,114.05455696202532,150.0,21.59607881568628,61.94148634401749,100412.83249335106,1,-0.13803577,0.506861,149.86196422576904,0.506861
22.6126582278481,114.05481012658227,150.0,21.59607881568628,61.94148634401749,100412.83249335106,1,0.09307143,0.6291425,150.09307143092155,0.6291425
22.6126582278481,114.05506329113923,150.0,21.59607881568628,61.94148634401749,100412.83249335106,1,-0.15559483,0.48028564,149.84440517425537,0.48028564
22.6126582278481,114.0553164556962,150.0,21.59607881568628,61.94148634401749,100412.83249335106,1,-0.20504753,0.4288834,149.79495246708393,0.4288834
22.6126582278481,114.05556962025317,150.0,21.59607881568628,61.94148634401749,100412.83249335106,1,-0.29616567,0.5608867,149.70383432507515,0.5608867
22.6126582278481,114.05582278481012,150.0,21.59607881568628,61.94148634401749,100412.83249335106,1,-0.12208507,0.55143595,149.87791492789984,0.55143595
22.6126582278481,114.05607594936708,150.0,21.59607881568628,61.94148634401749,100412.83249335106,1,-0.05517733,0.4731066,149.94482266902924,0.4731066
22.6126582278481,114.05632911392405,150.0,21.59607881568628,61.94148634401749,100412.83249335106,1,0.024211101,0.53503424,150.02421110123396,0.53503424
22.6126582278481,114.056582278481,150.0,21.59607881568628,61.94148634401749,100412.83249335106,1,-0.10338532,0.4575492,149.89661467820406,0.4575492
22.6126582278481,114.05683544303797,150.0,21.59607881568628,61.94148634401749,100412.83249335106,1,-0.122991815,0.56568736,149.8770081847906,0.56568736
22.6126582278481,114.05708860759493,150.0,21.59607881568628,61.94148634401749,100412.83249335106,1,-0.0295901,0.5909849,149.97040989995003,0.5909849
22.6126582278481,114.0573417721519,150.0,21.59607881568628,61.94148634401749,100412.83249335106,1,-0.2730763,0.53151155,149.72692370414734,0.53151155
22.6126582278481,114.05759493670885,150.0,21.59607881568628,61.94148634401749,100412.83249335106,1,-0.22922124,0.28645068,149.770778760314,0.28645068
22.6126582278481,114.05784810126582,150.0,21.59607881568628,61.94148634401749,100412.83249335106,1,0.2948485,2.6586726,150.29484850168228,2.6586726
22.6126582278481,114.05810126582278,150.0,21.59607881568628,61.94148634401749,100412.83249335106,1,-0.31410998,0.5596064,149.68589001893997,0.5596064
22.6126582278481,114.05835443037974,150.0,21.59607881568628,61.94148634401749,100412.83249335106,1,-0.12587257,0.8397528,149.87412743270397,0.8397528
22.6126582278481,114.0586075949367,150.0,21.59607881568628,61.94148634401749,100412.83249335106,1,0.08178293,0.606306,150.08178292959929,0.606306
22.6126582278481,114.05886075949367,150.0,21.59607881568628,61.94148634401749,100412.83249335106,1,-0.24712768,0.4721645,149.7528723180294,0.4721645
22.6126582278481,114.05911392405064,150.0,21.59607881568628,61.94148634401749,100412.83249335106,1,-0.34428906,0.51633483,149.65571093559265,0.51633483
22.6126582278481,114.05936708860759,150.0,21.59607881568628,61.94148634401749,100412.83249335106,1,-0.29509717,0.7420974,149.70490282773972,0.7420974
22.6126582278481,114.05962025316455,150.0,21.59607881568628,61.94148634401749,100412.83249335106,1,-0.21774343,0.5995888,149.78225657343864,0.5995888
22.6126582278481,114.05987341772152,150.0,21.59607881568628,61.94148634401749,100412.83249335106,1,-0.26058143,0.6452954,149.73941856622696,0.6452954
22.6126582278481,114.06012658227847,150.0,21.59607881568628,61.94148634401749,100412.83249335106,1,-0.082376145,0.45620227,149.9176238551736,0.45620227
22.6126582278481,114.06037974683544,150.0,21.59607881568628,61.94148634401749,100412.83249335106,1,0.32374543,3.4045184,150.32374542951584,3.4045184
22.6126582278481,114.0606329113924,150.0,21.59607881568628,61.94148634401749,100412.83249335106,1,-0.0700117,0.5476008,149.92998830229044,0.5476008
22.6126582278481,114.06088607594936,150.0,21.59607881568628,61.94148634401749,100412.83249335106,1,-0.34868178,0.51435363,149.65131822228432,0.51435363
22.6126582278481,114.06113924050632,150.0,21.59607881568628,61.94148634401749,100412.83249335106,1,1.0049872,7.007014,151.00498723983765,7.007014
22.6126582278481,114.06139240506329,150.0,21.59607881568628,61.94148634401749,100412.83249335106,1,-0.2256605,0.47526667,149.7743394970894,0.47526667
22.6126582278481,114.06164556962025,150.0,21.59607881568628,61.94148634401749,100412.83249335106,1,-0.3049919,0.5735141,149.69500809907913,0.5735141
22.6126582278481,114.0618987341772,150.0,21.59607881568628,61.94148634401749,100412.83249335106,1,-0.23481998,0.6938692,149.76518002152443,0.6938692
22.6126582278481,114.06215189873417,150.0,21.59607881568628,61.94148634401749,100412.83249335106,1,-0.2494955,0.4849726,149.75050449371338,0.4849726
22.6126582278481,114.06240506329114,150.0,21.59607881568628,61.94148634401749,100412.83249335106,1,-0.14325415,2.6278677,149.85674585402012,2.6278677
22.6126582278481,114.06265822784809,150.0,21.59607881568628,61.94148634401749,100412.83249335106,1,0.14222449,2.9356325,150.14222449064255,2.9356325
22.6126582278481,114.06291139240506,150.0,21.59607881568628,61.94148634401749,100412.83249335106,1,-0.5724654,0.6226627,149.4275345802307,0.6226627
22.6126582278481,114.06316455696202,150.0,21.59607881568628,61.94148634401749,100412.83249335106,1,-0.2618327,0.76733327,149.7381672859192,0.76733327
22.6126582278481,114.06341772151899,150.0,21.59607881568628,61.94148634401749,100412.83249335106,1,0.3703604,4.3283997,150.370360404253,4.3283997
22.6126582278481,114.06367088607594,150.0,21.59607881568628,61.94148634401749,100412.83249335106,1,0.42162538,4.6442394,150.42162537574768,4.6442394
22.6126582278481,114.0639240506329,150.0,21.59607881568628,61.94148634401749,100412.83249335106,1,-0.34626848,0.88386285,149.6537315249443,0.88386285
22.6126582278481,114.06417721518987,150.0,21.59607881568628,61.94148634401749,100412.83249335106,1,2.9182787,15.008081,152.91827869415283,15.008081
22.6126582278481,114.06443037974682,150.0,21.59607881568628,61.94148634401749,100412.83249335106,1,1.5514994,10.466153,151.55149936676025,10.466153
22.6126582278481,114.06468354430379,150.0,21.59607881568628,61.94148634401749,100412.83249335106,1,1.1596088,7.072792,151.15960884094238,7.072792
22.6126582278481,114.06493670886076,150.0,21.59607881568628,61.94148634401749,100412.83249335106,1,0.50895095,5.2304096,150.5089509487152,5.2304096
22.6126582278481,114.06518987341772,150.0,21.59607881568628,61.94148634401749,100412.83249335106,1,0.33648902,5.3832116,150.3364890217781,5.3832116
22.6126582278481,114.06544303797467,150.0,21.59607881568628,61.94148634401749,100412.83249335106,1,3.5039568,10.524238,153.50395679473877,10.524238
22.6126582278481,114.06569620253164,150.0,21.59607881568628,61.94148634401749,100412.83249335106,1,2.025076,13.034049,152.0250759124756,13.034049
22.6126582278481,114.0659493670886,150.0,21.59607881568628,61.94148634401749,100412.83249335106,1,6.9211254,15.985877,156.9211254119873,15.985877
22.6126582278481,114.06620253164556,150.0,21.59607881568628,61.94148634401749,100412.83249335106,1,0.1786012,3.277032,150.17860120534897,3.277032
22.6126582278481,114.06645569620252,150.0,21.59607881568628,61.94148634401749,100412.83249335106,1,6.5349917,15.814226,156.53499174118042,15.814226
22.6126582278481,114.06670886075949,150.0,21.59607881568628,61.94148634401749,100412.83249335106,1,5.3345146,17.808634,155.33451461791992,17.808634
22.6126582278481,114.06696202531644,150.0,21.59607881568628,61.94148634401749,100412.83249335106,1,4.7431583,14.490781,154.7431583404541,14.490781
22.6126582278481,114.06721518987341,150.0,21.59607881568628,61.94148634401749,100412.83249335106,1,9.208354,19.979202,159.20835399627686,19.979202
22.6126582278481,114.06746835443037,150.0,21.59607881568628,61.94148634401749,100412.83249335106,1,10.47637,20.455273,160.4763698577881,20.455273
22.6126582278481,114.06772151898734,150.0,21.59607881568628,61.94148634401749,100412.83249335106,1,16.198502,25.550215,166.19850158691406,25.550215
22.6126582278481,114.06797468354429,150.0,21.59607881568628,61.94148634401749,100412.83249335106,1,16.235165,24.365408,166.23516464233398,24.365408
22.6126582278481,114.06822784810126,150.0,21.59607881568628,61.94148634401749,100412.83249335106,1,18.478905,25.896143,168.4789047241211,25.896143
22.6126582278481,114.06848101265822,150.0,21.59607881568628,61.94148634401749,100412.83249335106,1,4.8393793,13.324335,154.8393793106079,13.324335
22.6126582278481,114.06873417721518,150.0,21.59607881568628,61.94148634401749,100412.83249335106,1,14.963705,23.285576,164.9637050628662,23.285576
22.6126582278481,114.06898734177214,150.0,21.59607881568628,61.94148634401749,100412.83249335106,1,32.852303,28.318071,182.85230255126953,28.318071
22.6126582278481,114.06924050632911,150.0,21.59607881568628,61.94148634401749,100412.83249335106,1,16.221659,27.790277,166.22165870666504,27.790277
22.6126582278481,114.06949367088608,150.0,21.59607881568628,61.94148634401749,100412.83249335106,1,20.267187,29.369688,170.26718711853027,29.369688
22.6126582278481,114.06974683544303,150.0,21.59607881568628,61.94148634401749,100412.83249335106,1,28.04061,31.800718,178.0406093597412,31.800718
22.6126582278481,114.07,150.0,21.59607881568628,61.94148634401749,100412.83249335106,1,19.78112,25.93261,169.78112030029297,25.93261
22.612911392405064,114.05,150.0,21.59607881568628,61.94148634401749,100412.83249335106,1,-0.32914022,0.70054424,149.67085978388786,0.70054424
22.612911392405064,114.05025316455696,150.0,21.59607881568628,61.94148634401749,100412.83249335106,1,-0.24778458,0.6359884,149.75221541523933,0.6359884
22.612911392405064,114.05050632911392,150.0,21.59607881568628,61.94148634401749,100412.83249335106,1,-0.19321097,0.33312014,149.80678902566433,0.33312014
22.612911392405064,114.05075949367088,150.0,21.59607881568628,61.94148634401749,100412.83249335106,1,-0.04424298,0.42014176,149.9557570181787,0.42014176
22.612911392405064,114.05101265822785,150.0,21.59607881568628,61.94148634401749,100412.83249335106,1,-0.074913464,0.5655057,149.9250865355134,0.5655057
22.612911392405064,114.05126582278481,150.0,21.59607881568628,61.94148634401749,100412.83249335106,1,-0.21806149,0.43428725,149.78193850815296,0.43428725
22.612911392405064,114.05151898734177,150.0,21.59607881568628,61.94148634401749,100412.83249335106,1,-0.23934276,0.62370944,149.76065723598003,0.62370944
22.612911392405064,114.05177215189873,150.0,21.59607881568628,61.94148634401749,100412.83249335106,1,-0.13007206,0.5210359,149.86992794275284,0.5210359
22.612911392405064,114.0520253164557,150.0,21.59607881568628,61.94148634401749,100412.83249335106,1,-0.019200744,0.65577734,149.98079925589263,0.65577734
22.612911392405064,114.05227848101265,150.0,21.59607881568628,61.94148634401749,100412.83249335106,1,-0.08889146,0.620704,149.91110853850842,0.620704
22.612911392405064,114.05253164556962,150.0,21.59607881568628,61.94148634401749,100412.83249335106,1,-0.19178553,0.5935533,149.80821447074413,0.5935533
22.612911392405064,114.05278481012658,150.0,21.59607881568628,61.94148634401749,100412.83249335106,1,0.14110374,0.7635882,150.14110374450684,0.7635882
22.612911392405064,114.05303797468355,150.0,21.59607881568628,61.94148634401749,100412.83249335106,1,-0.014921332,0.5359618,149.98507866822183,0.5359618
22.612911392405064,114.0532911392405,150.0,21.59607881568628,61.94148634401749,100412.83249335106,1,-0.10603037,0.35909352,149.89396963268518,0.35909352
22.612911392405064,114.05354430379747,150.0,21.59607881568628,61.94148634401749,100412.83249335106,1,-0.1133637,0.4327809,149.88663630187511,0.4327809
22.612911392405064,114.05379746835443,150.0,21.59607881568628,61.94148634401749,100412.83249335106,1,-0.16075921,0.44576183,149.83924078941345,0.44576183
22.612911392405064,114.05405063291138,150.0,21.59607881568628,61.94148634401749,100412.83249335106,1,0.00883235,0.4705396,150.00883235037327,0.4705396
22.612911392405064,114.05430379746835,150.0,21.59607881568628,61.94148634401749,100412.83249335106,1,-0.20658588,0.5411819,149.79341411590576,0.5411819
22.612911392405064,114.05455696202532,150.0,21.59607881568628,61.94148634401749,100412.83249335106,1,-0.19982456,0.5428338,149.80017544329166,0.5428338
22.612911392405064,114.05481012658227,150.0,21.59607881568628,61.94148634401749,100412.83249335106,1,-0.2387739,0.47044536,149.76122610270977,0.47044536
22.612911392405064,114.05506329113923,150.0,21.59607881568628,61.94148634401749,100412.83249335106,1,-0.23084955,0.48256758,149.7691504508257,0.48256758
22.612911392405064,114.0553164556962,150.0,21.59607881568628,61.94148634401749,100412.83249335106,1,-0.1570888,0.5107526,149.84291119873524,0.5107526
22.612911392405064,114.05556962025317,150.0,21.59607881568628,61.94148634401749,100412.83249335106,1,-0.08539729,0.5697437,149.91460271179676,0.5697437
22.612911392405064,114.05582278481012,150.0,21.59607881568628,61.94148634401749,100412.83249335106,1,0.08542757,0.5590514,150.08542756736279,0.5590514
22.612911392405064,114.05607594936708,150.0,21.59607881568628,61.94148634401749,100412.83249335106,1,-0.24498673,0.5267217,149.75501327216625,0.5267217
22.612911392405064,114.05632911392405,150.0,21.59607881568628,61.94148634401749,100412.83249335106,1,-0.106631406,0.4808463,149.89336859434843,0.4808463
22.612911392405064,114.056582278481,150.0,21.59607881568628,61.94148634401749,100412.83249335106,1,-0.2415254,0.57817656,149.75847460329533,0.57817656
22.612911392405064,114.05683544303797,150.0,21.59607881568628,61.94148634401749,100412.83249335106,1,-0.25528538,0.45376,149.7447146177292,0.45376
22.612911392405064,114.05708860759493,150.0,21.59607881568628,61.94148634401749,100412.83249335106,1,-0.15703383,0.4707165,149.84296616911888,0.4707165
22.612911392405064,114.0573417721519,150.0,21.59607881568628,61.94148634401749,100412.83249335106,1,-0.14438921,0.5848445,149.8556107878685,0.5848445
22.612911392405064,114.05759493670885,150.0,21.59607881568628,61.94148634401749,100412.83249335106,1,-0.047618978,0.4939206,149.9523810222745,0.4939206
22.612911392405064,114.05784810126582,150.0,21.59607881568628,61.94148634401749,100412.83249335106,1,-0.17835692,0.45619425,149.82164308428764,0.45619425
22.612911392405064,114.05810126582278,150.0,21.59607881568628,61.94148634401749,100412.83249335106,1,-0.0051044147,1.5198222,149.99489558534697,1.5198222
22.612911392405064,114.05835443037974,150.0,21.59607881568628,61.94148634401749,100412.83249335106,1,-0.22513142,0.48147893,149.77486857771873,0.48147893
22.612911392405064,114.0586075949367,150.0,21.59607881568628,61.94148634401749,100412.83249335106,1,-0.14033072,0.47515243,149.85966928303242,0.47515243
22.612911392405064,114.05886075949367,150.0,21.59607881568628,61.94148634401749,100412.83249335106,1,-0.039084718,0.5432665,149.96091528236866,0.5432665
22.612911392405064,114.05911392405064,150.0,21.59607881568628,61.94148634401749,100412.83249335106,1,-0.05787294,0.44383055,149.94212706014514,0.44383055
22.612911392405064,114.05936708860759,150.0,21.59607881568628,61.94148634401749,100412.83249335106,1,0.48009557,4.5449357,150.48009556531906,4.5449357
22.612911392405064,114.05962025316455,150.0,21.59607881568628,61.94148634401749,100412.83249335106,1,-0.10345721,0.5196514,149.89654278755188,0.5196514
22.612911392405064,114.05987341772152,150.0,21.59607881568628,61.94148634401749,100412.83249335106,1,-0.24041115,0.62181485,149.75958885252476,0.62181485
22.612911392405064,114.06012658227847,150.0,21.59607881568628,61.94148634401749,100412.83249335106,1,-0.0039560497,0.47413397,149.9960439503193,0.47413397
22.612911392405064,114.06037974683544,150.0,21.59607881568628,61.94148634401749,100412.83249335106,1,-0.18991098,0.60103226,149.81008902192116,0.60103226
22.612911392405064,114.0606329113924,150.0,21.59607881568628,61.94148634401749,100412.83249335106,1,0.23680401,1.7997495,150.2368040084839,1.7997495
22.612911392405064,114.06088607594936,150.0,21.59607881568628,61.94148634401749,100412.83249335106,1,-0.21222982,0.493951,149.7877701818943,0.493951
22.612911392405064,114.06113924050632,150.0,21.59607881568628,61.94148634401749,100412.83249335106,1,-0.67731524,0.5412411,149.32268476486206,0.5412411
22.612911392405064,114.06139240506329,150.0,21.59607881568628,61.94148634401749,100412.83249335106,1,-0.042473707,0.98054475,149.9575262926519,0.98054475
22.612911392405064,114.06164556962025,150.0,21.59607881568628,61.94148634401749,100412.83249335106,1,-0.18651567,0.632803,149.81348432600498,0.632803
22.612911392405064,114.0618987341772,150.0,21.59607881568628,61.94148634401749,100412.83249335106,1,-0.22798622,0.6779329,149.7720137834549,0.6779329
22.612911392405064,114.06215189873417,150.0,21.59607881568628,61.94148634401749,100412.83249335106,1,0.60904723,3.4255598,150.60904723405838,3.4255598
22.612911392405064,114.06240506329114,150.0,21.59607881568628,61.94148634401749,100412.83249335106,1,-0.35659236,0.58438367,149.64340764284134,0.58438367
22.612911392405064,114.06265822784809,150.0,21.59607881568628,61.94148634401749,100412.83249335106,1,-0.04038311,0.99452645,149.95961688831449,0.99452645
22.612911392405064,114.06291139240506,150.0,21.59607881568628,61.94148634401749,100412.83249335106,1,-0.16633676,0.61744255,149.8336632400751,0.61744255
22.612911392405064,114.06316455696202,150.0,21.59607881568628,61.94148634401749,100412.83249335106,1,1.012405,6.2478557,151.01240503787994,6.2478557
22.612911392405064,114.06341772151899,150.0,21.59607881568628,61.94148634401749,100412.83249335106,1,0.079313435,2.8372557,150.07931343466043,2.8372557
22.612911392405064,114.06367088607594,150.0,21.59607881568628,61.94148634401749,100412.83249335106,1,0.12042343,2.5840306,150.12042342871428,2.5840306
22.612911392405064,114.0639240506329,150.0,21.59607881568628,61.94148634401749,100412.83249335106,1,0.8089447,5.590771,150.80894470214844,5.590771
22.612911392405064,114.06417721518987,150.0,21.59607881568628,61.94148634401749,100412.83249335106,1,2.974396,12.893035,152.9743959903717,12.893035
22.612911392405064,114.06443037974682,150.0,21.59607881568628,61.94148634401749,100412.83249335106,1,3.1844838,10.938277,153.1844837665558,10.938277
22.612911392405064,114.06468354430379,150.0,21.59607881568628,61.94148634401749,100412.83249335106,1,2.1778567,7.2087445,152.17785668373108,7.2087445
22.612911392405064,114.06493670886076,150.0,21.59607881568628,61.94148634401749,100412.83249335106,1,0.8947114,5.385673,150.8947113752365,5.385673
22.612911392405064,114.06518987341772,150.0,21.59607881568628,61.94148634401749,100412.83249335106,1,0.6491724,6.811438,150.64917242527008,6.811438
22.612911392405064,114.06544303797467,150.0,21.59607881568628,61.94148634401749,100412.83249335106,1,1.0125562,4.6283255,151.0125561952591,4.6283255
22.612911392405064,114.06569620253164,150.0,21.59607881568628,61.94148634401749,100412.83249335106,1,6.6152153,19.95067,156.61521530151367,19.95067
22.612911392405064,114.0659493670886,150.0,21.59607881568628,61.94148634401749,100412.83249335106,1,2.3213377,9.706832,152.32133769989014,9.706832
22.612911392405064,114.06620253164556,150.0,21.59607881568628,61.94148634401749,100412.83249335106,1,4.6686163,13.847485,154.66861629486084,13.847485
22.612911392405064,114.06645569620252,150.0,21.59607881568628,61.94148634401749,100412.83249335106,1,3.2577925,13.630533,153.25779247283936,13.630533
22.612911392405064,114.06670886075949,150.0,21.59607881568628,61.94148634401749,100412.83249335106,1,6.4823227,16.752995,156.4823226928711,16.752995
22.612911392405064,114.06696202531644,150.0,21.59607881568628,61.94148634401749,100412.83249335106,1,6.582347,17.20973,156.58234691619873,17.20973
22.612911392405064,114.06721518987341,150.0,21.59607881568628,61.94148634401749,100412.83249335106,1,14.399935,23.249054,164.39993476867676,23.249054
22.612911392405064,114.06746835443037,150.0,21.59607881568628,61.94148634401749,100412.83249335106,1,5.792322,11.397116,155.79232215881348,11.397116
22.612911392405064,114.06772151898734,150.0,21.59607881568628,61.94148634401749,100412.83249335106,1,10.705455,20.961645,160.70545482635498,20.961645
22.612911392405064,114.06797468354429,150.0,21.59607881568628,61.94148634401749,100412.83249335106,1,4.2786407,11.849357,154.2786407470703,11.849357
22.612911392405064,114.06822784810126,150.0,21.59607881568628,61.94148634401749,100412.83249335106,1,15.36642,25.16111,165.3664197921753,25.16111
22.612911392405064,114.06848101265822,150.0,21.59607881568628,61.94148634401749,100412.83249335106,1,16.346672,24.321945,166.34667205810547,24.321945
22.612911392405064,114.06873417721518,150.0,21.59607881568628,61.94148634401749,100412.83249335106,1,18.900461,24.28719,168.9004611968994,24.28719
22.612911392405064,114.06898734177214,150.0,21.59607881568628,61.94148634401749,100412.83249335106,1,7.4087534,15.854652,157.40875339508057,15.854652
22.612911392405064,114.06924050632911,150.0,21.59607881568628,61.94148634401749,100412.83249335106,1,24.159666,31.261072,174.15966606140137,31.261072
22.612911392405064,114.06949367088608,150.0,21.59607881568628,61.94148634401749,100412.83249335106,1,30.56166,31.45838,180.56166076660156,31.45838
22.612911392405064,114.06974683544303,150.0,21.59607881568628,61.94148634401749,100412.83249335106,1,18.17755,29.192024,168.17754936218262,29.192024
22.612911392405064,114.07,150.0,21.59607881568628,61.94148634401749,100412.83249335106,1,23.233776,28.465034,173.2337760925293,28.465034
22.613164556962026,114.05,150.0,21.59607881568628,61.94148634401749,100412.83249335106,1,-0.14269991,0.37608537,149.85730008780956,0.37608537
22.613164556962026,114.05025316455696,150.0,21.59607881568628,61.94148634401749,100412.83249335106,1,-0.14130075,0.5025035,149.85869924724102,0.5025035
22.613164556962026,114.05050632911392,150.0,21.59607881568628,61.94148634401749,100412.83249335106,1,-0.15702927,0.54185563,149.8429707288742,0.54185563
22.613164556962026,114.05075949367088,150.0,21.59607881568628,61.94148634401749,100412.83249335106,1,-0.00782835,0.53957784,149.9921716498211,0.53957784
22.613164556962026,114.05101265822785,150.0,21.59607881568628,61.94148634401749,100412.83249335106,1,-0.21019942,0.3991587,149.78980058431625,0.3991587
22.613164556962026,114.05126582278481,150.0,21.59607881568628,61.94148634401749,100412.83249335106,1,-0.11800942,0.33678615,149.88199058175087,0.33678615
22.613164556962026,114.05151898734177,150.0,21.59607881568628,61.94148634401749,100412.83249335106,1,-0.08563853,0.52221394,149.9143614694476,0.52221394
22.613164556962026,114.05177215189873,150.0,21.59607881568628,61.94148634401749,100412.83249335106,1,-0.14050923,0.4147224,149.85949076712132,0.4147224
22.613164556962026,114.0520253164557,150.0,21.59607881568628,61.94148634401749,100412.83249335106,1,-0.17359734,0.46750292,149.82640266418457,0.46750292
22.613164556962026,114.05227848101265,150.0,21.59607881568628,61.94148634401749,100412.83249335106,1,-0.08437461,0.37391916,149.91562539339066,0.37391916
22.613164556962026,114.05253164556962,150.0,21.59607881568628,61.94148634401749,100412.83249335106,1,-0.03901974,0.50041103,149.96098025888205,0.50041103
22.613164556962026,114.05278481012658,150.0,21.59607881568628,61.94148634401749,100412.83249335106,1,-0.15898342,0.3551756,149.84101657569408,0.3551756
22.613164556962026,114.05303797468355,150.0,21.59607881568628,61.94148634401749,100412.83249335106,1,-0.12385197,0.45925352,149.87614803016186,0.45925352
22.613164556962026,114.0532911392405,150.0,21.59607881568628,61.94148634401749,100412.83249335106,1,-0.16986403,0.45688644,149.83013597130775,0.45688644
22.613164556962026,114.05354430379747,150.0,21.59607881568628,61.94148634401749,100412.83249335106,1,-0.1443799,0.6782695,149.85562010109425,0.6782695
22.613164556962026,114.05379746835443,150.0,21.59607881568628,61.94148634401749,100412.83249335106,1,0.05965669,0.6333258,150.05965669080615,0.6333258
22.613164556962026,114.05405063291138,150.0,21.59607881568628,61.94148634401749,100412.83249335106,1,-1.9515614e-05,0.4756361,149.99998048438647,0.4756361
22.613164556962026,114.05430379746835,150.0,21.59607881568628,61.94148634401749,100412.83249335106,1,-0.11876038,0.47305652,149.88123962283134,0.47305652
22.613164556962026,114.05455696202532,150.0,21.59607881568628,61.94148634401749,100412.83249335106,1,-0.084134035,0.511908,149.91586596518755,0.511908
22.613164556962026,114.05481012658227,150.0,21.59607881568628,61.94148634401749,100412.83249335106,1,-0.32916898,0.630948,149.67083102464676,0.630948
22.613164556962026,114.05506329113923,150.0,21.59607881568628,61.94148634401749,100412.83249335106,1,-0.1756979,0.4579739,149.82430210709572,0.4579739
22.613164556962026,114.0553164556962,150.0,21.59607881568628,61.94148634401749,100412.83249335106,1,-0.22525449,0.4873043,149.77474550902843,0.4873043
22.613164556962026,114.05556962025317,150.0,21.59607881568628,61.94148634401749,100412.83249335106,1,-0.03289874,0.49391913,149.9671012610197,0.49391913
22.613164556962026,114.05582278481012,150.0,21.59607881568628,61.94148634401749,100412.83249335106,1,-0.16143419,0.54115254,149.83856581151485,0.54115254
22.613164556962026,114.05607594936708,150.0,21.59607881568628,61.94148634401749,100412.83249335106,1,-0.11141091,0.4701082,149.888589091599,0.4701082
22.613164556962026,114.05632911392405,150.0,21.59607881568628,61.94148634401749,100412.83249335106,1,-0.09936533,0.4222677,149.90063466876745,0.4222677
22.613164556962026,114.056582278481,150.0,21.59607881568628,61.94148634401749,100412.83249335106,1,-0.17557919,0.5759069,149.8244208097458,0.5759069
22.613164556962026,114.05683544303797,150.0,21.59607881568628,61.94148634401749,100412.83249335106,1,-0.2611077,0.5061192,149.73889228701591,0.5061192
22.613164556962026,114.05708860759493,150.0,21.59607881568628,61.94148634401749,100412.83249335106,1,-0.1731199,0.5579334,149.82688009738922,0.5579334
22.613164556962026,114.0573417721519,150.0,21.59607881568628,61.94148634401749,100412.83249335106,1,-0.04786123,0.52563834,149.95213877037168,0.52563834
22.613164556962026,114.05759493670885,150.0,21.59607881568628,61.94148634401749,100412.83249335106,1,-0.17823279,0.5176159,149.8217672109604,0.5176159
22.613164556962026,114.05784810126582,150.0,21.59607881568628,61.94148634401749,100412.83249335106,1,-0.17409508,0.55706376,149.8259049206972,0.55706376
22.613164556962026,114.05810126582278,150.0,21.59607881568628,61.94148634401749,100412.83249335106,1,0.06566348,0.4951784,150.06566347926855,0.4951784
22.613164556962026,114.05835443037974,150.0,21.59607881568628,61.94148634401749,100412.83249335106,1,-0.016968204,0.6003729,149.98303179629147,0.6003729
22.613164556962026,114.0586075949367,150.0,21.59607881568628,61.94148634401749,100412.83249335106,1,-0.069413856,0.65724957,149.93058614432812,0.65724957
22.613164556962026,114.05886075949367,150.0,21.59607881568628,61.94148634401749,100412.83249335106,1,-0.16086225,0.4830443,149.8391377478838,0.4830443
22.613164556962026,114.05911392405064,150.0,21.59607881568628,61.94148634401749,100412.83249335106,1,-0.06516077,0.45671976,149.93483922630548,0.45671976
22.613164556962026,114.05936708860759,150.0,21.59607881568628,61.94148634401749,100412.83249335106,1,1.2553433,8.08698,151.25534331798553,8.08698
22.613164556962026,114.05962025316455,150.0,21.59607881568628,61.94148634401749,100412.83249335106,1,-0.0034903171,0.5913556,149.99650968285277,0.5913556
22.613164556962026,114.05987341772152,150.0,21.59607881568628,61.94148634401749,100412.83249335106,1,-0.27760813,0.680525,149.7223918735981,0.680525
22.613164556962026,114.06012658227847,150.0,21.59607881568628,61.94148634401749,100412.83249335106,1,-0.2900305,0.5568288,149.70996949076653,0.5568288
22.613164556962026,114.06037974683544,150.0,21.59607881568628,61.94148634401749,100412.83249335106,1,-0.23435189,0.56249964,149.765648111701,0.56249964
22.613164556962026,114.0606329113924,150.0,21.59607881568628,61.94148634401749,100412.83249335106,1,-0.40868658,0.691112,149.59131342172623,0.691112
22.613164556962026,114.06088607594936,150.0,21.59607881568628,61.94148634401749,100412.83249335106,1,-0.42610416,0.7195303,149.57389584183693,0.7195303
22.613164556962026,114.06113924050632,150.0,21.59607881568628,61.94148634401749,100412.83249335106,1,-0.2849508,0.5493023,149.71504920721054,0.5493023
22.613164556962026,114.06139240506329,150.0,21.59607881568628,61.94148634401749,100412.83249335106,1,-0.5731251,0.7199356,149.42687487602234,0.7199356
22.613164556962026,114.06164556962025,150.0,21.59607881568628,61.94148634401749,100412.83249335106,1,-0.4310862,0.85841036,149.56891378760338,0.85841036
22.613164556962026,114.0618987341772,150.0,21.59607881568628,61.94148634401749,100412.83249335106,1,-0.18992913,0.65516764,149.81007087230682,0.65516764
22.613164556962026,114.06215189873417,150.0,21.59607881568628,61.94148634401749,100412.83249335106,1,-0.20511091,1.6424487,149.79488909244537,1.6424487
22.613164556962026,114.06240506329114,150.0,21.59607881568628,61.94148634401749,100412.83249335106,1,-0.38063735,1.0063804,149.6193626523018,1.0063804
22.613164556962026,114.06265822784809,150.0,21.59607881568628,61.94148634401749,100412.83249335106,1,-0.55293536,0.8829449,149.44706463813782,0.8829449
22.613164556962026,114.06291139240506,150.0,21.59607881568628,61.94148634401749,100412.83249335106,1,-0.42575267,0.7483808,149.57424733042717,0.7483808
22.613164556962026,114.06316455696202,150.0,21.59607881568628,61.94148634401749,100412.83249335106,1,0.24224047,3.3275614,150.24224047362804,3.3275614
22.613164556962026,114.06341772151899,150.0,21.59607881568628,61.94148634401749,100412.83249335106,1,0.19668175,3.7195537,150.19668175280094,3.7195537
22.613164556962026,114.06367088607594,150.0,21.59607881568628,61.94148634401749,100412.83249335106,1,0.28050897,5.232238,150.28050896525383,5.232238
22.613164556962026,114.0639240506329,150.0,21.59607881568628,61.94148634401749,100412.83249335106,1,-0.4868975,0.90284926,149.51310250163078,0.90284926
22.613164556962026,114.06417721518987,150.0,21.59607881568628,61.94148634401749,100412.83249335106,1,1.9383281,11.490423,151.9383281469345,11.490423
22.613164556962026,114.06443037974682,150.0,21.59607881568628,61.94148634401749,100412.83249335106,1,0.988038,5.572271,150.98803800344467,5.572271
22.613164556962026,114.06468354430379,150.0,21.59607881568628,61.94148634401749,100412.83249335106,1,0.110994175,2.5056353,150.11099417507648,2.5056353
22.613164556962026,114.06493670886076,150.0,21.59607881568628,61.94148634401749,100412.83249335106,1,0.0027461664,1.4708083,150.00274616642855,1.4708083
22.613164556962026,114.06518987341772,150.0,21.59607881568628,61.94148634401749,100412.83249335106,1,0.35104007,2.9533017,150.35104006528854,2.9533017
22.613164556962026,114.06544303797467,150.0,21.59607881568628,61.94148634401749,100412.83249335106,1,-0.344854,2.2582848,149.65514600276947,2.2582848
22.613164556962026,114.06569620253164,150.0,21.59607881568628,61.94148634401749,100412.83249335106,1,3.6236818,11.318503,153.62368178367615,11.318503
22.613164556962026,114.0659493670886,150.0,21.59607881568628,61.94148634401749,100412.83249335106,1,1.5766926,7.511042,151.57669258117676,7.511042
22.613164556962026,114.06620253164556,150.0,21.59607881568628,61.94148634401749,100412.83249335106,1,3.8810318,14.258515,153.8810317516327,14.258515
22.613164556962026,114.06645569620252,150.0,21.59607881568628,61.94148634401749,100412.83249335106,1,0.37522054,4.7819734,150.37522053718567,4.7819734
22.613164556962026,114.06670886075949,150.0,21.59607881568628,61.94148634401749,100412.83249335106,1,3.624739,9.113836,153.62473893165588,9.113836
22.613164556962026,114.06696202531644,150.0,21.59607881568628,61.94148634401749,100412.83249335106,1,10.336722,23.481739,160.3367223739624,23.481739
22.613164556962026,114.06721518987341,150.0,21.59607881568628,61.94148634401749,100412.83249335106,1,3.7866518,12.570169,153.7866518497467,12.570169
22.613164556962026,114.06746835443037,150.0,21.59607881568628,61.94148634401749,100412.83249335106,1,8.30796,17.552372,158.3079595565796,17.552372
22.613164556962026,114.06772151898734,150.0,21.59607881568628,61.94148634401749,100412.83249335106,1,7.533894,18.339064,157.53389406204224,18.339064
22.613164556962026,114.06797468354429,150.0,21.59607881568628,61.94148634401749,100412.83249335106,1,10.434462,21.179852,160.43446159362793,21.179852
22.613164556962026,114.06822784810126,150.0,21.59607881568628,61.94148634401749,100412.83249335106,1,8.410571,17.72926,158.41057109832764,17.72926
22.613164556962026,114.06848101265822,150.0,21.59607881568628,61.94148634401749,100412.83249335106,1,15.6357355,25.633867,165.63573551177979,25.633867
22.613164556962026,114.06873417721518,150.0,21.59607881568628,61.94148634401749,100412.83249335106,1,14.650387,24.562994,164.65038681030273,24.562994
22.613164556962026,114.06898734177214,150.0,21.59607881568628,61.94148634401749,100412.83249335106,1,13.038106,23.954742,163.03810596466064,23.954742
22.613164556962026,114.06924050632911,150.0,21.59607881568628,61.94148634401749,100412.83249335106,1,15.245537,25.408262,165.24553680419922,25.408262
22.613164556962026,114.06949367088608,150.0,21.59607881568628,61.94148634401749,100412.83249335106,1,17.53732,28.244938,167.5373191833496,28.244938
22.613164556962026,114.06974683544303,150.0,21.59607881568628,61.94148634401749,100412.83249335106,1,39.517246,34.058422,189.5172462463379,34.058422
22.613164556962026,114.07,150.0,21.59607881568628,61.94148634401749,100412.83249335106,1,18.26341,25.537647,168.2634105682373,25.537647
22.61341772151899,114.05,150.0,21.59607881568628,61.94148634401749,100412.83249335106,1,0.009382811,0.5855908,150.00938281137496,0.5855908
22.61341772151899,114.05025316455696,150.0,21.59607881568628,61.94148634401749,100412.83249335106,1,-0.14055419,0.5364152,149.859445810318,0.5364152
22.61341772151899,114.05050632911392,150.0,21.59607881568628,61.94148634401749,100412.83249335106,1,-0.15144882,0.37788266,149.84855118393898,0.37788266
22.61341772151899,114.05075949367088,150.0,21.59607881568628,61.94148634401749,100412.83249335106,1,-0.1596709,0.36005315,149.84032909572124,0.36005315
22.61341772151899,114.05101265822785,150.0,21.59607881568628,61.94148634401749,100412.83249335106,1,-0.3088573,0.43122244,149.69114270806313,0.43122244
22.61341772151899,114.05126582278481,150.0,21.59607881568628,61.94148634401749,100412.83249335106,1,-0.23854896,0.3854529,149.761451035738,0.3854529
22.61341772151899,114.05151898734177,150.0,21.59607881568628,61.94148634401749,100412.83249335106,1,-0.061130553,0.5212562,149.93886944651604,0.5212562
22.61341772151899,114.05177215189873,150.0,21.59607881568628,61.94148634401749,100412.83249335106,1,-0.13457058,0.5008144,149.86542941629887,0.5008144
22.61341772151899,114.0520253164557,150.0,21.59607881568628,61.94148634401749,100412.83249335106,1,-0.19782194,0.61091524,149.802178055048,0.61091524
22.61341772151899,114.05227848101265,150.0,21.59607881568628,61.94148634401749,100412.83249335106,1,-0.05866786,0.57216656,149.9413321390748,0.57216656
22.61341772151899,114.05253164556962,150.0,21.59607881568628,61.94148634401749,100412.83249335106,1,-0.27319005,0.495268,149.72680994868279,0.495268
22.61341772151899,114.05278481012658,150.0,21.59607881568628,61.94148634401749,100412.83249335106,1,-0.31713635,0.5805858,149.68286365270615,0.5805858
22.61341772151899,114.05303797468355,150.0,21.59607881568628,61.94148634401749,100412.83249335106,1,-0.16333777,0.4436277,149.83666223287582,0.4436277
22.61341772151899,114.0532911392405,150.0,21.59607881568628,61.94148634401749,100412.83249335106,1,-0.18776089,0.5709123,149.81223911046982,0.5709123
22.61341772151899,114.05354430379747,150.0,21.59607881568628,61.94148634401749,100412.83249335106,1,-0.17295781,0.56096214,149.8270421922207,0.56096214
22.61341772151899,114.05379746835443,150.0,21.59607881568628,61.94148634401749,100412.83249335106,1,-0.15540764,0.4618712,149.8445923626423,0.4618712
22.61341772151899,114.05405063291138,150.0,21.59607881568628,61.94148634401749,100412.83249335106,1,-0.06736887,0.49038684,149.9326311275363,0.49038684
22.61341772151899,114.05430379746835,150.0,21.59607881568628,61.94148634401749,100412.83249335106,1,-0.28291336,0.4532708,149.71708664298058,0.4532708
22.61341772151899,114.05455696202532,150.0,21.59607881568628,61.94148634401749,100412.83249335106,1,-0.17742306,0.6055229,149.82257694005966,0.6055229
22.61341772151899,114.05481012658227,150.0,21.59607881568628,61.94148634401749,100412.83249335106,1,-0.32426462,0.434092,149.67573538422585,0.434092
22.61341772151899,114.05506329113923,150.0,21.59607881568628,61.94148634401749,100412.83249335106,1,-0.13885073,0.5910087,149.8611492663622,0.5910087
22.61341772151899,114.0553164556962,150.0,21.59607881568628,61.94148634401749,100412.83249335106,1,-0.13313413,0.6269217,149.8668658733368,0.6269217
22.61341772151899,114.05556962025317,150.0,21.59607881568628,61.94148634401749,100412.83249335106,1,-0.15546791,0.40257677,149.84453208744526,0.40257677
22.61341772151899,114.05582278481012,150.0,21.59607881568628,61.94148634401749,100412.83249335106,1,-0.04221839,0.4688142,149.9577816091478,0.4688142
22.61341772151899,114.05607594936708,150.0,21.59607881568628,61.94148634401749,100412.83249335106,1,-0.021835117,0.9430887,149.97816488333046,0.9430887
22.61341772151899,114.05632911392405,150.0,21.59607881568628,61.94148634401749,100412.83249335106,1,-0.019420868,0.4619003,149.9805791322142,0.4619003
22.61341772151899,114.056582278481,150.0,21.59607881568628,61.94148634401749,100412.83249335106,1,-0.023972528,0.5393463,149.9760274719447,0.5393463
22.61341772151899,114.05683544303797,150.0,21.59607881568628,61.94148634401749,100412.83249335106,1,-0.059948407,0.47601447,149.94005159288645,0.47601447
22.61341772151899,114.05708860759493,150.0,21.59607881568628,61.94148634401749,100412.83249335106,1,-0.26696703,0.45920074,149.73303297162056,0.45920074
22.61341772151899,114.0573417721519,150.0,21.59607881568628,61.94148634401749,100412.83249335106,1,-0.085435376,0.4309082,149.91456462442875,0.4309082
22.61341772151899,114.05759493670885,150.0,21.59607881568628,61.94148634401749,100412.83249335106,1,-0.22942342,0.47148353,149.7705765813589,0.47148353
22.61341772151899,114.05784810126582,150.0,21.59607881568628,61.94148634401749,100412.83249335106,1,-0.19279967,0.507507,149.8072003275156,0.507507
22.61341772151899,114.05810126582278,150.0,21.59607881568628,61.94148634401749,100412.83249335106,1,-0.065100014,0.597009,149.93489998579025,0.597009
22.61341772151899,114.05835443037974,150.0,21.59607881568628,61.94148634401749,100412.83249335106,1,-0.2577316,0.4117319,149.74226841330528,0.4117319
22.61341772151899,114.0586075949367,150.0,21.59607881568628,61.94148634401749,100412.83249335106,1,-0.3931915,0.46240884,149.60680851340294,0.46240884
22.61341772151899,114.05886075949367,150.0,21.59607881568628,61.94148634401749,100412.83249335106,1,-0.25280032,0.5001755,149.74719968438148,0.5001755
22.61341772151899,114.05911392405064,150.0,21.59607881568628,61.94148634401749,100412.83249335106,1,-0.20778391,0.6027977,149.7922160923481,0.6027977
22.61341772151899,114.05936708860759,150.0,21.59607881568628,61.94148634401749,100412.83249335106,1,-0.337817,0.6452264,149.6621829867363,0.6452264
22.61341772151899,114.05962025316455,150.0,21.59607881568628,61.94148634401749,100412.83249335106,1,-0.058919914,0.5741709,149.9410800859332,0.5741709
22.61341772151899,114.05987341772152,150.0,21.59607881568628,61.94148634401749,100412.83249335106,1,-0.22122788,0.627729,149.7787721157074,0.627729
22.61341772151899,114.06012658227847,150.0,21.59607881568628,61.94148634401749,100412.83249335106,1,-0.26129225,0.6052601,149.7387077510357,0.6052601
22.61341772151899,114.06037974683544,150.0,21.59607881568628,61.94148634401749,100412.83249335106,1,-0.18834412,0.5204049,149.8116558790207,0.5204049
22.61341772151899,114.0606329113924,150.0,21.59607881568628,61.94148634401749,100412.83249335106,1,-0.35430926,0.70963293,149.64569073915482,0.70963293
22.61341772151899,114.06088607594936,150.0,21.59607881568628,61.94148634401749,100412.83249335106,1,-0.079436325,0.9654296,149.9205636754632,0.9654296
22.61341772151899,114.06113924050632,150.0,21.59607881568628,61.94148634401749,100412.83249335106,1,-0.49720967,0.40371692,149.50279033184052,0.40371692
22.61341772151899,114.06139240506329,150.0,21.59607881568628,61.94148634401749,100412.83249335106,1,-0.2537587,0.6533261,149.74624130129814,0.6533261
22.61341772151899,114.06164556962025,150.0,21.59607881568628,61.94148634401749,100412.83249335106,1,-0.39172086,0.5874553,149.60827913880348,0.5874553
22.61341772151899,114.0618987341772,150.0,21.59607881568628,61.94148634401749,100412.83249335106,1,-0.37032995,0.7644306,149.62967005372047,0.7644306
22.61341772151899,114.06215189873417,150.0,21.59607881568628,61.94148634401749,100412.83249335106,1,-0.1958608,0.67028105,149.8041391968727,0.67028105
22.61341772151899,114.06240506329114,150.0,21.59607881568628,61.94148634401749,100412.83249335106,1,-0.53867114,0.7792625,149.4613288640976,0.7792625
22.61341772151899,114.06265822784809,150.0,21.59607881568628,61.94148634401749,100412.83249335106,1,-0.2510665,1.353521,149.74893349409103,1.353521
22.61341772151899,114.06291139240506,150.0,21.59607881568628,61.94148634401749,100412.83249335106,1,-0.09377745,1.5521346,149.90622255206108,1.5521346
22.61341772151899,114.06316455696202,150.0,21.59607881568628,61.94148634401749,100412.83249335106,1,-0.31657743,0.86070174,149.6834225654602,0.86070174
22.61341772151899,114.06341772151899,150.0,21.59607881568628,61.94148634401749,100412.83249335106,1,-0.31618312,0.93950325,149.68381687998772,0.93950325
22.61341772151899,114.06367088607594,150.0,21.59607881568628,61.94148634401749,100412.83249335106,1,0.8847372,4.816765,150.88473719358444,4.816765
22.61341772151899,114.0639240506329,150.0,21.59607881568628,61.94148634401749,100412.83249335106,1,-0.16203313,0.4889261,149.83796687424183,0.4889261
22.61341772151899,114.06417721518987,150.0,21.59607881568628,61.94148634401749,100412.83249335106,1,3.1786287,14.058214,153.1786286830902,14.058214
22.61341772151899,114.06443037974682,150.0,21.59607881568628,61.94148634401749,100412.83249335106,1,0.077591546,1.9414039,150.07759154587984,1.9414039
22.61341772151899,114.06468354430379,150.0,21.59607881568628,61.94148634401749,100412.83249335106,1,0.5273001,4.9151893,150.52730011940002,4.9151893
22.61341772151899,114.06493670886076,150.0,21.59607881568628,61.94148634401749,100412.83249335106,1,-0.37623346,1.4440157,149.62376654148102,1.4440157
22.61341772151899,114.06518987341772,150.0,21.59607881568628,61.94148634401749,100412.83249335106,1,0.31968188,4.410927,150.31968188285828,4.410927
22.61341772151899,114.06544303797467,150.0,21.59607881568628,61.94148634401749,100412.83249335106,1,1.4962028,6.642763,151.49620282649994,6.642763
22.61341772151899,114.06569620253164,150.0,21.59607881568628,61.94148634401749,100412.83249335106,1,2.717179,13.117995,152.7171790599823,13.117995
22.61341772151899,114.0659493670886,150.0,21.59607881568628,61.94148634401749,100412.83249335106,1,4.0362144,13.501192,154.03621435165405,13.501192
22.61341772151899,114.06620253164556,150.0,21.59607881568628,61.94148634401749,100412.83249335106,1,5.919153,14.952963,155.91915321350098,14.952963
22.61341772151899,114.06645569620252,150.0,21.59607881568628,61.94148634401749,100412.83249335106,1,2.53292,8.657768,152.53291988372803,8.657768
22.61341772151899,114.06670886075949,150.0,21.59607881568628,61.94148634401749,100412.83249335106,1,3.8782406,9.205936,153.87824058532715,9.205936
22.61341772151899,114.06696202531644,150.0,21.59607881568628,61.94148634401749,100412.83249335106,1,5.22954,11.423575,155.22953987121582,11.423575
22.61341772151899,114.06721518987341,150.0,21.59607881568628,61.94148634401749,100412.83249335106,1,10.229908,20.412012,160.22990798950195,20.412012
22.61341772151899,114.06746835443037,150.0,21.59607881568628,61.94148634401749,100412.83249335106,1,9.764298,20.31494,159.76429843902588,20.31494
22.61341772151899,114.06772151898734,150.0,21.59607881568628,61.94148634401749,100412.83249335106,1,6.012598,16.720274,156.01259803771973,16.720274
22.61341772151899,114.06797468354429,150.0,21.59607881568628,61.94148634401749,100412.83249335106,1,7.580114,19.062458,157.58011388778687,19.062458
22.61341772151899,114.06822784810126,150.0,21.59607881568628,61.94148634401749,100412.83249335106,1,18.26297,28.254433,168.26296997070312,28.254433
22.61341772151899,114.06848101265822,150.0,21.59607881568628,61.94148634401749,100412.83249335106,1,8.394684,20.06228,158.39468383789062,20.06228
22.61341772151899,114.06873417721518,150.0,21.59607881568628,61.94148634401749,100412.83249335106,1,11.907209,22.808447,161.9072093963623,22.808447
22.61341772151899,114.06898734177214,150.0,21.59607881568628,61.94148634401749,100412.83249335106,1,16.231693,27.480438,166.23169326782227,27.480438
22.61341772151899,114.06924050632911,150.0,21.59607881568628,61.94148634401749,100412.83249335106,1,17.00114,26.4611,167.00114059448242,26.4611
22.61341772151899,114.06949367088608,150.0,21.59607881568628,61.94148634401749,100412.83249335106,1,7.2530394,14.985466,157.2530393600464,14.985466
22.61341772151899,114.06974683544303,150.0,21.59607881568628,61.94148634401749,100412.83249335106,1,22.824064,29.508139,172.82406425476074,29.508139
22.61341772151899,114.07,150.0,21.59607881568628,61.94148634401749,100412.83249335106,1,17.623327,26.591461,167.62332725524902,26.591461
22.61367088607595,114.05,150.0,21.59607881568628,61.94148634401749,100412.83249335106,1,-0.12715164,0.4796862,149.87284836173058,0.4796862
22.61367088607595,114.05025316455696,150.0,21.59607881568628,61.94148634401749,100412.83249335106,1,-0.19552867,0.6952046,149.80447132885456,0.6952046
22.61367088607595,114.05050632911392,150.0,21.59607881568628,61.94148634401749,100412.83249335106,1,-0.15288925,0.45568419,149.84711074829102,0.45568419
22.61367088607595,114.05075949367088,150.0,21.59607881568628,61.94148634401749,100412.83249335106,1,-0.10555729,0.4949217,149.8944427073002,0.4949217
22.61367088607595,114.05101265822785,150.0,21.59607881568628,61.94148634401749,100412.83249335106,1,-0.050580274,0.49944487,149.9494197256863,0.49944487
22.61367088607595,114.05126582278481,150.0,21.59607881568628,61.94148634401749,100412.83249335106,1,-0.24564137,0.43641368,149.75435863435268,0.43641368
22.61367088607595,114.05151898734177,150.0,21.59607881568628,61.94148634401749,100412.83249335106,1,0.015598819,0.5101956,150.01559881865978,0.5101956
22.61367088607595,114.05177215189873,150.0,21.59607881568628,61.94148634401749,100412.83249335106,1,-0.20819286,0.5926797,149.7918071448803,0.5926797
22.61367088607595,114.0520253164557,150.0,21.59607881568628,61.94148634401749,100412.83249335106,1,-0.21015352,0.53398526,149.78984647989273,0.53398526
22.61367088607595,114.05227848101265,150.0,21.59607881568628,61.94148634401749,100412.83249335106,1,-0.2665148,0.34677577,149.73348519206047,0.34677577
22.61367088607595,114.05253164556962,150.0,21.59607881568628,61.94148634401749,100412.83249335106,1,-0.2938645,0.5906615,149.70613551139832,0.5906615
22.61367088607595,114.05278481012658,150.0,21.59607881568628,61.94148634401749,100412.83249335106,1,-0.36302447,0.683468,149.6369755268097,0.683468
22.61367088607595,114.05303797468355,150.0,21.59607881568628,61.94148634401749,100412.83249335106,1,-0.1517414,0.4872294,149.84825859963894,0.4872294
22.61367088607595,114.0532911392405,150.0,21.59607881568628,61.94148634401749,100412.83249335106,1,-0.17346838,0.54854894,149.82653161883354,0.54854894
22.61367088607595,114.05354430379747,150.0,21.59607881568628,61.94148634401749,100412.83249335106,1,0.028930016,0.7139227,150.028930015862,0.7139227
22.61367088607595,114.05379746835443,150.0,21.59607881568628,61.94148634401749,100412.83249335106,1,-0.016013285,0.4337034,149.98398671485484,0.4337034
22.61367088607595,114.05405063291138,150.0,21.59607881568628,61.94148634401749,100412.83249335106,1,-0.1889402,0.36898407,149.81105980277061,0.36898407
22.61367088607595,114.05430379746835,150.0,21.59607881568628,61.94148634401749,100412.83249335106,1,-0.059462905,0.5128053,149.94053709506989,0.5128053
22.61367088607595,114.05455696202532,150.0,21.59607881568628,61.94148634401749,100412.83249335106,1,0.0050011906,0.46845213,150.00500119058415,0.46845213
22.61367088607595,114.05481012658227,150.0,21.59607881568628,61.94148634401749,100412.83249335106,1,-0.3154885,0.5098605,149.68451151251793,0.5098605
22.61367088607595,114.05506329113923,150.0,21.59607881568628,61.94148634401749,100412.83249335106,1,-0.12249015,0.49584898,149.87750984728336,0.49584898
22.61367088607595,114.0553164556962,150.0,21.59607881568628,61.94148634401749,100412.83249335106,1,-0.15424223,0.59233755,149.8457577675581,0.59233755
22.61367088607595,114.05556962025317,150.0,21.59607881568628,61.94148634401749,100412.83249335106,1,-0.3340046,0.6424635,149.6659953892231,0.6424635
22.61367088607595,114.05582278481012,150.0,21.59607881568628,61.94148634401749,100412.83249335106,1,-0.1594868,0.40381923,149.8405131995678,0.40381923
22.61367088607595,114.05607594936708,150.0,21.59607881568628,61.94148634401749,100412.83249335106,1,-0.17670444,0.62595105,149.8232955634594,0.62595105
22.61367088607595,114.05632911392405,150.0,21.59607881568628,61.94148634401749,100412.83249335106,1,-0.079432644,0.41626275,149.92056735605001,0.41626275
22.61367088607595,114.056582278481,150.0,21.59607881568628,61.94148634401749,100412.83249335106,1,-0.15833712,0.5104794,149.84166288375854,0.5104794
22.61367088607595,114.05683544303797,150.0,21.59607881568628,61.94148634401749,100412.83249335106,1,0.5653607,3.274994,150.565360724926,3.274994
22.61367088607595,114.05708860759493,150.0,21.59607881568628,61.94148634401749,100412.83249335106,1,-0.26320404,0.5951667,149.73679596185684,0.5951667
22.61367088607595,114.0573417721519,150.0,21.59607881568628,61.94148634401749,100412.83249335106,1,-0.094183825,0.46449912,149.90581617504358,0.46449912
22.61367088607595,114.05759493670885,150.0,21.59607881568628,61.94148634401749,100412.83249335106,1,-0.23295783,0.58883184,149.76704217493534,0.58883184
22.61367088607595,114.05784810126582,150.0,21.59607881568628,61.94148634401749,100412.83249335106,1,-0.0755153,0.49785587,149.92448469996452,0.49785587
22.61367088607595,114.05810126582278,150.0,21.59607881568628,61.94148634401749,100412.83249335106,1,-0.21244247,0.65200037,149.7875575274229,0.65200037
22.61367088607595,114.05835443037974,150.0,21.59607881568628,61.94148634401749,100412.83249335106,1,-0.26419875,0.63405514,149.7358012497425,0.63405514
22.61367088607595,114.0586075949367,150.0,21.59607881568628,61.94148634401749,100412.83249335106,1,-0.11293429,0.68948156,149.88706570863724,0.68948156
22.61367088607595,114.05886075949367,150.0,21.59607881568628,61.94148634401749,100412.83249335106,1,-0.16244031,0.6671492,149.83755968511105,0.6671492
22.61367088607595,114.05911392405064,150.0,21.59607881568628,61.94148634401749,100412.83249335106,1,-0.06205034,0.41095686,149.93794966116548,0.41095686
22.61367088607595,114.05936708860759,150.0,21.59607881568628,61.94148634401749,100412.83249335106,1,-0.09643076,0.54475874,149.90356923639774,0.54475874
22.61367088607595,114.05962025316455,150.0,21.59607881568628,61.94148634401749,100412.83249335106,1,-0.1252746,0.37634775,149.87472540140152,0.37634775
22.61367088607595,114.05987341772152,150.0,21.59607881568628,61.94148634401749,100412.83249335106,1,0.25981677,1.9177219,150.25981676578522,1.9177219
22.61367088607595,114.06012658227847,150.0,21.59607881568628,61.94148634401749,100412.83249335106,1,-0.20245008,0.5286044,149.79754991829395,0.5286044
22.61367088607595,114.06037974683544,150.0,21.59607881568628,61.94148634401749,100412.83249335106,1,-0.23390773,0.35147753,149.76609227061272,0.35147753
22.61367088607595,114.0606329113924,150.0,21.59607881568628,61.94148634401749,100412.83249335106,1,0.060571373,1.0129317,150.060571372509,1.0129317
22.61367088607595,114.06088607594936,150.0,21.59607881568628,61.94148634401749,100412.83249335106,1,-0.13811566,0.6237857,149.86188434064388,0.6237857
22.61367088607595,114.06113924050632,150.0,21.59607881568628,61.94148634401749,100412.83249335106,1,1.0841669,6.89941,151.0841668844223,6.89941
22.61367088607595,114.06139240506329,150.0,21.59607881568628,61.94148634401749,100412.83249335106,1,-0.17921445,0.6236633,149.82078555226326,0.6236633
22.61367088607595,114.06164556962025,150.0,21.59607881568628,61.94148634401749,100412.83249335106,1,-0.17724606,0.6225018,149.82275393605232,0.6225018
22.61367088607595,114.0618987341772,150.0,21.59607881568628,61.94148634401749,100412.83249335106,1,-0.2670667,0.6552965,149.7329333126545,0.6552965
22.61367088607595,114.06215189873417,150.0,21.59607881568628,61.94148634401749,100412.83249335106,1,-0.28792354,0.6767674,149.7120764553547,0.6767674
22.61367088607595,114.06240506329114,150.0,21.59607881568628,61.94148634401749,100412.83249335106,1,-0.061336204,0.69399077,149.9386637955904,0.69399077
22.61367088607595,114.06265822784809,150.0,21.59607881568628,61.94148634401749,100412.83249335106,1,-0.42233503,0.97391593,149.57766497135162,0.97391593
22.61367088607595,114.06291139240506,150.0,21.59607881568628,61.94148634401749,100412.83249335106,1,0.9664489,6.6666718,150.9664489030838,6.6666718
22.61367088607595,114.06316455696202,150.0,21.59607881568628,61.94148634401749,100412.83249335106,1,0.053373326,1.7610455,150.05337332561612,1.7610455
22.61367088607595,114.06341772151899,150.0,21.59607881568628,61.94148634401749,100412.83249335106,1,-0.45118472,0.7433521,149.54881528019905,0.7433521
22.61367088607595,114.06367088607594,150.0,21.59607881568628,61.94148634401749,100412.83249335106,1,-0.6125686,0.98492444,149.38743138313293,0.98492444
22.61367088607595,114.0639240506329,150.0,21.59607881568628,61.94148634401749,100412.83249335106,1,2.0081975,13.959655,152.00819754600525,13.959655
22.61367088607595,114.06417721518987,150.0,21.59607881568628,61.94148634401749,100412.83249335106,1,0.780361,5.3847976,150.78036099672318,5.3847976
22.61367088607595,114.06443037974682,150.0,21.59607881568628,61.94148634401749,100412.83249335106,1,1.7881755,8.602227,151.78817546367645,8.602227
22.61367088607595,114.06468354430379,150.0,21.59607881568628,61.94148634401749,100412.83249335106,1,3.0767705,15.338622,153.07677054405212,15.338622
22.61367088607595,114.06493670886076,150.0,21.59607881568628,61.94148634401749,100412.83249335106,1,0.47063562,4.563887,150.4706356227398,4.563887
22.61367088607595,114.06518987341772,150.0,21.59607881568628,61.94148634401749,100412.83249335106,1,2.7349544,11.549867,152.73495435714722,11.549867
22.61367088607595,114.06544303797467,150.0,21.59607881568628,61.94148634401749,100412.83249335106,1,2.977509,11.3228655,152.97750902175903,11.3228655
22.61367088607595,114.06569620253164,150.0,21.59607881568628,61.94148634401749,100412.83249335106,1,1.6998782,5.4937325,151.6998782157898,5.4937325
22.61367088607595,114.0659493670886,150.0,21.59607881568628,61.94148634401749,100412.83249335106,1,1.1171147,5.8161044,151.11711466312408,5.8161044
22.61367088607595,114.06620253164556,150.0,21.59607881568628,61.94148634401749,100412.83249335106,1,1.8504087,9.7572365,151.85040867328644,9.7572365
22.61367088607595,114.06645569620252,150.0,21.59607881568628,61.94148634401749,100412.83249335106,1,0.9434987,7.533444,150.94349867105484,7.533444
22.61367088607595,114.06670886075949,150.0,21.59607881568628,61.94148634401749,100412.83249335106,1,4.3779764,12.00868,154.3779764175415,12.00868
22.61367088607595,114.06696202531644,150.0,21.59607881568628,61.94148634401749,100412.83249335106,1,3.517131,8.810601,153.51713109016418,8.810601
22.61367088607595,114.06721518987341,150.0,21.59607881568628,61.94148634401749,100412.83249335106,1,4.404553,13.71158,154.40455293655396,13.71158
22.61367088607595,114.06746835443037,150.0,21.59607881568628,61.94148634401749,100412.83249335106,1,6.058089,14.361972,156.05808877944946,14.361972
22.61367088607595,114.06772151898734,150.0,21.59607881568628,61.94148634401749,100412.83249335106,1,14.615527,25.02869,164.61552715301514,25.02869
22.61367088607595,114.06797468354429,150.0,21.59607881568628,61.94148634401749,100412.83249335106,1,3.6423748,12.675586,153.64237475395203,12.675586
22.61367088607595,114.06822784810126,150.0,21.59607881568628,61.94148634401749,100412.83249335106,1,15.963455,26.160881,165.9634552001953,26.160881
22.61367088607595,114.06848101265822,150.0,21.59607881568628,61.94148634401749,100412.83249335106,1,7.8765287,18.55493,157.8765287399292,18.55493
22.61367088607595,114.06873417721518,150.0,21.59607881568628,61.94148634401749,100412.83249335106,1,15.499962,23.325504,165.49996185302734,23.325504
22.61367088607595,114.06898734177214,150.0,21.59607881568628,61.94148634401749,100412.83249335106,1,13.310897,25.507635,163.31089687347412,25.507635
22.61367088607595,114.06924050632911,150.0,21.59607881568628,61.94148634401749,100412.83249335106,1,13.09748,20.75459,163.09747982025146,20.75459
22.61367088607595,114.06949367088608,150.0,21.59607881568628,61.94148634401749,100412.83249335106,1,9.967115,20.752937,159.96711540222168,20.752937
22.61367088607595,114.06974683544303,150.0,21.59607881568628,61.94148634401749,100412.83249335106,1,15.060693,25.806519,165.0606927871704,25.806519
22.61367088607595,114.07,150.0,21.59607881568628,61.94148634401749,100412.83249335106,1,24.461273,31.002438,174.46127319335938,31.002438
22.613924050632914,114.05,150.0,21.59607881568628,61.94148634401749,100412.83249335106,1,-0.037293833,0.48362052,149.96270616725087,0.48362052
22.613924050632914,114.05025316455696,150.0,21.59607881568628,61.94148634401749,100412.83249335106,1,-0.11952568,0.5105499,149.88047432154417,0.5105499
22.613924050632914,114.05050632911392,150.0,21.59607881568628,61.94148634401749,100412.83249335106,1,-0.10205309,0.55867034,149.89794690907001,0.55867034
22.613924050632914,114.05075949367088,150.0,21.59607881568628,61.94148634401749,100412.83249335106,1,-0.11383277,0.39329514,149.8861672282219,0.39329514
22.613924050632914,114.05101265822785,150.0,21.59607881568628,61.94148634401749,100412.83249335106,1,-0.11068401,0.50917274,149.88931599259377,0.50917274
22.613924050632914,114.05126582278481,150.0,21.59607881568628,61.94148634401749,100412.83249335106,1,-0.035439223,0.517997,149.96456077694893,0.517997
22.613924050632914,114.05151898734177,150.0,21.59607881568628,61.94148634401749,100412.83249335106,1,-0.09877564,0.40473792,149.90122435986996,0.40473792
22.613924050632914,114.05177215189873,150.0,21.59607881568628,61.94148634401749,100412.83249335106,1,-0.03423223,0.42018583,149.96576777100563,0.42018583
22.613924050632914,114.0520253164557,150.0,21.59607881568628,61.94148634401749,100412.83249335106,1,-0.08448919,0.51190215,149.91551081091166,0.51190215
22.613924050632914,114.05227848101265,150.0,21.59607881568628,61.94148634401749,100412.83249335106,1,-0.24180984,0.435044,149.7581901550293,0.435044
22.613924050632914,114.05253164556962,150.0,21.59607881568628,61.94148634401749,100412.83249335106,1,-0.19592628,0.41942573,149.80407372117043,0.41942573
22.613924050632914,114.05278481012658,150.0,21.59607881568628,61.94148634401749,100412.83249335106,1,-0.11873585,0.6411153,149.88126415014267,0.6411153
22.613924050632914,114.05303797468355,150.0,21.59607881568628,61.94148634401749,100412.83249335106,1,-0.19486752,0.54389715,149.80513247847557,0.54389715
22.613924050632914,114.0532911392405,150.0,21.59607881568628,61.94148634401749,100412.83249335106,1,0.04189173,0.42510116,150.0418917313218,0.42510116
22.613924050632914,114.05354430379747,150.0,21.59607881568628,61.94148634401749,100412.83249335106,1,-0.010096972,0.42842662,149.98990302812308,0.42842662
22.613924050632914,114.05379746835443,150.0,21.59607881568628,61.94148634401749,100412.83249335106,1,-0.13384996,0.5421238,149.8661500364542,0.5421238
22.613924050632914,114.05405063291138,150.0,21.59607881568628,61.94148634401749,100412.83249335106,1,-0.06953922,0.5765775,149.930460780859,0.5765775
22.613924050632914,114.05430379746835,150.0,21.59607881568628,61.94148634401749,100412.83249335106,1,0.021246713,0.51346326,150.02124671265483,0.51346326
22.613924050632914,114.05455696202532,150.0,21.59607881568628,61.94148634401749,100412.83249335106,1,-0.14543563,0.5192882,149.85456436872482,0.5192882
22.613924050632914,114.05481012658227,150.0,21.59607881568628,61.94148634401749,100412.83249335106,1,-0.08024476,0.48387107,149.91975524276495,0.48387107
22.613924050632914,114.05506329113923,150.0,21.59607881568628,61.94148634401749,100412.83249335106,1,-0.19832766,0.5237152,149.8016723394394,0.5237152
22.613924050632914,114.0553164556962,150.0,21.59607881568628,61.94148634401749,100412.83249335106,1,-0.25918594,0.43349576,149.74081405997276,0.43349576
22.613924050632914,114.05556962025317,150.0,21.59607881568628,61.94148634401749,100412.83249335106,1,-0.24257673,0.53040314,149.75742326676846,0.53040314
22.613924050632914,114.05582278481012,150.0,21.59607881568628,61.94148634401749,100412.83249335106,1,-0.01853797,0.32200152,149.98146202974021,0.32200152
22.613924050632914,114.05607594936708,150.0,21.59607881568628,61.94148634401749,100412.83249335106,1,-0.13327354,0.529847,149.86672645807266,0.529847
22.613924050632914,114.05632911392405,150.0,21.59607881568628,61.94148634401749,100412.83249335106,1,-0.18105967,0.50115925,149.81894032657146,0.50115925
22.613924050632914,114.056582278481,150.0,21.59607881568628,61.94148634401749,100412.83249335106,1,-0.081794985,0.5998604,149.9182050153613,0.5998604
22.613924050632914,114.05683544303797,150.0,21.59607881568628,61.94148634401749,100412.83249335106,1,-0.20571971,0.47677386,149.79428029060364,0.47677386
22.613924050632914,114.05708860759493,150.0,21.59607881568628,61.94148634401749,100412.83249335106,1,-0.2018345,0.4828051,149.79816550016403,0.4828051
22.613924050632914,114.0573417721519,150.0,21.59607881568628,61.94148634401749,100412.83249335106,1,-0.2485361,0.5496341,149.75146390497684,0.5496341
22.613924050632914,114.05759493670885,150.0,21.59607881568628,61.94148634401749,100412.83249335106,1,-0.1197828,0.47573718,149.88021720200777,0.47573718
22.613924050632914,114.05784810126582,150.0,21.59607881568628,61.94148634401749,100412.83249335106,1,-0.21581441,0.69931597,149.78418558835983,0.69931597
22.613924050632914,114.05810126582278,150.0,21.59607881568628,61.94148634401749,100412.83249335106,1,-0.080242604,0.6214895,149.91975739598274,0.6214895
22.613924050632914,114.05835443037974,150.0,21.59607881568628,61.94148634401749,100412.83249335106,1,-0.3060894,0.5337029,149.69391059875488,0.5337029
22.613924050632914,114.0586075949367,150.0,21.59607881568628,61.94148634401749,100412.83249335106,1,-0.012145115,0.53301555,149.9878548849374,0.53301555
22.613924050632914,114.05886075949367,150.0,21.59607881568628,61.94148634401749,100412.83249335106,1,-0.1877259,0.60611916,149.8122740983963,0.60611916
22.613924050632914,114.05911392405064,150.0,21.59607881568628,61.94148634401749,100412.83249335106,1,-0.24905764,0.53420264,149.75094236433506,0.53420264
22.613924050632914,114.05936708860759,150.0,21.59607881568628,61.94148634401749,100412.83249335106,1,-0.27404177,0.54781824,149.72595822811127,0.54781824
22.613924050632914,114.05962025316455,150.0,21.59607881568628,61.94148634401749,100412.83249335106,1,-0.163549,0.70774955,149.83645099401474,0.70774955
22.613924050632914,114.05987341772152,150.0,21.59607881568628,61.94148634401749,100412.83249335106,1,-0.18165027,0.55994046,149.8183497339487,0.55994046
22.613924050632914,114.06012658227847,150.0,21.59607881568628,61.94148634401749,100412.83249335106,1,-0.19437419,0.56792617,149.80562581121922,0.56792617
22.613924050632914,114.06037974683544,150.0,21.59607881568628,61.94148634401749,100412.83249335106,1,-0.19867687,0.53308856,149.80132313072681,0.53308856
22.613924050632914,114.0606329113924,150.0,21.59607881568628,61.94148634401749,100412.83249335106,1,-0.3971004,0.6255546,149.60289961099625,0.6255546
22.613924050632914,114.06088607594936,150.0,21.59607881568628,61.94148634401749,100412.83249335106,1,0.36938524,3.7650294,150.36938524246216,3.7650294
22.613924050632914,114.06113924050632,150.0,21.59607881568628,61.94148634401749,100412.83249335106,1,-0.36277527,0.6425893,149.6372247338295,0.6425893
22.613924050632914,114.06139240506329,150.0,21.59607881568628,61.94148634401749,100412.83249335106,1,-0.32523003,0.73360926,149.67476996779442,0.73360926
22.613924050632914,114.06164556962025,150.0,21.59607881568628,61.94148634401749,100412.83249335106,1,0.2886504,2.7348545,150.28865039348602,2.7348545
22.613924050632914,114.0618987341772,150.0,21.59607881568628,61.94148634401749,100412.83249335106,1,-0.46156332,0.607231,149.53843668103218,0.607231
22.613924050632914,114.06215189873417,150.0,21.59607881568628,61.94148634401749,100412.83249335106,1,-0.28544623,0.9019182,149.71455377340317,0.9019182
22.613924050632914,114.06240506329114,150.0,21.59607881568628,61.94148634401749,100412.83249335106,1,-0.048135314,2.2886236,149.95186468586326,2.2886236
22.613924050632914,114.06265822784809,150.0,21.59607881568628,61.94148634401749,100412.83249335106,1,-0.5102975,0.72217566,149.48970252275467,0.72217566
22.613924050632914,114.06291139240506,150.0,21.59607881568628,61.94148634401749,100412.83249335106,1,-0.60165787,0.8633278,149.39834213256836,0.8633278
22.613924050632914,114.06316455696202,150.0,21.59607881568628,61.94148634401749,100412.83249335106,1,-0.17758448,1.0341566,149.82241551578045,1.0341566
22.613924050632914,114.06341772151899,150.0,21.59607881568628,61.94148634401749,100412.83249335106,1,-0.28097764,0.70828056,149.7190223634243,0.70828056
22.613924050632914,114.06367088607594,150.0,21.59607881568628,61.94148634401749,100412.83249335106,1,-0.17091002,2.0426831,149.82908998429775,2.0426831
22.613924050632914,114.0639240506329,150.0,21.59607881568628,61.94148634401749,100412.83249335106,1,1.904834,12.121391,151.90483403205872,12.121391
22.613924050632914,114.06417721518987,150.0,21.59607881568628,61.94148634401749,100412.83249335106,1,2.9396782,10.830988,152.93967819213867,10.830988
22.613924050632914,114.06443037974682,150.0,21.59607881568628,61.94148634401749,100412.83249335106,1,0.33242032,3.3627002,150.33242031931877,3.3627002
22.613924050632914,114.06468354430379,150.0,21.59607881568628,61.94148634401749,100412.83249335106,1,1.661229,9.295256,151.66122901439667,9.295256
22.613924050632914,114.06493670886076,150.0,21.59607881568628,61.94148634401749,100412.83249335106,1,-0.3171041,1.8712944,149.68289589881897,1.8712944
22.613924050632914,114.06518987341772,150.0,21.59607881568628,61.94148634401749,100412.83249335106,1,3.510702,12.143892,153.51070189476013,12.143892
22.613924050632914,114.06544303797467,150.0,21.59607881568628,61.94148634401749,100412.83249335106,1,1.8637748,10.704378,151.86377477645874,10.704378
22.613924050632914,114.06569620253164,150.0,21.59607881568628,61.94148634401749,100412.83249335106,1,1.2752402,5.7760878,151.2752401828766,5.7760878
22.613924050632914,114.0659493670886,150.0,21.59607881568628,61.94148634401749,100412.83249335106,1,3.3429422,11.680389,153.342942237854,11.680389
22.613924050632914,114.06620253164556,150.0,21.59607881568628,61.94148634401749,100412.83249335106,1,2.8798223,8.5971155,152.8798222541809,8.5971155
22.613924050632914,114.06645569620252,150.0,21.59607881568628,61.94148634401749,100412.83249335106,1,2.708359,8.267122,152.70835900306702,8.267122
22.613924050632914,114.06670886075949,150.0,21.59607881568628,61.94148634401749,100412.83249335106,1,6.280453,16.479408,156.28045320510864,16.479408
22.613924050632914,114.06696202531644,150.0,21.59607881568628,61.94148634401749,100412.83249335106,1,1.4797091,7.7853003,151.47970914840698,7.7853003
22.613924050632914,114.06721518987341,150.0,21.59607881568628,61.94148634401749,100412.83249335106,1,6.8294425,20.21922,156.82944250106812,20.21922
22.613924050632914,114.06746835443037,150.0,21.59607881568628,61.94148634401749,100412.83249335106,1,10.207232,22.325134,160.20723247528076,22.325134
22.613924050632914,114.06772151898734,150.0,21.59607881568628,61.94148634401749,100412.83249335106,1,7.301598,16.181181,157.301598072052,16.181181
22.613924050632914,114.06797468354429,150.0,21.59607881568628,61.94148634401749,100412.83249335106,1,10.7439995,22.44896,160.74399948120117,22.44896
22.613924050632914,114.06822784810126,150.0,21.59607881568628,61.94148634401749,100412.83249335106,1,5.485361,16.010471,155.48536109924316,16.010471
22.613924050632914,114.06848101265822,150.0,21.59607881568628,61.94148634401749,100412.83249335106,1,9.417057,21.384666,159.41705703735352,21.384666
22.613924050632914,114.06873417721518,150.0,21.59607881568628,61.94148634401749,100412.83249335106,1,12.932679,25.62302,162.93267917633057,25.62302
22.613924050632914,114.06898734177214,150.0,21.59607881568628,61.94148634401749,100412.83249335106,1,9.08168,18.31665,159.08168029785156,18.31665
22.613924050632914,114.06924050632911,150.0,21.59607881568628,61.94148634401749,100412.83249335106,1,13.992808,23.72906,163.99280834197998,23.72906
22.613924050632914,114.06949367088608,150.0,21.59607881568628,61.94148634401749,100412.83249335106,1,5.4563103,11.441507,155.4563102722168,11.441507
22.613924050632914,114.06974683544303,150.0,21.59607881568628,61.94148634401749,100412.83249335106,1,25.932444,33.1846,175.9324436187744,33.1846
22.613924050632914,114.07,150.0,21.59607881568628,61.94148634401749,100412.83249335106,1,20.481735,28.377462,170.4817352294922,28.377462
22.614177215189873,114.05,150.0,21.59607881568628,61.94148634401749,100412.83249335106,1,-0.03642792,0.45836076,149.96357208117843,0.45836076
22.614177215189873,114.05025316455696,150.0,21.59607881568628,61.94148634401749,100412.83249335106,1,-0.10492122,0.4125351,149.8950787782669,0.4125351
22.614177215189873,114.05050632911392,150.0,21.59607881568628,61.94148634401749,100412.83249335106,1,-0.11874194,0.50123876,149.88125806301832,0.50123876
22.614177215189873,114.05075949367088,150.0,21.59607881568628,61.94148634401749,100412.83249335106,1,-0.07923667,0.48976433,149.92076332867146,0.48976433
22.614177215189873,114.05101265822785,150.0,21.59607881568628,61.94148634401749,100412.83249335106,1,-0.070957646,0.59247917,149.9290423542261,0.59247917
22.614177215189873,114.05126582278481,150.0,21.59607881568628,61.94148634401749,100412.83249335106,1,-0.22187912,0.3935401,149.77812087535858,0.3935401
22.614177215189873,114.05151898734177,150.0,21.59607881568628,61.94148634401749,100412.83249335106,1,-0.08307831,0.45758915,149.9169216901064,0.45758915
22.614177215189873,114.05177215189873,150.0,21.59607881568628,61.94148634401749,100412.83249335106,1,-0.0061673736,0.5699243,149.99383262638003,0.5699243
22.614177215189873,114.0520253164557,150.0,21.59607881568628,61.94148634401749,100412.83249335106,1,-0.018453773,0.45265165,149.9815462268889,0.45265165
22.614177215189873,114.05227848101265,150.0,21.59607881568628,61.94148634401749,100412.83249335106,1,-0.17714922,0.33533978,149.82285077869892,0.33533978
22.614177215189873,114.05253164556962,150.0,21.59607881568628,61.94148634401749,100412.83249335106,1,-0.14162996,0.46602064,149.85837003588676,0.46602064
22.614177215189873,114.05278481012658,150.0,21.59607881568628,61.94148634401749,100412.83249335106,1,-0.03666292,0.5947247,149.96333707869053,0.5947247
22.614177215189873,114.05303797468355,150.0,21.59607881568628,61.94148634401749,100412.83249335106,1,-0.21487369,0.44975317,149.78512631356716,0.44975317
22.614177215189873,114.0532911392405,150.0,21.59607881568628,61.94148634401749,100412.83249335106,1,-0.059837308,0.3765488,149.94016269221902,0.3765488
22.614177215189873,114.05354430379747,150.0,21.59607881568628,61.94148634401749,100412.83249335106,1,-0.058307305,0.403915,149.94169269502163,0.403915
22.614177215189873,114.05379746835443,150.0,21.59607881568628,61.94148634401749,100412.83249335106,1,-0.005611915,0.5589341,149.99438808485866,0.5589341
22.614177215189873,114.05405063291138,150.0,21.59607881568628,61.94148634401749,100412.83249335106,1,-0.06945179,0.66252106,149.9305482134223,0.66252106
22.614177215189873,114.05430379746835,150.0,21.59607881568628,61.94148634401749,100412.83249335106,1,-0.2651727,0.38458535,149.73482730984688,0.38458535
22.614177215189873,114.05455696202532,150.0,21.59607881568628,61.94148634401749,100412.83249335106,1,0.5724065,4.003018,150.5724064707756,4.003018
22.614177215189873,114.05481012658227,150.0,21.59607881568628,61.94148634401749,100412.83249335106,1,-0.13073133,0.8561113,149.86926867067814,0.8561113
22.614177215189873,114.05506329113923,150.0,21.59607881568628,61.94148634401749,100412.83249335106,1,-0.10234306,0.67319816,149.89765693992376,0.67319816
22.614177215189873,114.0553164556962,150.0,21.59607881568628,61.94148634401749,100412.83249335106,1,-0.044582795,0.4304375,149.95541720464826,0.4304375
22.614177215189873,114.05556962025317,150.0,21.59607881568628,61.94148634401749,100412.83249335106,1,-0.18884346,0.50128675,149.81115654110909,0.50128675
22.614177215189873,114.05582278481012,150.0,21.59607881568628,61.94148634401749,100412.83249335106,1,-0.14919277,0.4824741,149.8508072346449,0.4824741
22.614177215189873,114.05607594936708,150.0,21.59607881568628,61.94148634401749,100412.83249335106,1,0.10520772,0.52063465,150.1052077189088,0.52063465
22.614177215189873,114.05632911392405,150.0,21.59607881568628,61.94148634401749,100412.83249335106,1,-0.17119765,0.41757435,149.82880234718323,0.41757435
22.614177215189873,114.056582278481,150.0,21.59607881568628,61.94148634401749,100412.83249335106,1,-0.1223329,0.5135544,149.87766709923744,0.5135544
22.614177215189873,114.05683544303797,150.0,21.59607881568628,61.94148634401749,100412.83249335106,1,-0.18606152,0.3049708,149.81393848359585,0.3049708
22.614177215189873,114.05708860759493,150.0,21.59607881568628,61.94148634401749,100412.83249335106,1,-0.24428423,0.49312985,149.75571577250957,0.49312985
22.614177215189873,114.0573417721519,150.0,21.59607881568628,61.94148634401749,100412.83249335106,1,-0.18833557,0.35970414,149.81166443228722,0.35970414
22.614177215189873,114.05759493670885,150.0,21.59607881568628,61.94148634401749,100412.83249335106,1,-0.14506313,0.533551,149.85493686795235,0.533551
22.614177215189873,114.05784810126582,150.0,21.59607881568628,61.94148634401749,100412.83249335106,1,-0.058905296,0.540806,149.94109470397234,0.540806
22.614177215189873,114.05810126582278,150.0,21.59607881568628,61.94148634401749,100412.83249335106,1,-0.1168082,0.44592246,149.8831918016076,0.44592246
22.614177215189873,114.05835443037974,150.0,21.59607881568628,61.94148634401749,100412.83249335106,1,-0.19232035,0.4030921,149.80767965316772,0.4030921
22.614177215189873,114.0586075949367,150.0,21.59607881568628,61.94148634401749,100412.83249335106,1,-0.08361564,0.47076723,149.91638436168432,0.47076723
22.614177215189873,114.05886075949367,150.0,21.59607881568628,61.94148634401749,100412.83249335106,1,-0.2893284,0.78005564,149.71067160367966,0.78005564
22.614177215189873,114.05911392405064,150.0,21.59607881568628,61.94148634401749,100412.83249335106,1,-0.1647097,0.48288614,149.83529029786587,0.48288614
22.614177215189873,114.05936708860759,150.0,21.59607881568628,61.94148634401749,100412.83249335106,1,0.7590206,5.22233,150.75902062654495,5.22233
22.614177215189873,114.05962025316455,150.0,21.59607881568628,61.94148634401749,100412.83249335106,1,-0.13682353,0.5252182,149.86317646503448,0.5252182
22.614177215189873,114.05987341772152,150.0,21.59607881568628,61.94148634401749,100412.83249335106,1,0.08740967,3.3406963,150.08740966767073,3.3406963
22.614177215189873,114.06012658227847,150.0,21.59607881568628,61.94148634401749,100412.83249335106,1,-0.063403,0.60870993,149.93659699708223,0.60870993
22.614177215189873,114.06037974683544,150.0,21.59607881568628,61.94148634401749,100412.83249335106,1,-0.4106008,0.697066,149.58939918875694,0.697066
22.614177215189873,114.0606329113924,150.0,21.59607881568628,61.94148634401749,100412.83249335106,1,-0.4120298,0.70593166,149.58797019720078,0.70593166
22.614177215189873,114.06088607594936,150.0,21.59607881568628,61.94148634401749,100412.83249335106,1,-0.15674034,0.5783367,149.84325966238976,0.5783367
22.614177215189873,114.06113924050632,150.0,21.59607881568628,61.94148634401749,100412.83249335106,1,1.1460227,7.2552705,151.14602267742157,7.2552705
22.614177215189873,114.06139240506329,150.0,21.59607881568628,61.94148634401749,100412.83249335106,1,-0.3595069,0.732591,149.6404930949211,0.732591
22.614177215189873,114.06164556962025,150.0,21.59607881568628,61.94148634401749,100412.83249335106,1,-0.2700753,2.521667,149.7299247086048,2.521667
22.614177215189873,114.0618987341772,150.0,21.59607881568628,61.94148634401749,100412.83249335106,1,-0.46496704,0.7542372,149.53503295779228,0.7542372
22.614177215189873,114.06215189873417,150.0,21.59607881568628,61.94148634401749,100412.83249335106,1,-0.24943744,0.5086858,149.75056256353855,0.5086858
22.614177215189873,114.06240506329114,150.0,21.59607881568628,61.94148634401749,100412.83249335106,1,0.04274288,1.0857916,150.04274287819862,1.0857916
22.614177215189873,114.06265822784809,150.0,21.59607881568628,61.94148634401749,100412.83249335106,1,1.586315,9.81997,151.58631503582,9.81997
22.614177215189873,114.06291139240506,150.0,21.59607881568628,61.94148634401749,100412.83249335106,1,-0.18880498,1.0816691,149.8111950159073,1.0816691
22.614177215189873,114.06316455696202,150.0,21.59607881568628,61.94148634401749,100412.83249335106,1,-0.62936866,0.7303977,149.37063133716583,0.7303977
22.614177215189873,114.06341772151899,150.0,21.59607881568628,61.94148634401749,100412.83249335106,1,-0.052228842,1.6250436,149.94777115806937,1.6250436
22.614177215189873,114.06367088607594,150.0,21.59607881568628,61.94148634401749,100412.83249335106,1,-0.34336197,0.88602996,149.6566380262375,0.88602996
22.614177215189873,114.0639240506329,150.0,21.59607881568628,61.94148634401749,100412.83249335106,1,-0.1302582,1.2823842,149.8697417974472,1.2823842
22.614177215189873,114.06417721518987,150.0,21.59607881568628,61.94148634401749,100412.83249335106,1,2.2829924,9.814209,152.28299236297607,9.814209
22.614177215189873,114.06443037974682,150.0,21.59607881568628,61.94148634401749,100412.83249335106,1,-0.44430435,1.0463461,149.55569565296173,1.0463461
22.614177215189873,114.06468354430379,150.0,21.59607881568628,61.94148634401749,100412.83249335106,1,1.0904334,6.189411,151.09043335914612,6.189411
22.614177215189873,114.06493670886076,150.0,21.59607881568628,61.94148634401749,100412.83249335106,1,-0.5569389,0.6370911,149.44306111335754,0.6370911
22.614177215189873,114.06518987341772,150.0,21.59607881568628,61.94148634401749,100412.83249335106,1,2.5136597,12.409086,152.51365971565247,12.409086
22.614177215189873,114.06544303797467,150.0,21.59607881568628,61.94148634401749,100412.83249335106,1,1.1076796,6.896302,151.107679605484,6.896302
22.614177215189873,114.06569620253164,150.0,21.59607881568628,61.94148634401749,100412.83249335106,1,5.189456,16.085121,155.18945598602295,16.085121
22.614177215189873,114.0659493670886,150.0,21.59607881568628,61.94148634401749,100412.83249335106,1,0.13143912,3.2871585,150.1314391195774,3.2871585
22.614177215189873,114.06620253164556,150.0,21.59607881568628,61.94148634401749,100412.83249335106,1,2.7841039,8.609408,152.78410387039185,8.609408
22.614177215189873,114.06645569620252,150.0,21.59607881568628,61.94148634401749,100412.83249335106,1,3.9532793,11.115648,153.95327925682068,11.115648
22.614177215189873,114.06670886075949,150.0,21.59607881568628,61.94148634401749,100412.83249335106,1,3.8244832,16.45913,153.82448315620422,16.45913
22.614177215189873,114.06696202531644,150.0,21.59607881568628,61.94148634401749,100412.83249335106,1,1.7567464,6.649348,151.75674641132355,6.649348
22.614177215189873,114.06721518987341,150.0,21.59607881568628,61.94148634401749,100412.83249335106,1,9.717451,21.668652,159.71745109558105,21.668652
22.614177215189873,114.06746835443037,150.0,21.59607881568628,61.94148634401749,100412.83249335106,1,3.519623,13.472651,153.51962304115295,13.472651
22.614177215189873,114.06772151898734,150.0,21.59607881568628,61.94148634401749,100412.83249335106,1,1.2300764,6.470209,151.2300764322281,6.470209
22.614177215189873,114.06797468354429,150.0,21.59607881568628,61.94148634401749,100412.83249335106,1,3.0935252,14.667722,153.0935251712799,14.667722
22.614177215189873,114.06822784810126,150.0,21.59607881568628,61.94148634401749,100412.83249335106,1,9.928549,23.687906,159.9285488128662,23.687906
22.614177215189873,114.06848101265822,150.0,21.59607881568628,61.94148634401749,100412.83249335106,1,9.852306,24.543922,159.8523063659668,24.543922
22.614177215189873,114.06873417721518,150.0,21.59607881568628,61.94148634401749,100412.83249335106,1,7.785273,14.349653,157.78527307510376,14.349653
22.614177215189873,114.06898734177214,150.0,21.59607881568628,61.94148634401749,100412.83249335106,1,15.090907,25.965601,165.0909070968628,25.965601
22.614177215189873,114.06924050632911,150.0,21.59607881568628,61.94148634401749,100412.83249335106,1,9.170347,17.601965,159.17034721374512,17.601965
22.614177215189873,114.06949367088608,150.0,21.59607881568628,61.94148634401749,100412.83249335106,1,12.3966675,25.078949,162.39666748046875,25.078949
22.614177215189873,114.06974683544303,150.0,21.59607881568628,61.94148634401749,100412.83249335106,1,17.3368,25.044573,167.33679962158203,25.044573
22.614177215189873,114.07,150.0,21.59607881568628,61.94148634401749,100412.83249335106,1,15.528498,25.95172,165.52849769592285,25.95172
22.614430379746835,114.05,150.0,21.59607881568628,61.94148634401749,100412.83249335106,1,-0.18319453,0.48562026,149.81680546700954,0.48562026
22.614430379746835,114.05025316455696,150.0,21.59607881568628,61.94148634401749,100412.83249335106,1,-0.039299045,0.48141417,149.96070095524192,0.48141417
22.614430379746835,114.05050632911392,150.0,21.59607881568628,61.94148634401749,100412.83249335106,1,-0.08490349,0.36319795,149.9150965064764,0.36319795
22.614430379746835,114.05075949367088,150.0,21.59607881568628,61.94148634401749,100412.83249335106,1,-0.10477646,0.6670362,149.8952235430479,0.6670362
22.614430379746835,114.05101265822785,150.0,21.59607881568628,61.94148634401749,100412.83249335106,1,-0.06415888,0.46211007,149.93584112077951,0.46211007
22.614430379746835,114.05126582278481,150.0,21.59607881568628,61.94148634401749,100412.83249335106,1,-0.09257383,0.4459554,149.90742617100477,0.4459554
22.614430379746835,114.05151898734177,150.0,21.59607881568628,61.94148634401749,100412.83249335106,1,-0.1213228,0.500879,149.8786771968007,0.500879
22.614430379746835,114.05177215189873,150.0,21.59607881568628,61.94148634401749,100412.83249335106,1,-0.07896834,0.3582115,149.92103166133165,0.3582115
22.614430379746835,114.0520253164557,150.0,21.59607881568628,61.94148634401749,100412.83249335106,1,-0.17696309,0.5615758,149.8230369091034,0.5615758
22.614430379746835,114.05227848101265,150.0,21.59607881568628,61.94148634401749,100412.83249335106,1,-0.09642318,0.51965314,149.9035768210888,0.51965314
22.614430379746835,114.05253164556962,150.0,21.59607881568628,61.94148634401749,100412.83249335106,1,-0.029272595,0.46140042,149.97072740457952,0.46140042
22.614430379746835,114.05278481012658,150.0,21.59607881568628,61.94148634401749,100412.83249335106,1,-0.11813936,0.5054291,149.88186064362526,0.5054291
22.614430379746835,114.05303797468355,150.0,21.59607881568628,61.94148634401749,100412.83249335106,1,-0.20766172,0.4350518,149.7923382818699,0.4350518
22.614430379746835,114.0532911392405,150.0,21.59607881568628,61.94148634401749,100412.83249335106,1,-0.15476766,0.40370017,149.84523233771324,0.40370017
22.614430379746835,114.05354430379747,150.0,21.59607881568628,61.94148634401749,100412.83249335106,1,-0.038556986,0.34105322,149.96144301444292,0.34105322
22.614430379746835,114.05379746835443,150.0,21.59607881568628,61.94148634401749,100412.83249335106,1,0.1416737,0.5141962,150.14167369902134,0.5141962
22.614430379746835,114.05405063291138,150.0,21.59607881568628,61.94148634401749,100412.83249335106,1,-0.12374718,0.433489,149.87625282257795,0.433489
22.614430379746835,114.05430379746835,150.0,21.59607881568628,61.94148634401749,100412.83249335106,1,0.01135623,0.40941936,150.01135622989386,0.40941936
22.614430379746835,114.05455696202532,150.0,21.59607881568628,61.94148634401749,100412.83249335106,1,-0.09564867,0.5358212,149.90435133129358,0.5358212
22.614430379746835,114.05481012658227,150.0,21.59607881568628,61.94148634401749,100412.83249335106,1,-0.14363623,0.44820374,149.85636377334595,0.44820374
22.614430379746835,114.05506329113923,150.0,21.59607881568628,61.94148634401749,100412.83249335106,1,-0.16049106,0.5171941,149.83950893580914,0.5171941
22.614430379746835,114.0553164556962,150.0,21.59607881568628,61.94148634401749,100412.83249335106,1,-0.13399473,0.45218366,149.8660052716732,0.45218366
22.614430379746835,114.05556962025317,150.0,21.59607881568628,61.94148634401749,100412.83249335106,1,-0.12631217,0.4012281,149.8736878335476,0.4012281
22.614430379746835,114.05582278481012,150.0,21.59607881568628,61.94148634401749,100412.83249335106,1,-0.10234139,0.43453577,149.89765860885382,0.43453577
22.614430379746835,114.05607594936708,150.0,21.59607881568628,61.94148634401749,100412.83249335106,1,-0.34907025,0.53829736,149.650929749012,0.53829736
22.614430379746835,114.05632911392405,150.0,21.59607881568628,61.94148634401749,100412.83249335106,1,-0.20491,0.55599594,149.79509000480175,0.55599594
22.614430379746835,114.056582278481,150.0,21.59607881568628,61.94148634401749,100412.83249335106,1,-0.074859396,0.48559567,149.9251406043768,0.48559567
22.614430379746835,114.05683544303797,150.0,21.59607881568628,61.94148634401749,100412.83249335106,1,-0.18116221,0.35222757,149.8188377916813,0.35222757
22.614430379746835,114.05708860759493,150.0,21.59607881568628,61.94148634401749,100412.83249335106,1,-0.16586201,0.6318101,149.83413799107075,0.6318101
22.614430379746835,114.0573417721519,150.0,21.59607881568628,61.94148634401749,100412.83249335106,1,-0.35812864,0.6401305,149.64187136292458,0.6401305
22.614430379746835,114.05759493670885,150.0,21.59607881568628,61.94148634401749,100412.83249335106,1,-0.09435845,0.4791471,149.90564154833555,0.4791471
22.614430379746835,114.05784810126582,150.0,21.59607881568628,61.94148634401749,100412.83249335106,1,-0.2051907,0.66955537,149.79480929672718,0.66955537
22.614430379746835,114.05810126582278,150.0,21.59607881568628,61.94148634401749,100412.83249335106,1,-0.17588358,0.48973274,149.82411642372608,0.48973274
22.614430379746835,114.05835443037974,150.0,21.59607881568628,61.94148634401749,100412.83249335106,1,-0.39932525,0.6369565,149.60067474842072,0.6369565
22.614430379746835,114.0586075949367,150.0,21.59607881568628,61.94148634401749,100412.83249335106,1,-0.10951012,0.65241426,149.89048988372087,0.65241426
22.614430379746835,114.05886075949367,150.0,21.59607881568628,61.94148634401749,100412.83249335106,1,-0.025633434,0.7794488,149.97436656616628,0.7794488
22.614430379746835,114.05911392405064,150.0,21.59607881568628,61.94148634401749,100412.83249335106,1,-0.27245778,0.53977686,149.72754222154617,0.53977686
22.614430379746835,114.05936708860759,150.0,21.59607881568628,61.94148634401749,100412.83249335106,1,1.220904,6.344275,151.2209039926529,6.344275
22.614430379746835,114.05962025316455,150.0,21.59607881568628,61.94148634401749,100412.83249335106,1,-0.18482067,0.44797468,149.81517933309078,0.44797468
22.614430379746835,114.05987341772152,150.0,21.59607881568628,61.94148634401749,100412.83249335106,1,-0.3059911,0.38919073,149.69400888681412,0.38919073
22.614430379746835,114.06012658227847,150.0,21.59607881568628,61.94148634401749,100412.83249335106,1,-0.30816713,0.6488765,149.69183287024498,0.6488765
22.614430379746835,114.06037974683544,150.0,21.59607881568628,61.94148634401749,100412.83249335106,1,-0.2288711,0.7108433,149.77112889289856,0.7108433
22.614430379746835,114.0606329113924,150.0,21.59607881568628,61.94148634401749,100412.83249335106,1,-0.21895944,1.2234666,149.78104056417942,1.2234666
22.614430379746835,114.06088607594936,150.0,21.59607881568628,61.94148634401749,100412.83249335106,1,-0.06765489,0.5760705,149.93234510719776,0.5760705
22.614430379746835,114.06113924050632,150.0,21.59607881568628,61.94148634401749,100412.83249335106,1,-0.2921765,0.7506498,149.70782348513603,0.7506498
22.614430379746835,114.06139240506329,150.0,21.59607881568628,61.94148634401749,100412.83249335106,1,0.117341824,1.2965597,150.1173418238759,1.2965597
22.614430379746835,114.06164556962025,150.0,21.59607881568628,61.94148634401749,100412.83249335106,1,-0.21120374,0.6084468,149.78879626095295,0.6084468
22.614430379746835,114.0618987341772,150.0,21.59607881568628,61.94148634401749,100412.83249335106,1,-0.23683043,0.5589257,149.76316957175732,0.5589257
22.614430379746835,114.06215189873417,150.0,21.59607881568628,61.94148634401749,100412.83249335106,1,-0.096252225,0.5673534,149.9037477746606,0.5673534
22.614430379746835,114.06240506329114,150.0,21.59607881568628,61.94148634401749,100412.83249335106,1,-0.35651872,0.6312405,149.64348128437996,0.6312405
22.614430379746835,114.06265822784809,150.0,21.59607881568628,61.94148634401749,100412.83249335106,1,0.36123756,4.028696,150.36123755574226,4.028696
22.614430379746835,114.06291139240506,150.0,21.59607881568628,61.94148634401749,100412.83249335106,1,-0.33542663,0.8074538,149.66457337141037,0.8074538
22.614430379746835,114.06316455696202,150.0,21.59607881568628,61.94148634401749,100412.83249335106,1,-0.43215355,0.7956965,149.56784644722939,0.7956965
22.614430379746835,114.06341772151899,150.0,21.59607881568628,61.94148634401749,100412.83249335106,1,2.585438,12.766406,152.58543801307678,12.766406
22.614430379746835,114.06367088607594,150.0,21.59607881568628,61.94148634401749,100412.83249335106,1,0.11392899,2.785635,150.11392898857594,2.785635
22.614430379746835,114.0639240506329,150.0,21.59607881568628,61.94148634401749,100412.83249335106,1,2.5457911,8.428807,152.5457911491394,8.428807
22.614430379746835,114.06417721518987,150.0,21.59607881568628,61.94148634401749,100412.83249335106,1,3.6561308,14.434442,153.65613079071045,14.434442
22.614430379746835,114.06443037974682,150.0,21.59607881568628,61.94148634401749,100412.83249335106,1,0.08211006,1.8031522,150.08211006224155,1.8031522
22.614430379746835,114.06468354430379,150.0,21.59607881568628,61.94148634401749,100412.83249335106,1,1.0120006,6.032618,151.0120005607605,6.032618
22.614430379746835,114.06493670886076,150.0,21.59607881568628,61.94148634401749,100412.83249335106,1,2.463218,12.4275255,152.4632179737091,12.4275255
22.614430379746835,114.06518987341772,150.0,21.59607881568628,61.94148634401749,100412.83249335106,1,1.5731859,10.143171,151.57318592071533,10.143171
22.614430379746835,114.06544303797467,150.0,21.59607881568628,61.94148634401749,100412.83249335106,1,-0.39626837,1.1946794,149.60373163223267,1.1946794
22.614430379746835,114.06569620253164,150.0,21.59607881568628,61.94148634401749,100412.83249335106,1,2.1313632,8.54579,152.13136315345764,8.54579
22.614430379746835,114.0659493670886,150.0,21.59607881568628,61.94148634401749,100412.83249335106,1,0.5285369,2.9617937,150.5285369157791,2.9617937
22.614430379746835,114.06620253164556,150.0,21.59607881568628,61.94148634401749,100412.83249335106,1,0.08680204,2.4566236,150.08680204302073,2.4566236
22.614430379746835,114.06645569620252,150.0,21.59607881568628,61.94148634401749,100412.83249335106,1,4.8054767,17.881454,154.80547666549683,17.881454
22.614430379746835,114.06670886075949,150.0,21.59607881568628,61.94148634401749,100412.83249335106,1,4.7790895,17.462845,154.77908945083618,17.462845
22.614430379746835,114.06696202531644,150.0,21.59607881568628,61.94148634401749,100412.83249335106,1,2.871738,12.077444,152.87173795700073,12.077444
22.614430379746835,114.06721518987341,150.0,21.59607881568628,61.94148634401749,100412.83249335106,1,2.4804327,9.107822,152.48043274879456,9.107822
22.614430379746835,114.06746835443037,150.0,21.59607881568628,61.94148634401749,100412.83249335106,1,0.10995557,1.1776754,150.10995557159185,1.1776754
22.614430379746835,114.06772151898734,150.0,21.59607881568628,61.94148634401749,100412.83249335106,1,3.9778993,14.560474,153.97789931297302,14.560474
22.614430379746835,114.06797468354429,150.0,21.59607881568628,61.94148634401749,100412.83249335106,1,10.916739,19.969126,160.91673946380615,19.969126
22.614430379746835,114.06822784810126,150.0,21.59607881568628,61.94148634401749,100412.83249335106,1,15.130702,25.937866,165.1307020187378,25.937866
22.614430379746835,114.06848101265822,150.0,21.59607881568628,61.94148634401749,100412.83249335106,1,13.668847,21.065155,163.6688470840454,21.065155
22.614430379746835,114.06873417721518,150.0,21.59607881568628,61.94148634401749,100412.83249335106,1,9.152539,19.796562,159.15253925323486,19.796562
22.614430379746835,114.06898734177214,150.0,21.59607881568628,61.94148634401749,100412.83249335106,1,4.2124066,12.033884,154.21240663528442,12.033884
22.614430379746835,114.06924050632911,150.0,21.59607881568628,61.94148634401749,100412.83249335106,1,15.7866535,26.12983,165.78665351867676,26.12983
22.614430379746835,114.06949367088608,150.0,21.59607881568628,61.94148634401749,100412.83249335106,1,5.163811,12.430709,155.16381120681763,12.430709
22.614430379746835,114.06974683544303,150.0,21.59607881568628,61.94148634401749,100412.83249335106,1,23.403648,33.121956,173.40364837646484,33.121956
22.614430379746835,114.07,150.0,21.59607881568628,61.94148634401749,100412.83249335106,1,14.004418,24.492872,164.0044183731079,24.492872
22.614683544303798,114.05,150.0,21.59607881568628,61.94148634401749,100412.83249335106,1,-0.05499394,0.5692498,149.94500606134534,0.5692498
22.614683544303798,114.05025316455696,150.0,21.59607881568628,61.94148634401749,100412.83249335106,1,-0.15004787,0.40162456,149.84995213150978,0.40162456
22.614683544303798,114.05050632911392,150.0,21.59607881568628,61.94148634401749,100412.83249335106,1,-0.12720333,0.49161994,149.8727966696024,0.49161994
22.614683544303798,114.05075949367088,150.0,21.59607881568628,61.94148634401749,100412.83249335106,1,-0.20280677,0.43389872,149.79719322919846,0.43389872
22.614683544303798,114.05101265822785,150.0,21.59607881568628,61.94148634401749,100412.83249335106,1,-0.25552034,0.51040035,149.74447965621948,0.51040035
22.614683544303798,114.05126582278481,150.0,21.59607881568628,61.94148634401749,100412.83249335106,1,-0.11288508,0.42823428,149.88711491972208,0.42823428
22.614683544303798,114.05151898734177,150.0,21.59607881568628,61.94148634401749,100412.83249335106,1,-0.00017588038,0.51023495,149.99982411961537,0.51023495
22.614683544303798,114.05177215189873,150.0,21.59607881568628,61.94148634401749,100412.83249335106,1,-0.035183474,0.36483836,149.9648165255785,0.36483836
22.614683544303798,114.0520253164557,150.0,21.59607881568628,61.94148634401749,100412.83249335106,1,-0.05262377,0.527047,149.94737622886896,0.527047
22.614683544303798,114.05227848101265,150.0,21.59607881568628,61.94148634401749,100412.83249335106,1,-0.07938603,0.5045338,149.92061396688223,0.5045338
22.614683544303798,114.05253164556962,150.0,21.59607881568628,61.94148634401749,100412.83249335106,1,-0.16057375,0.5356271,149.83942624926567,0.5356271
22.614683544303798,114.05278481012658,150.0,21.59607881568628,61.94148634401749,100412.83249335106,1,-0.035079062,0.41347224,149.96492093801498,0.41347224
22.614683544303798,114.05303797468355,150.0,21.59607881568628,61.94148634401749,100412.83249335106,1,-0.22411832,0.4573677,149.77588167786598,0.4573677
22.614683544303798,114.0532911392405,150.0,21.59607881568628,61.94148634401749,100412.83249335106,1,-0.2274924,0.6607586,149.7725075930357,0.6607586
22.614683544303798,114.05354430379747,150.0,21.59607881568628,61.94148634401749,100412.83249335106,1,-0.12301925,0.46584347,149.87698075175285,0.46584347
22.614683544303798,114.05379746835443,150.0,21.59607881568628,61.94148634401749,100412.83249335106,1,-0.17029937,0.5892231,149.82970063388348,0.5892231
22.614683544303798,114.05405063291138,150.0,21.59607881568628,61.94148634401749,100412.83249335106,1,-0.02486184,0.43369958,149.97513815946877,0.43369958
22.614683544303798,114.05430379746835,150.0,21.59607881568628,61.94148634401749,100412.83249335106,1,-0.2579002,0.500614,149.7420997917652,0.500614
22.614683544303798,114.05455696202532,150.0,21.59607881568628,61.94148634401749,100412.83249335106,1,-0.08942598,0.4757969,149.91057401895523,0.4757969
22.614683544303798,114.05481012658227,150.0,21.59607881568628,61.94148634401749,100412.83249335106,1,-0.0637448,0.5814997,149.93625520169735,0.5814997
22.614683544303798,114.05506329113923,150.0,21.59607881568628,61.94148634401749,100412.83249335106,1,-0.288329,0.4830348,149.7116709947586,0.4830348
22.614683544303798,114.0553164556962,150.0,21.59607881568628,61.94148634401749,100412.83249335106,1,-0.21195482,0.5756043,149.78804518282413,0.5756043
22.614683544303798,114.05556962025317,150.0,21.59607881568628,61.94148634401749,100412.83249335106,1,-0.09452664,0.42638892,149.90547335892916,0.42638892
22.614683544303798,114.05582278481012,150.0,21.59607881568628,61.94148634401749,100412.83249335106,1,-0.21032524,0.44265622,149.78967475891113,0.44265622
22.614683544303798,114.05607594936708,150.0,21.59607881568628,61.94148634401749,100412.83249335106,1,-0.18251592,0.7406907,149.81748408079147,0.7406907
22.614683544303798,114.05632911392405,150.0,21.59607881568628,61.94148634401749,100412.83249335106,1,-0.22278778,0.4610622,149.77721221745014,0.4610622
22.614683544303798,114.056582278481,150.0,21.59607881568628,61.94148634401749,100412.83249335106,1,-0.14325209,0.513916,149.85674791038036,0.513916
22.614683544303798,114.05683544303797,150.0,21.59607881568628,61.94148634401749,100412.83249335106,1,-0.20006236,0.5293132,149.79993763566017,0.5293132
22.614683544303798,114.05708860759493,150.0,21.59607881568628,61.94148634401749,100412.83249335106,1,-0.16913979,0.42230186,149.83086021244526,0.42230186
22.614683544303798,114.0573417721519,150.0,21.59607881568628,61.94148634401749,100412.83249335106,1,-0.23512582,0.4047155,149.76487417519093,0.4047155
22.614683544303798,114.05759493670885,150.0,21.59607881568628,61.94148634401749,100412.83249335106,1,-0.1094845,0.5077078,149.89051549881697,0.5077078
22.614683544303798,114.05784810126582,150.0,21.59607881568628,61.94148634401749,100412.83249335106,1,0.1151222,1.8569095,150.11512219905853,1.8569095
22.614683544303798,114.05810126582278,150.0,21.59607881568628,61.94148634401749,100412.83249335106,1,-0.173139,0.95564896,149.82686099410057,0.95564896
22.614683544303798,114.05835443037974,150.0,21.59607881568628,61.94148634401749,100412.83249335106,1,-0.15583266,0.80721396,149.84416733682156,0.80721396
22.614683544303798,114.0586075949367,150.0,21.59607881568628,61.94148634401749,100412.83249335106,1,-0.05798992,1.2955198,149.9420100785792,1.2955198
22.614683544303798,114.05886075949367,150.0,21.59607881568628,61.94148634401749,100412.83249335106,1,-0.19389161,0.5347808,149.80610838532448,0.5347808
22.614683544303798,114.05911392405064,150.0,21.59607881568628,61.94148634401749,100412.83249335106,1,-0.13892269,0.5860307,149.86107730865479,0.5860307
22.614683544303798,114.05936708860759,150.0,21.59607881568628,61.94148634401749,100412.83249335106,1,0.16847539,1.2983891,150.1684753894806,1.2983891
22.614683544303798,114.05962025316455,150.0,21.59607881568628,61.94148634401749,100412.83249335106,1,-0.098557524,0.6385248,149.90144247561693,0.6385248
22.614683544303798,114.05987341772152,150.0,21.59607881568628,61.94148634401749,100412.83249335106,1,-0.16268137,0.47039956,149.8373186290264,0.47039956
22.614683544303798,114.06012658227847,150.0,21.59607881568628,61.94148634401749,100412.83249335106,1,-0.09329377,0.66802233,149.90670622885227,0.66802233
22.614683544303798,114.06037974683544,150.0,21.59607881568628,61.94148634401749,100412.83249335106,1,-0.19658315,0.5191184,149.80341684818268,0.5191184
22.614683544303798,114.0606329113924,150.0,21.59607881568628,61.94148634401749,100412.83249335106,1,0.20837359,2.5491142,150.20837359130383,2.5491142
22.614683544303798,114.06088607594936,150.0,21.59607881568628,61.94148634401749,100412.83249335106,1,-0.43523735,0.6718434,149.56476265192032,0.6718434
22.614683544303798,114.06113924050632,150.0,21.59607881568628,61.94148634401749,100412.83249335106,1,-0.34910628,0.6306439,149.65089371800423,0.6306439
22.614683544303798,114.06139240506329,150.0,21.59607881568628,61.94148634401749,100412.83249335106,1,1.1012781,6.500627,151.10127806663513,6.500627
22.614683544303798,114.06164556962025,150.0,21.59607881568628,61.94148634401749,100412.83249335106,1,-0.37875003,0.6104135,149.62124997377396,0.6104135
22.614683544303798,114.0618987341772,150.0,21.59607881568628,61.94148634401749,100412.83249335106,1,2.1045263,12.916365,152.1045262813568,12.916365
22.614683544303798,114.06215189873417,150.0,21.59607881568628,61.94148634401749,100412.83249335106,1,0.573108,5.7096343,150.5731080174446,5.7096343
22.614683544303798,114.06240506329114,150.0,21.59607881568628,61.94148634401749,100412.83249335106,1,-0.15667464,1.630349,149.84332536160946,1.630349
22.614683544303798,114.06265822784809,150.0,21.59607881568628,61.94148634401749,100412.83249335106,1,-0.41245267,0.7484048,149.58754733204842,0.7484048
22.614683544303798,114.06291139240506,150.0,21.59607881568628,61.94148634401749,100412.83249335106,1,-0.14699103,0.98055893,149.85300897061825,0.98055893
22.614683544303798,114.06316455696202,150.0,21.59607881568628,61.94148634401749,100412.83249335106,1,1.5288491,8.574439,151.52884912490845,8.574439
22.614683544303798,114.06341772151899,150.0,21.59607881568628,61.94148634401749,100412.83249335106,1,-0.24683206,0.73952335,149.75316794216633,0.73952335
22.614683544303798,114.06367088607594,150.0,21.59607881568628,61.94148634401749,100412.83249335106,1,3.078765,14.825925,153.0787649154663,14.825925
22.614683544303798,114.0639240506329,150.0,21.59607881568628,61.94148634401749,100412.83249335106,1,0.28528842,2.1767375,150.2852884232998,2.1767375
22.614683544303798,114.06417721518987,150.0,21.59607881568628,61.94148634401749,100412.83249335106,1,0.43641877,3.9017122,150.43641877174377,3.9017122
22.614683544303798,114.06443037974682,150.0,21.59607881568628,61.94148634401749,100412.83249335106,1,-0.16528106,0.9489964,149.8347189426422,0.9489964
22.614683544303798,114.06468354430379,150.0,21.59607881568628,61.94148634401749,100412.83249335106,1,-0.46436203,0.97307795,149.53563797473907,0.97307795
22.614683544303798,114.06493670886076,150.0,21.59607881568628,61.94148634401749,100412.83249335106,1,0.45380327,4.6483383,150.45380327105522,4.6483383
22.614683544303798,114.06518987341772,150.0,21.59607881568628,61.94148634401749,100412.83249335106,1,1.147826,9.52358,151.1478259563446,9.52358
22.614683544303798,114.06544303797467,150.0,21.59607881568628,61.94148634401749,100412.83249335106,1,4.485416,13.422983,154.48541593551636,13.422983
22.614683544303798,114.06569620253164,150.0,21.59607881568628,61.94148634401749,100412.83249335106,1,2.0420232,6.393488,152.04202318191528,6.393488
22.614683544303798,114.0659493670886,150.0,21.59607881568628,61.94148634401749,100412.83249335106,1,-0.7520272,1.8099838,149.24797278642654,1.8099838
22.614683544303798,114.06620253164556,150.0,21.59607881568628,61.94148634401749,100412.83249335106,1,0.20570797,3.819725,150.20570796728134,3.819725
22.614683544303798,114.06645569620252,150.0,21.59607881568628,61.94148634401749,100412.83249335106,1,1.3343924,8.367527,151.33439242839813,8.367527
22.614683544303798,114.06670886075949,150.0,21.59607881568628,61.94148634401749,100412.83249335106,1,6.014203,16.236393,156.01420307159424,16.236393
22.614683544303798,114.06696202531644,150.0,21.59607881568628,61.94148634401749,100412.83249335106,1,6.081223,14.376275,156.08122301101685,14.376275
22.614683544303798,114.06721518987341,150.0,21.59607881568628,61.94148634401749,100412.83249335106,1,12.230916,21.39868,162.2309160232544,21.39868
22.614683544303798,114.06746835443037,150.0,21.59607881568628,61.94148634401749,100412.83249335106,1,1.4413413,4.683794,151.4413412809372,4.683794
22.614683544303798,114.06772151898734,150.0,21.59607881568628,61.94148634401749,100412.83249335106,1,-0.39912522,1.5530759,149.60087478160858,1.5530759
22.614683544303798,114.06797468354429,150.0,21.59607881568628,61.94148634401749,100412.83249335106,1,6.4805036,13.687831,156.48050355911255,13.687831
22.614683544303798,114.06822784810126,150.0,21.59607881568628,61.94148634401749,100412.83249335106,1,4.205118,9.186354,154.2051181793213,9.186354
22.614683544303798,114.06848101265822,150.0,21.59607881568628,61.94148634401749,100412.83249335106,1,3.6956766,9.914234,153.6956765651703,9.914234
22.614683544303798,114.06873417721518,150.0,21.59607881568628,61.94148634401749,100412.83249335106,1,1.1108614,2.7614315,151.1108614206314,2.7614315
22.614683544303798,114.06898734177214,150.0,21.59607881568628,61.94148634401749,100412.83249335106,1,6.6334867,14.128232,156.6334867477417,14.128232
22.614683544303798,114.06924050632911,150.0,21.59607881568628,61.94148634401749,100412.83249335106,1,8.30657,19.24052,158.3065700531006,19.24052
22.614683544303798,114.06949367088608,150.0,21.59607881568628,61.94148634401749,100412.83249335106,1,18.979465,33.911663,168.97946548461914,33.911663
22.614683544303798,114.06974683544303,150.0,21.59607881568628,61.94148634401749,100412.83249335106,1,18.73799,28.495617,168.73798942565918,28.495617
22.614683544303798,114.07,150.0,21.59607881568628,61.94148634401749,100412.83249335106,1,14.01368,22.380573,164.01368045806885,22.380573
22.61493670886076,114.05,150.0,21.59607881568628,61.94148634401749,100412.83249335106,1,-0.12779815,0.48891076,149.87220184504986,0.48891076
22.61493670886076,114.05025316455696,150.0,21.59607881568628,61.94148634401749,100412.83249335106,1,-0.08755289,0.5799653,149.91244710981846,0.5799653
22.61493670886076,114.05050632911392,150.0,21.59607881568628,61.94148634401749,100412.83249335106,1,-0.21403672,0.46543294,149.7859632819891,0.46543294
22.61493670886076,114.05075949367088,150.0,21.59607881568628,61.94148634401749,100412.83249335106,1,-0.0058268867,0.5115222,149.9941731132567,0.5115222
22.61493670886076,114.05101265822785,150.0,21.59607881568628,61.94148634401749,100412.83249335106,1,-0.2568208,0.5010141,149.74317920207977,0.5010141
22.61493670886076,114.05126582278481,150.0,21.59607881568628,61.94148634401749,100412.83249335106,1,0.03559771,0.4820941,150.03559771180153,0.4820941
22.61493670886076,114.05151898734177,150.0,21.59607881568628,61.94148634401749,100412.83249335106,1,0.11586114,1.4802092,150.11586114019156,1.4802092
22.61493670886076,114.05177215189873,150.0,21.59607881568628,61.94148634401749,100412.83249335106,1,-0.14743538,0.41493696,149.85256461799145,0.41493696
22.61493670886076,114.0520253164557,150.0,21.59607881568628,61.94148634401749,100412.83249335106,1,-0.20189486,0.4809817,149.79810513556004,0.4809817
22.61493670886076,114.05227848101265,150.0,21.59607881568628,61.94148634401749,100412.83249335106,1,-0.3260047,0.5447596,149.67399528622627,0.5447596
22.61493670886076,114.05253164556962,150.0,21.59607881568628,61.94148634401749,100412.83249335106,1,-0.05013833,0.4387962,149.94986167177558,0.4387962
22.61493670886076,114.05278481012658,150.0,21.59607881568628,61.94148634401749,100412.83249335106,1,-0.20087615,0.5226863,149.79912385344505,0.5226863
22.61493670886076,114.05303797468355,150.0,21.59607881568628,61.94148634401749,100412.83249335106,1,-0.18305099,0.33720934,149.81694900989532,0.33720934
22.61493670886076,114.0532911392405,150.0,21.59607881568628,61.94148634401749,100412.83249335106,1,-0.23283407,0.45621428,149.76716592907906,0.45621428
22.61493670886076,114.05354430379747,150.0,21.59607881568628,61.94148634401749,100412.83249335106,1,-0.039575674,0.56619436,149.96042432636023,0.56619436
22.61493670886076,114.05379746835443,150.0,21.59607881568628,61.94148634401749,100412.83249335106,1,-0.18792893,0.39258125,149.81207107007504,0.39258125
22.61493670886076,114.05405063291138,150.0,21.59607881568628,61.94148634401749,100412.83249335106,1,-0.019840633,0.4816522,149.98015936650336,0.4816522
22.61493670886076,114.05430379746835,150.0,21.59607881568628,61.94148634401749,100412.83249335106,1,-0.21991344,0.41263947,149.78008656203747,0.41263947
22.61493670886076,114.05455696202532,150.0,21.59607881568628,61.94148634401749,100412.83249335106,1,0.7593957,5.214718,150.75939571857452,5.214718
22.61493670886076,114.05481012658227,150.0,21.59607881568628,61.94148634401749,100412.83249335106,1,-0.13742022,0.5544076,149.8625797778368,0.5544076
22.61493670886076,114.05506329113923,150.0,21.59607881568628,61.94148634401749,100412.83249335106,1,-0.20826715,0.46834224,149.79173284769058,0.46834224
22.61493670886076,114.0553164556962,150.0,21.59607881568628,61.94148634401749,100412.83249335106,1,-0.20511246,0.5540948,149.7948875427246,0.5540948
22.61493670886076,114.05556962025317,150.0,21.59607881568628,61.94148634401749,100412.83249335106,1,-0.20826261,0.44356865,149.79173739254475,0.44356865
22.61493670886076,114.05582278481012,150.0,21.59607881568628,61.94148634401749,100412.83249335106,1,-0.24177551,0.6023968,149.7582244873047,0.6023968
22.61493670886076,114.05607594936708,150.0,21.59607881568628,61.94148634401749,100412.83249335106,1,-0.18735322,0.46477267,149.81264677643776,0.46477267
22.61493670886076,114.05632911392405,150.0,21.59607881568628,61.94148634401749,100412.83249335106,1,-0.20318685,0.5320012,149.79681314527988,0.5320012
22.61493670886076,114.056582278481,150.0,21.59607881568628,61.94148634401749,100412.83249335106,1,-0.16087525,0.5041802,149.83912475407124,0.5041802
22.61493670886076,114.05683544303797,150.0,21.59607881568628,61.94148634401749,100412.83249335106,1,-0.18159875,0.36824653,149.81840124726295,0.36824653
22.61493670886076,114.05708860759493,150.0,21.59607881568628,61.94148634401749,100412.83249335106,1,-0.2044046,0.4330524,149.7955953925848,0.4330524
22.61493670886076,114.0573417721519,150.0,21.59607881568628,61.94148634401749,100412.83249335106,1,-0.07894886,0.44685978,149.92105113714933,0.44685978
22.61493670886076,114.05759493670885,150.0,21.59607881568628,61.94148634401749,100412.83249335106,1,-0.2196177,0.4520014,149.78038230538368,0.4520014
22.61493670886076,114.05784810126582,150.0,21.59607881568628,61.94148634401749,100412.83249335106,1,-0.073473155,0.4950278,149.9265268445015,0.4950278
22.61493670886076,114.05810126582278,150.0,21.59607881568628,61.94148634401749,100412.83249335106,1,0.12035118,1.4400587,150.12035118043423,1.4400587
22.61493670886076,114.05835443037974,150.0,21.59607881568628,61.94148634401749,100412.83249335106,1,-0.12607022,0.5870142,149.8739297837019,0.5870142
22.61493670886076,114.0586075949367,150.0,21.59607881568628,61.94148634401749,100412.83249335106,1,0.37331185,2.4331021,150.37331184744835,2.4331021
22.61493670886076,114.05886075949367,150.0,21.59607881568628,61.94148634401749,100412.83249335106,1,-0.14710471,0.4996109,149.8528952896595,0.4996109
22.61493670886076,114.05911392405064,150.0,21.59607881568628,61.94148634401749,100412.83249335106,1,-0.1338927,0.44978583,149.8661072999239,0.44978583
22.61493670886076,114.05936708860759,150.0,21.59607881568628,61.94148634401749,100412.83249335106,1,-0.2701773,0.48546943,149.72982269525528,0.48546943
22.61493670886076,114.05962025316455,150.0,21.59607881568628,61.94148634401749,100412.83249335106,1,-0.03855677,0.4311686,149.96144323050976,0.4311686
22.61493670886076,114.05987341772152,150.0,21.59607881568628,61.94148634401749,100412.83249335106,1,-0.16166817,0.6671518,149.8383318334818,0.6671518
22.61493670886076,114.06012658227847,150.0,21.59607881568628,61.94148634401749,100412.83249335106,1,-0.29232913,0.68839884,149.70767086744308,0.68839884
22.61493670886076,114.06037974683544,150.0,21.59607881568628,61.94148634401749,100412.83249335106,1,-0.3045324,0.57962245,149.6954675912857,0.57962245
22.61493670886076,114.0606329113924,150.0,21.59607881568628,61.94148634401749,100412.83249335106,1,-0.18596578,0.7211647,149.81403422355652,0.7211647
22.61493670886076,114.06088607594936,150.0,21.59607881568628,61.94148634401749,100412.83249335106,1,-0.2591112,0.5778975,149.7408888041973,0.5778975
22.61493670886076,114.06113924050632,150.0,21.59607881568628,61.94148634401749,100412.83249335106,1,-0.38044196,0.81406957,149.61955803632736,0.81406957
22.61493670886076,114.06139240506329,150.0,21.59607881568628,61.94148634401749,100412.83249335106,1,-0.3053723,0.73830974,149.69462770223618,0.73830974
22.61493670886076,114.06164556962025,150.0,21.59607881568628,61.94148634401749,100412.83249335106,1,0.76768094,4.6671777,150.76768094301224,4.6671777
22.61493670886076,114.0618987341772,150.0,21.59607881568628,61.94148634401749,100412.83249335106,1,-0.27426046,0.95520335,149.7257395386696,0.95520335
22.61493670886076,114.06215189873417,150.0,21.59607881568628,61.94148634401749,100412.83249335106,1,0.0059655835,2.3707528,150.00596558349207,2.3707528
22.61493670886076,114.06240506329114,150.0,21.59607881568628,61.94148634401749,100412.83249335106,1,-0.20888616,1.9121295,149.79111383855343,1.9121295
22.61493670886076,114.06265822784809,150.0,21.59607881568628,61.94148634401749,100412.83249335106,1,0.6210097,5.158702,150.62100970745087,5.158702
22.61493670886076,114.06291139240506,150.0,21.59607881568628,61.94148634401749,100412.83249335106,1,-0.35604277,0.81052816,149.6439572274685,0.81052816
22.61493670886076,114.06316455696202,150.0,21.59607881568628,61.94148634401749,100412.83249335106,1,-0.3259999,0.5600725,149.6740001142025,0.5600725
22.61493670886076,114.06341772151899,150.0,21.59607881568628,61.94148634401749,100412.83249335106,1,-0.5229175,0.7602383,149.47708249092102,0.7602383
22.61493670886076,114.06367088607594,150.0,21.59607881568628,61.94148634401749,100412.83249335106,1,1.6810746,9.555212,151.6810746192932,9.555212
22.61493670886076,114.0639240506329,150.0,21.59607881568628,61.94148634401749,100412.83249335106,1,1.129742,6.1594915,151.12974202632904,6.1594915
22.61493670886076,114.06417721518987,150.0,21.59607881568628,61.94148634401749,100412.83249335106,1,-0.5380073,0.9318449,149.46199268102646,0.9318449
22.61493670886076,114.06443037974682,150.0,21.59607881568628,61.94148634401749,100412.83249335106,1,-0.50305915,0.9767391,149.49694085121155,0.9767391
22.61493670886076,114.06468354430379,150.0,21.59607881568628,61.94148634401749,100412.83249335106,1,1.0693713,6.0964303,151.069371342659,6.0964303
22.61493670886076,114.06493670886076,150.0,21.59607881568628,61.94148634401749,100412.83249335106,1,1.5672151,7.9098682,151.5672150850296,7.9098682
22.61493670886076,114.06518987341772,150.0,21.59607881568628,61.94148634401749,100412.83249335106,1,0.39092824,4.354362,150.3909282386303,4.354362
22.61493670886076,114.06544303797467,150.0,21.59607881568628,61.94148634401749,100412.83249335106,1,0.08115214,3.89809,150.0811521410942,3.89809
22.61493670886076,114.06569620253164,150.0,21.59607881568628,61.94148634401749,100412.83249335106,1,1.8060768,8.442094,151.80607676506042,8.442094
22.61493670886076,114.0659493670886,150.0,21.59607881568628,61.94148634401749,100412.83249335106,1,1.2315847,4.53453,151.23158466815948,4.53453
22.61493670886076,114.06620253164556,150.0,21.59607881568628,61.94148634401749,100412.83249335106,1,3.9965653,15.157328,153.99656534194946,15.157328
22.61493670886076,114.06645569620252,150.0,21.59607881568628,61.94148634401749,100412.83249335106,1,3.7902641,12.272585,153.79026412963867,12.272585
22.61493670886076,114.06670886075949,150.0,21.59607881568628,61.94148634401749,100412.83249335106,1,1.660672,4.602257,151.6606719493866,4.602257
22.61493670886076,114.06696202531644,150.0,21.59607881568628,61.94148634401749,100412.83249335106,1,10.665684,23.003683,160.6656837463379,23.003683
22.61493670886076,114.06721518987341,150.0,21.59607881568628,61.94148634401749,100412.83249335106,1,2.613911,9.508675,152.6139109134674,9.508675
22.61493670886076,114.06746835443037,150.0,21.59607881568628,61.94148634401749,100412.83249335106,1,4.730348,15.259455,154.73034811019897,15.259455
22.61493670886076,114.06772151898734,150.0,21.59607881568628,61.94148634401749,100412.83249335106,1,8.752858,22.66616,158.75285816192627,22.66616
22.61493670886076,114.06797468354429,150.0,21.59607881568628,61.94148634401749,100412.83249335106,1,3.6773682,12.25911,153.6773681640625,12.25911
22.61493670886076,114.06822784810126,150.0,21.59607881568628,61.94148634401749,100412.83249335106,1,7.433947,15.3229885,157.43394708633423,15.3229885
22.61493670886076,114.06848101265822,150.0,21.59607881568628,61.94148634401749,100412.83249335106,1,4.7566714,14.443855,154.75667142868042,14.443855
22.61493670886076,114.06873417721518,150.0,21.59607881568628,61.94148634401749,100412.83249335106,1,7.7747416,18.48239,157.77474164962769,18.48239
22.61493670886076,114.06898734177214,150.0,21.59607881568628,61.94148634401749,100412.83249335106,1,10.530504,21.910814,160.53050422668457,21.910814
22.61493670886076,114.06924050632911,150.0,21.59607881568628,61.94148634401749,100412.83249335106,1,12.456976,21.707485,162.45697593688965,21.707485
22.61493670886076,114.06949367088608,150.0,21.59607881568628,61.94148634401749,100412.83249335106,1,17.739193,34.478195,167.73919296264648,34.478195
22.61493670886076,114.06974683544303,150.0,21.59607881568628,61.94148634401749,100412.83249335106,1,12.566414,22.938828,162.56641387939453,22.938828
22.61493670886076,114.07,150.0,21.59607881568628,61.94148634401749,100412.83249335106,1,19.15108,27.349127,169.15107917785645,27.349127
22.615189873417723,114.05,150.0,21.59607881568628,61.94148634401749,100412.83249335106,1,-0.15875761,0.44120225,149.84124238789082,0.44120225
22.615189873417723,114.05025316455696,150.0,21.59607881568628,61.94148634401749,100412.83249335106,1,-0.23940827,0.5211777,149.76059173047543,0.5211777
22.615189873417723,114.05050632911392,150.0,21.59607881568628,61.94148634401749,100412.83249335106,1,0.030710876,0.56189364,150.030710875988,0.56189364
22.615189873417723,114.05075949367088,150.0,21.59607881568628,61.94148634401749,100412.83249335106,1,-0.07010513,0.663145,149.92989487200975,0.663145
22.615189873417723,114.05101265822785,150.0,21.59607881568628,61.94148634401749,100412.83249335106,1,-0.04083952,0.4474613,149.95916048064828,0.4474613
22.615189873417723,114.05126582278481,150.0,21.59607881568628,61.94148634401749,100412.83249335106,1,-0.17531498,0.44025043,149.82468502223492,0.44025043
22.615189873417723,114.05151898734177,150.0,21.59607881568628,61.94148634401749,100412.83249335106,1,-0.16441286,0.6252772,149.835587143898,0.6252772
22.615189873417723,114.05177215189873,150.0,21.59607881568628,61.94148634401749,100412.83249335106,1,-0.07213207,0.39626822,149.9278679266572,0.39626822
22.615189873417723,114.0520253164557,150.0,21.59607881568628,61.94148634401749,100412.83249335106,1,-0.09568865,0.43318337,149.9043113514781,0.43318337
22.615189873417723,114.05227848101265,150.0,21.59607881568628,61.94148634401749,100412.83249335106,1,-0.05280813,0.54170686,149.94719187170267,0.54170686
22.615189873417723,114.05253164556962,150.0,21.59607881568628,61.94148634401749,100412.83249335106,1,-0.16397206,0.4653217,149.83602793514729,0.4653217
22.615189873417723,114.05278481012658,150.0,21.59607881568628,61.94148634401749,100412.83249335106,1,-0.11610552,0.41313863,149.88389448076487,0.41313863
22.615189873417723,114.05303797468355,150.0,21.59607881568628,61.94148634401749,100412.83249335106,1,-0.011988924,0.77745134,149.98801107611507,0.77745134
22.615189873417723,114.0532911392405,150.0,21.59607881568628,61.94148634401749,100412.83249335106,1,-0.24066117,0.51711154,149.7593388259411,0.51711154
22.615189873417723,114.05354430379747,150.0,21.59607881568628,61.94148634401749,100412.83249335106,1,-0.14579317,0.63621664,149.85420683026314,0.63621664
22.615189873417723,114.05379746835443,150.0,21.59607881568628,61.94148634401749,100412.83249335106,1,-0.15768981,0.374794,149.8423101902008,0.374794
22.615189873417723,114.05405063291138,150.0,21.59607881568628,61.94148634401749,100412.83249335106,1,-0.10929337,0.54996604,149.89070662856102,0.54996604
22.615189873417723,114.05430379746835,150.0,21.59607881568628,61.94148634401749,100412.83249335106,1,-0.10922878,0.46858764,149.89077121764421,0.46858764
22.615189873417723,114.05455696202532,150.0,21.59607881568628,61.94148634401749,100412.83249335106,1,-0.2476595,0.6382605,149.7523404955864,0.6382605
22.615189873417723,114.05481012658227,150.0,21.59607881568628,61.94148634401749,100412.83249335106,1,-0.04801139,0.6411476,149.95198861137033,0.6411476
22.615189873417723,114.05506329113923,150.0,21.59607881568628,61.94148634401749,100412.83249335106,1,-0.38788545,0.67250484,149.61211454868317,0.67250484
22.615189873417723,114.0553164556962,150.0,21.59607881568628,61.94148634401749,100412.83249335106,1,-0.110865854,0.43688568,149.88913414627314,0.43688568
22.615189873417723,114.05556962025317,150.0,21.59607881568628,61.94148634401749,100412.83249335106,1,-0.2549221,0.5098964,149.7450779080391,0.5098964
22.615189873417723,114.05582278481012,150.0,21.59607881568628,61.94148634401749,100412.83249335106,1,-0.10387905,0.51079863,149.89612095057964,0.51079863
22.615189873417723,114.05607594936708,150.0,21.59607881568628,61.94148634401749,100412.83249335106,1,-0.15344553,0.46560684,149.8465544730425,0.46560684
22.615189873417723,114.05632911392405,150.0,21.59607881568628,61.94148634401749,100412.83249335106,1,-0.09100875,0.47460756,149.90899124741554,0.47460756
22.615189873417723,114.056582278481,150.0,21.59607881568628,61.94148634401749,100412.83249335106,1,-0.32978958,0.61404234,149.67021042108536,0.61404234
22.615189873417723,114.05683544303797,150.0,21.59607881568628,61.94148634401749,100412.83249335106,1,-0.04021931,0.56550777,149.9597806893289,0.56550777
22.615189873417723,114.05708860759493,150.0,21.59607881568628,61.94148634401749,100412.83249335106,1,-0.14507656,0.5716673,149.8549234420061,0.5716673
22.615189873417723,114.0573417721519,150.0,21.59607881568628,61.94148634401749,100412.83249335106,1,-0.09895225,0.4358733,149.9010477513075,0.4358733
22.615189873417723,114.05759493670885,150.0,21.59607881568628,61.94148634401749,100412.83249335106,1,-0.27357364,0.5127316,149.72642636299133,0.5127316
22.615189873417723,114.05784810126582,150.0,21.59607881568628,61.94148634401749,100412.83249335106,1,-0.18824449,0.51791674,149.81175550818443,0.51791674
22.615189873417723,114.05810126582278,150.0,21.59607881568628,61.94148634401749,100412.83249335106,1,-0.43772057,0.9482668,149.562279433012,0.9482668
22.615189873417723,114.05835443037974,150.0,21.59607881568628,61.94148634401749,100412.83249335106,1,0.16542052,1.9039652,150.1654205173254,1.9039652
22.615189873417723,114.0586075949367,150.0,21.59607881568628,61.94148634401749,100412.83249335106,1,-0.34125307,0.6950459,149.6587469279766,0.6950459
22.615189873417723,114.05886075949367,150.0,21.59607881568628,61.94148634401749,100412.83249335106,1,-0.095141456,0.42424893,149.90485854446888,0.42424893
22.615189873417723,114.05911392405064,150.0,21.59607881568628,61.94148634401749,100412.83249335106,1,-0.27515846,0.6690595,149.7248415350914,0.6690595
22.615189873417723,114.05936708860759,150.0,21.59607881568628,61.94148634401749,100412.83249335106,1,-0.34779516,0.57848686,149.65220484137535,0.57848686
22.615189873417723,114.05962025316455,150.0,21.59607881568628,61.94148634401749,100412.83249335106,1,-0.1808094,0.61939496,149.81919060647488,0.61939496
22.615189873417723,114.05987341772152,150.0,21.59607881568628,61.94148634401749,100412.83249335106,1,-0.34523633,0.56125516,149.65476366877556,0.56125516
22.615189873417723,114.06012658227847,150.0,21.59607881568628,61.94148634401749,100412.83249335106,1,-0.29683214,0.63688487,149.7031678557396,0.63688487
22.615189873417723,114.06037974683544,150.0,21.59607881568628,61.94148634401749,100412.83249335106,1,-0.26868472,0.63902086,149.73131528496742,0.63902086
22.615189873417723,114.0606329113924,150.0,21.59607881568628,61.94148634401749,100412.83249335106,1,-0.43719545,0.81257665,149.56280454993248,0.81257665
22.615189873417723,114.06088607594936,150.0,21.59607881568628,61.94148634401749,100412.83249335106,1,-0.21354295,0.8154017,149.78645704686642,0.8154017
22.615189873417723,114.06113924050632,150.0,21.59607881568628,61.94148634401749,100412.83249335106,1,-0.110675365,0.53169334,149.88932463526726,0.53169334
22.615189873417723,114.06139240506329,150.0,21.59607881568628,61.94148634401749,100412.83249335106,1,0.09570454,1.9352494,150.0957045406103,1.9352494
22.615189873417723,114.06164556962025,150.0,21.59607881568628,61.94148634401749,100412.83249335106,1,-0.105369665,0.649454,149.89463033527136,0.649454
22.615189873417723,114.0618987341772,150.0,21.59607881568628,61.94148634401749,100412.83249335106,1,0.13199803,0.6724734,150.13199803233147,0.6724734
22.615189873417723,114.06215189873417,150.0,21.59607881568628,61.94148634401749,100412.83249335106,1,-0.33141494,0.613233,149.66858506202698,0.613233
22.615189873417723,114.06240506329114,150.0,21.59607881568628,61.94148634401749,100412.83249335106,1,0.92485255,6.1698203,150.92485255002975,6.1698203
22.615189873417723,114.06265822784809,150.0,21.59607881568628,61.94148634401749,100412.83249335106,1,0.42391276,3.893875,150.42391276359558,3.893875
22.615189873417723,114.06291139240506,150.0,21.59607881568628,61.94148634401749,100412.83249335106,1,-0.06579407,0.6984529,149.93420592695475,0.6984529
22.615189873417723,114.06316455696202,150.0,21.59607881568628,61.94148634401749,100412.83249335106,1,0.9812643,6.0741653,150.98126429319382,6.0741653
22.615189873417723,114.06341772151899,150.0,21.59607881568628,61.94148634401749,100412.83249335106,1,1.8910568,12.135645,151.89105677604675,12.135645
22.615189873417723,114.06367088607594,150.0,21.59607881568628,61.94148634401749,100412.83249335106,1,1.0720775,7.53261,151.0720775127411,7.53261
22.615189873417723,114.0639240506329,150.0,21.59607881568628,61.94148634401749,100412.83249335106,1,4.2837734,15.681896,154.2837734222412,15.681896
22.615189873417723,114.06417721518987,150.0,21.59607881568628,61.94148634401749,100412.83249335106,1,-0.32403776,0.82760185,149.67596223950386,0.82760185
22.615189873417723,114.06443037974682,150.0,21.59607881568628,61.94148634401749,100412.83249335106,1,3.6755793,13.683445,153.6755793094635,13.683445
22.615189873417723,114.06468354430379,150.0,21.59607881568628,61.94148634401749,100412.83249335106,1,1.6395634,8.798723,151.63956344127655,8.798723
22.615189873417723,114.06493670886076,150.0,21.59607881568628,61.94148634401749,100412.83249335106,1,1.3888735,4.863762,151.38887345790863,4.863762
22.615189873417723,114.06518987341772,150.0,21.59607881568628,61.94148634401749,100412.83249335106,1,0.63914955,4.63891,150.63914954662323,4.63891
22.615189873417723,114.06544303797467,150.0,21.59607881568628,61.94148634401749,100412.83249335106,1,0.8979881,7.551273,150.8979880809784,7.551273
22.615189873417723,114.06569620253164,150.0,21.59607881568628,61.94148634401749,100412.83249335106,1,2.150776,9.179117,152.15077590942383,9.179117
22.615189873417723,114.0659493670886,150.0,21.59607881568628,61.94148634401749,100412.83249335106,1,1.0905055,5.1517744,151.0905054807663,5.1517744
22.615189873417723,114.06620253164556,150.0,21.59607881568628,61.94148634401749,100412.83249335106,1,2.2961102,14.290975,152.29611015319824,14.290975
22.615189873417723,114.06645569620252,150.0,21.59607881568628,61.94148634401749,100412.83249335106,1,0.5195207,6.050706,150.51952069997787,6.050706
22.615189873417723,114.06670886075949,150.0,21.59607881568628,61.94148634401749,100412.83249335106,1,4.1009297,16.447578,154.10092973709106,16.447578
22.615189873417723,114.06696202531644,150.0,21.59607881568628,61.94148634401749,100412.83249335106,1,6.5205245,19.841795,156.52052450180054,19.841795
22.615189873417723,114.06721518987341,150.0,21.59607881568628,61.94148634401749,100412.83249335106,1,3.99772,15.073469,153.99772000312805,15.073469
22.615189873417723,114.06746835443037,150.0,21.59607881568628,61.94148634401749,100412.83249335106,1,7.1855063,16.133142,157.18550634384155,16.133142
22.615189873417723,114.06772151898734,150.0,21.59607881568628,61.94148634401749,100412.83249335106,1,1.6237738,6.5703936,151.62377381324768,6.5703936
22.615189873417723,114.06797468354429,150.0,21.59607881568628,61.94148634401749,100412.83249335106,1,4.1736345,15.005636,154.17363452911377,15.005636
22.615189873417723,114.06822784810126,150.0,21.59607881568628,61.94148634401749,100412.83249335106,1,7.863019,21.197365,157.863018989563,21.197365
22.615189873417723,114.06848101265822,150.0,21.59607881568628,61.94148634401749,100412.83249335106,1,6.67189,16.310635,156.6718897819519,16.310635
22.615189873417723,114.06873417721518,150.0,21.59607881568628,61.94148634401749,100412.83249335106,1,11.862492,20.86658,161.86249160766602,20.86658
22.615189873417723,114.06898734177214,150.0,21.59607881568628,61.94148634401749,100412.83249335106,1,9.7879505,23.804314,159.78795051574707,23.804314
22.615189873417723,114.06924050632911,150.0,21.59607881568628,61.94148634401749,100412.83249335106,1,13.249963,23.224802,163.24996280670166,23.224802
22.615189873417723,114.06949367088608,150.0,21.59607881568628,61.94148634401749,100412.83249335106,1,10.514631,22.999767,160.5146312713623,22.999767
22.615189873417723,114.06974683544303,150.0,21.59607881568628,61.94148634401749,100412.83249335106,1,5.611154,12.551112,155.61115407943726,12.551112
22.615189873417723,114.07,150.0,21.59607881568628,61.94148634401749,100412.83249335106,1,9.978068,15.801136,159.9780683517456,15.801136
22.615443037974686,114.05,150.0,21.59607881568628,61.94148634401749,100412.83249335106,1,-0.049057405,0.46184397,149.950942594558,0.46184397
22.615443037974686,114.05025316455696,150.0,21.59607881568628,61.94148634401749,100412.83249335106,1,-0.18694024,0.5898651,149.81305976212025,0.5898651
22.615443037974686,114.05050632911392,150.0,21.59607881568628,61.94148634401749,100412.83249335106,1,-0.103981346,0.46481445,149.89601865410805,0.46481445
22.615443037974686,114.05075949367088,150.0,21.59607881568628,61.94148634401749,100412.83249335106,1,-0.28247064,0.5235207,149.71752935647964,0.5235207
22.615443037974686,114.05101265822785,150.0,21.59607881568628,61.94148634401749,100412.83249335106,1,-0.15089035,0.61186415,149.8491096496582,0.61186415
22.615443037974686,114.05126582278481,150.0,21.59607881568628,61.94148634401749,100412.83249335106,1,-0.32587236,0.53371876,149.67412763834,0.53371876
22.615443037974686,114.05151898734177,150.0,21.59607881568628,61.94148634401749,100412.83249335106,1,-0.106627405,0.49257815,149.8933725953102,0.49257815
22.615443037974686,114.05177215189873,150.0,21.59607881568628,61.94148634401749,100412.83249335106,1,-0.16629979,0.5745153,149.83370020985603,0.5745153
22.615443037974686,114.0520253164557,150.0,21.59607881568628,61.94148634401749,100412.83249335106,1,-0.28509182,0.45267826,149.714908182621,0.45267826
22.615443037974686,114.05227848101265,150.0,21.59607881568628,61.94148634401749,100412.83249335106,1,0.13703409,2.6352518,150.13703408837318,2.6352518
22.615443037974686,114.05253164556962,150.0,21.59607881568628,61.94148634401749,100412.83249335106,1,-0.073259935,0.50628144,149.92674006521702,0.50628144
22.615443037974686,114.05278481012658,150.0,21.59607881568628,61.94148634401749,100412.83249335106,1,-0.16116016,0.41957277,149.8388398438692,0.41957277
22.615443037974686,114.05303797468355,150.0,21.59607881568628,61.94148634401749,100412.83249335106,1,-0.21695508,0.46343273,149.7830449193716,0.46343273
22.615443037974686,114.0532911392405,150.0,21.59607881568628,61.94148634401749,100412.83249335106,1,-0.44335404,0.46625912,149.5566459596157,0.46625912
22.615443037974686,114.05354430379747,150.0,21.59607881568628,61.94148634401749,100412.83249335106,1,-0.1742169,0.489337,149.82578310370445,0.489337
22.615443037974686,114.05379746835443,150.0,21.59607881568628,61.94148634401749,100412.83249335106,1,-0.29679132,0.556708,149.70320868492126,0.556708
22.615443037974686,114.05405063291138,150.0,21.59607881568628,61.94148634401749,100412.83249335106,1,-0.096349806,0.45905626,149.9036501944065,0.45905626
22.615443037974686,114.05430379746835,150.0,21.59607881568628,61.94148634401749,100412.83249335106,1,-0.10338875,0.37478653,149.89661125093699,0.37478653
22.615443037974686,114.05455696202532,150.0,21.59607881568628,61.94148634401749,100412.83249335106,1,-0.16407597,0.6286827,149.83592402935028,0.6286827
22.615443037974686,114.05481012658227,150.0,21.59607881568628,61.94148634401749,100412.83249335106,1,-0.13526525,0.4948492,149.86473475396633,0.4948492
22.615443037974686,114.05506329113923,150.0,21.59607881568628,61.94148634401749,100412.83249335106,1,-0.15516153,0.4472853,149.84483847022057,0.4472853
22.615443037974686,114.0553164556962,150.0,21.59607881568628,61.94148634401749,100412.83249335106,1,-0.24024037,0.5661295,149.7597596347332,0.5661295
22.615443037974686,114.05556962025317,150.0,21.59607881568628,61.94148634401749,100412.83249335106,1,-0.26426834,0.679081,149.73573166131973,0.679081
22.615443037974686,114.05582278481012,150.0,21.59607881568628,61.94148634401749,100412.83249335106,1,-0.25565386,0.48872203,149.74434614181519,0.48872203
22.615443037974686,114.05607594936708,150.0,21.59607881568628,61.94148634401749,100412.83249335106,1,-0.18210019,0.61576235,149.81789980828762,0.61576235
22.615443037974686,114.05632911392405,150.0,21.59607881568628,61.94148634401749,100412.83249335106,1,-0.12657884,0.5098661,149.87342116236687,0.5098661
22.615443037974686,114.056582278481,150.0,21.59607881568628,61.94148634401749,100412.83249335106,1,-0.21011528,0.55652684,149.78988471627235,0.55652684
22.615443037974686,114.05683544303797,150.0,21.59607881568628,61.94148634401749,100412.83249335106,1,-0.16966413,0.40175512,149.83033587038517,0.40175512
22.615443037974686,114.05708860759493,150.0,21.59607881568628,61.94148634401749,100412.83249335106,1,-0.07076037,0.487956,149.92923963069916,0.487956
22.615443037974686,114.0573417721519,150.0,21.59607881568628,61.94148634401749,100412.83249335106,1,-0.03083473,0.44561782,149.96916526928544,0.44561782
22.615443037974686,114.05759493670885,150.0,21.59607881568628,61.94148634401749,100412.83249335106,1,-0.32016903,0.669862,149.67983096837997,0.669862
22.615443037974686,114.05784810126582,150.0,21.59607881568628,61.94148634401749,100412.83249335106,1,-0.034729995,1.2700758,149.96527000516653,1.2700758
22.615443037974686,114.05810126582278,150.0,21.59607881568628,61.94148634401749,100412.83249335106,1,-0.22496021,0.54769063,149.77503979206085,0.54769063
22.615443037974686,114.05835443037974,150.0,21.59607881568628,61.94148634401749,100412.83249335106,1,0.56726277,3.6138859,150.56726276874542,3.6138859
22.615443037974686,114.0586075949367,150.0,21.59607881568628,61.94148634401749,100412.83249335106,1,-0.17124277,0.5427953,149.82875722646713,0.5427953
22.615443037974686,114.05886075949367,150.0,21.59607881568628,61.94148634401749,100412.83249335106,1,-0.20894428,0.6181262,149.79105572402477,0.6181262
22.615443037974686,114.05911392405064,150.0,21.59607881568628,61.94148634401749,100412.83249335106,1,-0.15608382,0.4927157,149.84391617774963,0.4927157
22.615443037974686,114.05936708860759,150.0,21.59607881568628,61.94148634401749,100412.83249335106,1,1.3862064,8.1762085,151.3862063884735,8.1762085
22.615443037974686,114.05962025316455,150.0,21.59607881568628,61.94148634401749,100412.83249335106,1,-0.1932181,0.65820724,149.80678190290928,0.65820724
22.615443037974686,114.05987341772152,150.0,21.59607881568628,61.94148634401749,100412.83249335106,1,-0.2809321,0.79780394,149.7190679013729,0.79780394
22.615443037974686,114.06012658227847,150.0,21.59607881568628,61.94148634401749,100412.83249335106,1,-0.29010743,0.7162619,149.70989257097244,0.7162619
22.615443037974686,114.06037974683544,150.0,21.59607881568628,61.94148634401749,100412.83249335106,1,-0.32951602,0.78523266,149.67048397660255,0.78523266
22.615443037974686,114.0606329113924,150.0,21.59607881568628,61.94148634401749,100412.83249335106,1,-0.26320818,0.7993494,149.73679181933403,0.7993494
22.615443037974686,114.06088607594936,150.0,21.59607881568628,61.94148634401749,100412.83249335106,1,-0.42543906,0.7199012,149.57456094026566,0.7199012
22.615443037974686,114.06113924050632,150.0,21.59607881568628,61.94148634401749,100412.83249335106,1,1.6045465,10.067332,151.60454654693604,10.067332
22.615443037974686,114.06139240506329,150.0,21.59607881568628,61.94148634401749,100412.83249335106,1,-0.12223267,0.57059205,149.8777673318982,0.57059205
22.615443037974686,114.06164556962025,150.0,21.59607881568628,61.94148634401749,100412.83249335106,1,-0.3714842,0.6463881,149.6285158097744,0.6463881
22.615443037974686,114.0618987341772,150.0,21.59607881568628,61.94148634401749,100412.83249335106,1,-0.3660167,0.51365227,149.63398331403732,0.51365227
22.615443037974686,114.06215189873417,150.0,21.59607881568628,61.94148634401749,100412.83249335106,1,-0.3363954,0.6340317,149.6636045873165,0.6340317
22.615443037974686,114.06240506329114,150.0,21.59607881568628,61.94148634401749,100412.83249335106,1,2.5227227,10.80931,152.52272272109985,10.80931
22.615443037974686,114.06265822784809,150.0,21.59607881568628,61.94148634401749,100412.83249335106,1,0.1192818,2.064117,150.11928179860115,2.064117
22.615443037974686,114.06291139240506,150.0,21.59607881568628,61.94148634401749,100412.83249335106,1,0.15263943,1.4739004,150.15263943374157,1.4739004
22.615443037974686,114.06316455696202,150.0,21.59607881568628,61.94148634401749,100412.83249335106,1,-0.31496674,1.0387056,149.68503326177597,1.0387056
22.615443037974686,114.06341772151899,150.0,21.59607881568628,61.94148634401749,100412.83249335106,1,-0.26290435,0.689021,149.73709565401077,0.689021
22.615443037974686,114.06367088607594,150.0,21.59607881568628,61.94148634401749,100412.83249335106,1,1.0183024,4.100299,151.0183024406433,4.100299
22.615443037974686,114.0639240506329,150.0,21.59607881568628,61.94148634401749,100412.83249335106,1,-0.3089831,0.8849164,149.69101691246033,0.8849164
22.615443037974686,114.06417721518987,150.0,21.59607881568628,61.94148634401749,100412.83249335106,1,0.4203954,3.214819,150.42039540410042,3.214819
22.615443037974686,114.06443037974682,150.0,21.59607881568628,61.94148634401749,100412.83249335106,1,3.0091126,13.287791,153.00911259651184,13.287791
22.615443037974686,114.06468354430379,150.0,21.59607881568628,61.94148634401749,100412.83249335106,1,-0.42054182,1.0286778,149.5794581770897,1.0286778
22.615443037974686,114.06493670886076,150.0,21.59607881568628,61.94148634401749,100412.83249335106,1,0.052925237,1.265133,150.05292523652315,1.265133
22.615443037974686,114.06518987341772,150.0,21.59607881568628,61.94148634401749,100412.83249335106,1,2.2992957,14.2712965,152.29929566383362,14.2712965
22.615443037974686,114.06544303797467,150.0,21.59607881568628,61.94148634401749,100412.83249335106,1,2.5122564,10.029359,152.51225638389587,10.029359
22.615443037974686,114.06569620253164,150.0,21.59607881568628,61.94148634401749,100412.83249335106,1,1.7263228,6.089708,151.7263227701187,6.089708
22.615443037974686,114.0659493670886,150.0,21.59607881568628,61.94148634401749,100412.83249335106,1,0.08798787,1.9126232,150.08798786997795,1.9126232
22.615443037974686,114.06620253164556,150.0,21.59607881568628,61.94148634401749,100412.83249335106,1,5.483189,18.692154,155.48318910598755,18.692154
22.615443037974686,114.06645569620252,150.0,21.59607881568628,61.94148634401749,100412.83249335106,1,0.68870205,4.199737,150.68870204687119,4.199737
22.615443037974686,114.06670886075949,150.0,21.59607881568628,61.94148634401749,100412.83249335106,1,1.0180992,7.9717207,151.01809918880463,7.9717207
22.615443037974686,114.06696202531644,150.0,21.59607881568628,61.94148634401749,100412.83249335106,1,2.689973,7.9692965,152.68997311592102,7.9692965
22.615443037974686,114.06721518987341,150.0,21.59607881568628,61.94148634401749,100412.83249335106,1,5.63003,16.811779,155.63003015518188,16.811779
22.615443037974686,114.06746835443037,150.0,21.59607881568628,61.94148634401749,100412.83249335106,1,3.3921952,13.55697,153.39219522476196,13.55697
22.615443037974686,114.06772151898734,150.0,21.59607881568628,61.94148634401749,100412.83249335106,1,6.2232966,16.811146,156.22329664230347,16.811146
22.615443037974686,114.06797468354429,150.0,21.59607881568628,61.94148634401749,100412.83249335106,1,1.8668095,6.652384,151.86680948734283,6.652384
22.615443037974686,114.06822784810126,150.0,21.59607881568628,61.94148634401749,100412.83249335106,1,2.8152657,8.2315645,152.81526565551758,8.2315645
22.615443037974686,114.06848101265822,150.0,21.59607881568628,61.94148634401749,100412.83249335106,1,1.697719,6.324266,151.69771897792816,6.324266
22.615443037974686,114.06873417721518,150.0,21.59607881568628,61.94148634401749,100412.83249335106,1,4.316384,14.044089,154.31638383865356,14.044089
22.615443037974686,114.06898734177214,150.0,21.59607881568628,61.94148634401749,100412.83249335106,1,11.250938,26.025826,161.25093841552734,26.025826
22.615443037974686,114.06924050632911,150.0,21.59607881568628,61.94148634401749,100412.83249335106,1,18.523792,32.13615,168.5237922668457,32.13615
22.615443037974686,114.06949367088608,150.0,21.59607881568628,61.94148634401749,100412.83249335106,1,20.271305,29.043306,170.27130508422852,29.043306
22.615443037974686,114.06974683544303,150.0,21.59607881568628,61.94148634401749,100412.83249335106,1,11.647533,24.594921,161.64753341674805,24.594921
22.615443037974686,114.07,150.0,21.59607881568628,61.94148634401749,100412.83249335106,1,17.513466,27.932531,167.51346588134766,27.932531
22.615696202531648,114.05,150.0,21.59607881568628,61.94148634401749,100412.83249335106,1,-0.1350929,0.484147,149.8649071007967,0.484147
22.615696202531648,114.05025316455696,150.0,21.59607881568628,61.94148634401749,100412.83249335106,1,-0.10650006,0.50030166,149.89349994063377,0.50030166
22.615696202531648,114.05050632911392,150.0,21.59607881568628,61.94148634401749,100412.83249335106,1,-0.243576,0.47683355,149.7564239948988,0.47683355
22.615696202531648,114.05075949367088,150.0,21.59607881568628,61.94148634401749,100412.83249335106,1,-0.07668561,0.5137104,149.92331439256668,0.5137104
22.615696202531648,114.05101265822785,150.0,21.59607881568628,61.94148634401749,100412.83249335106,1,-0.14967497,0.3914145,149.85032503306866,0.3914145
22.615696202531648,114.05126582278481,150.0,21.59607881568628,61.94148634401749,100412.83249335106,1,-0.07081432,0.42476282,149.92918568104506,0.42476282
22.615696202531648,114.05151898734177,150.0,21.59607881568628,61.94148634401749,100412.83249335106,1,-0.001567554,0.4133137,149.99843244603835,0.4133137
22.615696202531648,114.05177215189873,150.0,21.59607881568628,61.94148634401749,100412.83249335106,1,-0.12890552,0.5466086,149.8710944801569,0.5466086
22.615696202531648,114.0520253164557,150.0,21.59607881568628,61.94148634401749,100412.83249335106,1,-0.20502283,0.46968082,149.7949771732092,0.46968082
22.615696202531648,114.05227848101265,150.0,21.59607881568628,61.94148634401749,100412.83249335106,1,-0.3141822,0.46916762,149.68581780791283,0.46916762
22.615696202531648,114.05253164556962,150.0,21.59607881568628,61.94148634401749,100412.83249335106,1,-0.0013852158,0.42009863,149.99861478421371,0.42009863
22.615696202531648,114.05278481012658,150.0,21.59607881568628,61.94148634401749,100412.83249335106,1,-0.20024781,0.4614475,149.7997521907091,0.4614475
22.615696202531648,114.05303797468355,150.0,21.59607881568628,61.94148634401749,100412.83249335106,1,-0.10123042,0.5620429,149.89876957982779,0.5620429
22.615696202531648,114.0532911392405,150.0,21.59607881568628,61.94148634401749,100412.83249335106,1,0.43643054,3.889611,150.43643054366112,3.889611
22.615696202531648,114.05354430379747,150.0,21.59607881568628,61.94148634401749,100412.83249335106,1,-0.17786774,0.447645,149.82213225960732,0.447645
22.615696202531648,114.05379746835443,150.0,21.59607881568628,61.94148634401749,100412.83249335106,1,-0.16795617,0.39592522,149.83204382658005,0.39592522
22.615696202531648,114.05405063291138,150.0,21.59607881568628,61.94148634401749,100412.83249335106,1,-0.055250194,0.5048425,149.9447498060763,0.5048425
22.615696202531648,114.05430379746835,150.0,21.59607881568628,61.94148634401749,100412.83249335106,1,0.028787717,0.40624776,150.02878771722317,0.40624776
22.615696202531648,114.05455696202532,150.0,21.59607881568628,61.94148634401749,100412.83249335106,1,-0.30620554,0.5218301,149.69379445910454,0.5218301
22.615696202531648,114.05481012658227,150.0,21.59607881568628,61.94148634401749,100412.83249335106,1,-0.09743614,0.4408161,149.90256386250257,0.4408161
22.615696202531648,114.05506329113923,150.0,21.59607881568628,61.94148634401749,100412.83249335106,1,-0.24448887,0.48154184,149.7555111348629,0.48154184
22.615696202531648,114.0553164556962,150.0,21.59607881568628,61.94148634401749,100412.83249335106,1,-0.17682141,0.4445306,149.82317858934402,0.4445306
22.615696202531648,114.05556962025317,150.0,21.59607881568628,61.94148634401749,100412.83249335106,1,0.013925495,0.6007301,150.01392549462616,0.6007301
22.615696202531648,114.05582278481012,150.0,21.59607881568628,61.94148634401749,100412.83249335106,1,-0.3860492,0.57657874,149.61395078897476,0.57657874
22.615696202531648,114.05607594936708,150.0,21.59607881568628,61.94148634401749,100412.83249335106,1,0.03396085,0.43199378,150.0339608490467,0.43199378
22.615696202531648,114.05632911392405,150.0,21.59607881568628,61.94148634401749,100412.83249335106,1,-0.16275261,0.49666354,149.83724738657475,0.49666354
22.615696202531648,114.056582278481,150.0,21.59607881568628,61.94148634401749,100412.83249335106,1,-0.12549086,0.47458267,149.8745091408491,0.47458267
22.615696202531648,114.05683544303797,150.0,21.59607881568628,61.94148634401749,100412.83249335106,1,-0.202947,0.5886352,149.79705299437046,0.5886352
22.615696202531648,114.05708860759493,150.0,21.59607881568628,61.94148634401749,100412.83249335106,1,-0.19077362,0.56227094,149.80922637879848,0.56227094
22.615696202531648,114.0573417721519,150.0,21.59607881568628,61.94148634401749,100412.83249335106,1,-0.25847918,0.8801406,149.7415208220482,0.8801406
22.615696202531648,114.05759493670885,150.0,21.59607881568628,61.94148634401749,100412.83249335106,1,-0.15396959,0.6635086,149.84603041410446,0.6635086
22.615696202531648,114.05784810126582,150.0,21.59607881568628,61.94148634401749,100412.83249335106,1,-0.08029361,0.6576616,149.91970638930798,0.6576616
22.615696202531648,114.05810126582278,150.0,21.59607881568628,61.94148634401749,100412.83249335106,1,-0.33852556,0.65408665,149.66147443652153,0.65408665
22.615696202531648,114.05835443037974,150.0,21.59607881568628,61.94148634401749,100412.83249335106,1,-0.22559682,0.53164,149.77440318465233,0.53164
22.615696202531648,114.0586075949367,150.0,21.59607881568628,61.94148634401749,100412.83249335106,1,-0.33243865,0.6438015,149.66756135225296,0.6438015
22.615696202531648,114.05886075949367,150.0,21.59607881568628,61.94148634401749,100412.83249335106,1,1.4103006,9.546053,151.41030061244965,9.546053
22.615696202531648,114.05911392405064,150.0,21.59607881568628,61.94148634401749,100412.83249335106,1,-0.18682903,0.640215,149.81317096948624,0.640215
22.615696202531648,114.05936708860759,150.0,21.59607881568628,61.94148634401749,100412.83249335106,1,-0.09881357,0.5000286,149.90118642896414,0.5000286
22.615696202531648,114.05962025316455,150.0,21.59607881568628,61.94148634401749,100412.83249335106,1,0.2809029,1.6322747,150.28090289235115,1.6322747
22.615696202531648,114.05987341772152,150.0,21.59607881568628,61.94148634401749,100412.83249335106,1,-0.26722324,0.57096034,149.732776761055,0.57096034
22.615696202531648,114.06012658227847,150.0,21.59607881568628,61.94148634401749,100412.83249335106,1,-0.1547801,1.1325637,149.84521989524364,1.1325637
22.615696202531648,114.06037974683544,150.0,21.59607881568628,61.94148634401749,100412.83249335106,1,-0.23659393,0.74567205,149.76340606808662,0.74567205
22.615696202531648,114.0606329113924,150.0,21.59607881568628,61.94148634401749,100412.83249335106,1,0.6504595,4.49806,150.65045952796936,4.49806
22.615696202531648,114.06088607594936,150.0,21.59607881568628,61.94148634401749,100412.83249335106,1,0.99511707,6.915326,150.9951170682907,6.915326
22.615696202531648,114.06113924050632,150.0,21.59607881568628,61.94148634401749,100412.83249335106,1,-0.5139009,0.98640007,149.48609912395477,0.98640007
22.615696202531648,114.06139240506329,150.0,21.59607881568628,61.94148634401749,100412.83249335106,1,-0.27032632,0.5384254,149.72967368364334,0.5384254
22.615696202531648,114.06164556962025,150.0,21.59607881568628,61.94148634401749,100412.83249335106,1,1.6387,10.465481,151.63870000839233,10.465481
22.615696202531648,114.0618987341772,150.0,21.59607881568628,61.94148634401749,100412.83249335106,1,0.03382025,0.6903451,150.03382024914026,0.6903451
22.615696202531648,114.06215189873417,150.0,21.59607881568628,61.94148634401749,100412.83249335106,1,0.4217391,4.0996456,150.4217391014099,4.0996456
22.615696202531648,114.06240506329114,150.0,21.59607881568628,61.94148634401749,100412.83249335106,1,1.7751414,8.429845,151.77514135837555,8.429845
22.615696202531648,114.06265822784809,150.0,21.59607881568628,61.94148634401749,100412.83249335106,1,-0.10902755,1.032133,149.89097245037556,1.032133
22.615696202531648,114.06291139240506,150.0,21.59607881568628,61.94148634401749,100412.83249335106,1,-0.20088905,1.4464998,149.79911094903946,1.4464998
22.615696202531648,114.06316455696202,150.0,21.59607881568628,61.94148634401749,100412.83249335106,1,2.147864,11.897257,152.14786410331726,11.897257
22.615696202531648,114.06341772151899,150.0,21.59607881568628,61.94148634401749,100412.83249335106,1,2.834353,15.571215,152.8343529701233,15.571215
22.615696202531648,114.06367088607594,150.0,21.59607881568628,61.94148634401749,100412.83249335106,1,-0.3744016,0.83508545,149.62559840083122,0.83508545
22.615696202531648,114.0639240506329,150.0,21.59607881568628,61.94148634401749,100412.83249335106,1,1.5642619,8.863226,151.56426191329956,8.863226
22.615696202531648,114.06417721518987,150.0,21.59607881568628,61.94148634401749,100412.83249335106,1,0.2622534,3.5365314,150.26225340366364,3.5365314
22.615696202531648,114.06443037974682,150.0,21.59607881568628,61.94148634401749,100412.83249335106,1,-0.14022747,0.79914784,149.85977253317833,0.79914784
22.615696202531648,114.06468354430379,150.0,21.59607881568628,61.94148634401749,100412.83249335106,1,4.8809266,16.701862,154.8809266090393,16.701862
22.615696202531648,114.06493670886076,150.0,21.59607881568628,61.94148634401749,100412.83249335106,1,-0.5401416,0.96174735,149.459858417511,0.96174735
22.615696202531648,114.06518987341772,150.0,21.59607881568628,61.94148634401749,100412.83249335106,1,2.89944,12.710337,152.89944005012512,12.710337
22.615696202531648,114.06544303797467,150.0,21.59607881568628,61.94148634401749,100412.83249335106,1,-0.411074,0.91171026,149.58892598748207,0.91171026
22.615696202531648,114.06569620253164,150.0,21.59607881568628,61.94148634401749,100412.83249335106,1,1.8422792,11.806997,151.84227919578552,11.806997
22.615696202531648,114.0659493670886,150.0,21.59607881568628,61.94148634401749,100412.83249335106,1,3.387038,14.183206,153.38703799247742,14.183206
22.615696202531648,114.06620253164556,150.0,21.59607881568628,61.94148634401749,100412.83249335106,1,2.912791,9.959921,152.91279101371765,9.959921
22.615696202531648,114.06645569620252,150.0,21.59607881568628,61.94148634401749,100412.83249335106,1,5.8949447,12.884379,155.89494466781616,12.884379
22.615696202531648,114.06670886075949,150.0,21.59607881568628,61.94148634401749,100412.83249335106,1,1.7922628,9.335994,151.79226279258728,9.335994
22.615696202531648,114.06696202531644,150.0,21.59607881568628,61.94148634401749,100412.83249335106,1,4.051892,12.0472555,154.05189180374146,12.0472555
22.615696202531648,114.06721518987341,150.0,21.59607881568628,61.94148634401749,100412.83249335106,1,4.353473,15.082013,154.35347318649292,15.082013
22.615696202531648,114.06746835443037,150.0,21.59607881568628,61.94148634401749,100412.83249335106,1,6.0969176,19.804953,156.09691762924194,19.804953
22.615696202531648,114.06772151898734,150.0,21.59607881568628,61.94148634401749,100412.83249335106,1,3.1269755,8.423079,153.12697553634644,8.423079
22.615696202531648,114.06797468354429,150.0,21.59607881568628,61.94148634401749,100412.83249335106,1,6.6776514,18.85608,156.67765140533447,18.85608
22.615696202531648,114.06822784810126,150.0,21.59607881568628,61.94148634401749,100412.83249335106,1,7.1694226,19.374023,157.16942262649536,19.374023
22.615696202531648,114.06848101265822,150.0,21.59607881568628,61.94148634401749,100412.83249335106,1,6.616186,17.203573,156.61618614196777,17.203573
22.615696202531648,114.06873417721518,150.0,21.59607881568628,61.94148634401749,100412.83249335106,1,11.388586,22.516184,161.38858604431152,22.516184
22.615696202531648,114.06898734177214,150.0,21.59607881568628,61.94148634401749,100412.83249335106,1,6.4885106,18.651237,156.4885106086731,18.651237
22.615696202531648,114.06924050632911,150.0,21.59607881568628,61.94148634401749,100412.83249335106,1,6.3220634,13.649872,156.32206344604492,13.649872
22.615696202531648,114.06949367088608,150.0,21.59607881568628,61.94148634401749,100412.83249335106,1,10.356583,21.162714,160.35658264160156,21.162714
22.615696202531648,114.06974683544303,150.0,21.59607881568628,61.94148634401749,100412.83249335106,1,10.798197,22.449709,160.79819679260254,22.449709
22.615696202531648,114.07,150.0,21.59607881568628,61.94148634401749,100412.83249335106,1,7.586309,12.485445,157.58630895614624,12.485445
22.615949367088607,114.05,150.0,21.59607881568628,61.94148634401749,100412.83249335106,1,-0.20180824,0.4301674,149.79819175601006,0.4301674
22.615949367088607,114.05025316455696,150.0,21.59607881568628,61.94148634401749,100412.83249335106,1,-0.04309007,0.47070816,149.95690992847085,0.47070816
22.615949367088607,114.05050632911392,150.0,21.59607881568628,61.94148634401749,100412.83249335106,1,-0.19842714,0.41080004,149.80157285928726,0.41080004
22.615949367088607,114.05075949367088,150.0,21.59607881568628,61.94148634401749,100412.83249335106,1,-0.17715755,0.48334494,149.8228424489498,0.48334494
22.615949367088607,114.05101265822785,150.0,21.59607881568628,61.94148634401749,100412.83249335106,1,-0.05499852,0.391839,149.94500147923827,0.391839
22.615949367088607,114.05126582278481,150.0,21.59607881568628,61.94148634401749,100412.83249335106,1,-0.02590448,0.46811885,149.9740955196321,0.46811885
22.615949367088607,114.05151898734177,150.0,21.59607881568628,61.94148634401749,100412.83249335106,1,-0.021375218,0.4845265,149.97862478159368,0.4845265
22.615949367088607,114.05177215189873,150.0,21.59607881568628,61.94148634401749,100412.83249335106,1,-0.1238788,0.41287953,149.87612120062113,0.41287953
22.615949367088607,114.0520253164557,150.0,21.59607881568628,61.94148634401749,100412.83249335106,1,0.02869809,0.54437757,150.02869809046388,0.54437757
22.615949367088607,114.05227848101265,150.0,21.59607881568628,61.94148634401749,100412.83249335106,1,-0.026099047,0.38437933,149.97390095330775,0.38437933
22.615949367088607,114.05253164556962,150.0,21.59607881568628,61.94148634401749,100412.83249335106,1,-0.20383155,0.49595234,149.79616844654083,0.49595234
22.615949367088607,114.05278481012658,150.0,21.59607881568628,61.94148634401749,100412.83249335106,1,-0.13822503,0.6449315,149.86177496612072,0.6449315
22.615949367088607,114.05303797468355,150.0,21.59607881568628,61.94148634401749,100412.83249335106,1,-0.069421515,0.5217183,149.93057848513126,0.5217183
22.615949367088607,114.0532911392405,150.0,21.59607881568628,61.94148634401749,100412.83249335106,1,-0.20079662,0.47093067,149.79920338094234,0.47093067
22.615949367088607,114.05354430379747,150.0,21.59607881568628,61.94148634401749,100412.83249335106,1,-0.25865263,0.34658134,149.7413473725319,0.34658134
22.615949367088607,114.05379746835443,150.0,21.59607881568628,61.94148634401749,100412.83249335106,1,-0.15459329,0.74255884,149.84540671110153,0.74255884
22.615949367088607,114.05405063291138,150.0,21.59607881568628,61.94148634401749,100412.83249335106,1,-0.064070866,0.42051926,149.9359291344881,0.42051926
22.615949367088607,114.05430379746835,150.0,21.59607881568628,61.94148634401749,100412.83249335106,1,-0.037808783,0.54854286,149.96219121664762,0.54854286
22.615949367088607,114.05455696202532,150.0,21.59607881568628,61.94148634401749,100412.83249335106,1,-0.19381225,0.4679657,149.806187748909,0.4679657
22.615949367088607,114.05481012658227,150.0,21.59607881568628,61.94148634401749,100412.83249335106,1,-0.039117485,0.58128345,149.9608825147152,0.58128345
22.615949367088607,114.05506329113923,150.0,21.59607881568628,61.94148634401749,100412.83249335106,1,-0.0011851036,0.6117718,149.99881489644758,0.6117718
22.615949367088607,114.0553164556962,150.0,21.59607881568628,61.94148634401749,100412.83249335106,1,-0.3389495,0.56868446,149.66105049848557,0.56868446
22.615949367088607,114.05556962025317,150.0,21.59607881568628,61.94148634401749,100412.83249335106,1,-0.15237857,0.5495236,149.8476214259863,0.5495236
22.615949367088607,114.05582278481012,150.0,21.59607881568628,61.94148634401749,100412.83249335106,1,-0.30991244,0.43248835,149.690087556839,0.43248835
22.615949367088607,114.05607594936708,150.0,21.59607881568628,61.94148634401749,100412.83249335106,1,-0.11848802,0.57592416,149.88151197880507,0.57592416
22.615949367088607,114.05632911392405,150.0,21.59607881568628,61.94148634401749,100412.83249335106,1,-0.14489949,0.4363297,149.85510051250458,0.4363297
22.615949367088607,114.056582278481,150.0,21.59607881568628,61.94148634401749,100412.83249335106,1,-0.1035827,0.5077892,149.8964172974229,0.5077892
22.615949367088607,114.05683544303797,150.0,21.59607881568628,61.94148634401749,100412.83249335106,1,-0.18843362,0.5696585,149.81156638264656,0.5696585
22.615949367088607,114.05708860759493,150.0,21.59607881568628,61.94148634401749,100412.83249335106,1,-0.1905177,0.47462463,149.809482306242,0.47462463
22.615949367088607,114.0573417721519,150.0,21.59607881568628,61.94148634401749,100412.83249335106,1,-0.087725446,0.50980484,149.91227455437183,0.50980484
22.615949367088607,114.05759493670885,150.0,21.59607881568628,61.94148634401749,100412.83249335106,1,-0.12242155,0.5275375,149.8775784522295,0.5275375
22.615949367088607,114.05784810126582,150.0,21.59607881568628,61.94148634401749,100412.83249335106,1,0.12189036,0.6756535,150.12189035862684,0.6756535
22.615949367088607,114.05810126582278,150.0,21.59607881568628,61.94148634401749,100412.83249335106,1,-0.10490854,0.69338983,149.89509145915508,0.69338983
22.615949367088607,114.05835443037974,150.0,21.59607881568628,61.94148634401749,100412.83249335106,1,-0.17734934,0.6732672,149.8226506561041,0.6732672
22.615949367088607,114.0586075949367,150.0,21.59607881568628,61.94148634401749,100412.83249335106,1,-0.38051173,0.7403598,149.61948826909065,0.7403598
22.615949367088607,114.05886075949367,150.0,21.59607881568628,61.94148634401749,100412.83249335106,1,-0.10112436,0.8552494,149.89887563884258,0.8552494
22.615949367088607,114.05911392405064,150.0,21.59607881568628,61.94148634401749,100412.83249335106,1,-0.04112835,0.66051465,149.95887165144086,0.66051465
22.615949367088607,114.05936708860759,150.0,21.59607881568628,61.94148634401749,100412.83249335106,1,-0.28613567,0.56874776,149.71386432647705,0.56874776
22.615949367088607,114.05962025316455,150.0,21.59607881568628,61.94148634401749,100412.83249335106,1,-0.23127362,0.5515669,149.76872637867928,0.5515669
22.615949367088607,114.05987341772152,150.0,21.59607881568628,61.94148634401749,100412.83249335106,1,-0.11547999,0.5894639,149.88452000916004,0.5894639
22.615949367088607,114.06012658227847,150.0,21.59607881568628,61.94148634401749,100412.83249335106,1,-0.30686307,0.64215755,149.6931369304657,0.64215755
22.615949367088607,114.06037974683544,150.0,21.59607881568628,61.94148634401749,100412.83249335106,1,-0.21813582,0.54906416,149.78186418116093,0.54906416
22.615949367088607,114.0606329113924,150.0,21.59607881568628,61.94148634401749,100412.83249335106,1,-0.11371416,0.4345506,149.886285841465,0.4345506
22.615949367088607,114.06088607594936,150.0,21.59607881568628,61.94148634401749,100412.83249335106,1,-0.31117076,0.71610147,149.68882924318314,0.71610147
22.615949367088607,114.06113924050632,150.0,21.59607881568628,61.94148634401749,100412.83249335106,1,-0.08947031,1.3842369,149.91052968800068,1.3842369
22.615949367088607,114.06139240506329,150.0,21.59607881568628,61.94148634401749,100412.83249335106,1,-0.31728747,0.69492775,149.68271252512932,0.69492775
22.615949367088607,114.06164556962025,150.0,21.59607881568628,61.94148634401749,100412.83249335106,1,-0.39518923,0.6081991,149.60481077432632,0.6081991
22.615949367088607,114.0618987341772,150.0,21.59607881568628,61.94148634401749,100412.83249335106,1,-0.16018821,0.61732227,149.83981178700924,0.61732227
22.615949367088607,114.06215189873417,150.0,21.59607881568628,61.94148634401749,100412.83249335106,1,2.3669126,10.439936,152.3669126033783,10.439936
22.615949367088607,114.06240506329114,150.0,21.59607881568628,61.94148634401749,100412.83249335106,1,-0.12426563,0.6332318,149.87573436647654,0.6332318
22.615949367088607,114.06265822784809,150.0,21.59607881568628,61.94148634401749,100412.83249335106,1,0.4000145,3.7510433,150.40001448988914,3.7510433
22.615949367088607,114.06291139240506,150.0,21.59607881568628,61.94148634401749,100412.83249335106,1,0.11953944,2.1109087,150.1195394396782,2.1109087
22.615949367088607,114.06316455696202,150.0,21.59607881568628,61.94148634401749,100412.83249335106,1,0.1381518,1.8117046,150.138151794672,1.8117046
22.615949367088607,114.06341772151899,150.0,21.59607881568628,61.94148634401749,100412.83249335106,1,-0.04567459,0.821138,149.95432541146874,0.821138
22.615949367088607,114.06367088607594,150.0,21.59607881568628,61.94148634401749,100412.83249335106,1,0.32490784,2.4773984,150.32490783929825,2.4773984
22.615949367088607,114.0639240506329,150.0,21.59607881568628,61.94148634401749,100412.83249335106,1,0.21690641,3.4933686,150.21690641343594,3.4933686
22.615949367088607,114.06417721518987,150.0,21.59607881568628,61.94148634401749,100412.83249335106,1,-0.4345077,0.933138,149.56549230217934,0.933138
22.615949367088607,114.06443037974682,150.0,21.59607881568628,61.94148634401749,100412.83249335106,1,-0.34356216,0.7960444,149.656437844038,0.7960444
22.615949367088607,114.06468354430379,150.0,21.59607881568628,61.94148634401749,100412.83249335106,1,-0.52860606,1.2615049,149.47139394283295,1.2615049
22.615949367088607,114.06493670886076,150.0,21.59607881568628,61.94148634401749,100412.83249335106,1,0.6235722,3.4497628,150.6235721707344,3.4497628
22.615949367088607,114.06518987341772,150.0,21.59607881568628,61.94148634401749,100412.83249335106,1,0.92936814,6.1368604,150.9293681383133,6.1368604
22.615949367088607,114.06544303797467,150.0,21.59607881568628,61.94148634401749,100412.83249335106,1,0.3237036,2.5942745,150.3237035870552,2.5942745
22.615949367088607,114.06569620253164,150.0,21.59607881568628,61.94148634401749,100412.83249335106,1,3.7711663,16.14317,153.77116632461548,16.14317
22.615949367088607,114.0659493670886,150.0,21.59607881568628,61.94148634401749,100412.83249335106,1,0.6406898,2.7475448,150.64068979024887,2.7475448
22.615949367088607,114.06620253164556,150.0,21.59607881568628,61.94148634401749,100412.83249335106,1,0.5362379,2.533899,150.53623789548874,2.533899
22.615949367088607,114.06645569620252,150.0,21.59607881568628,61.94148634401749,100412.83249335106,1,0.3612285,3.0412297,150.36122849583626,3.0412297
22.615949367088607,114.06670886075949,150.0,21.59607881568628,61.94148634401749,100412.83249335106,1,3.2278714,10.577079,153.22787141799927,10.577079
22.615949367088607,114.06696202531644,150.0,21.59607881568628,61.94148634401749,100412.83249335106,1,3.1547258,9.77188,153.1547257900238,9.77188
22.615949367088607,114.06721518987341,150.0,21.59607881568628,61.94148634401749,100412.83249335106,1,0.894948,6.1628404,150.89494800567627,6.1628404
22.615949367088607,114.06746835443037,150.0,21.59607881568628,61.94148634401749,100412.83249335106,1,2.3996675,6.2845035,152.39966750144958,6.2845035
22.615949367088607,114.06772151898734,150.0,21.59607881568628,61.94148634401749,100412.83249335106,1,2.8912916,14.73545,152.89129161834717,14.73545
22.615949367088607,114.06797468354429,150.0,21.59607881568628,61.94148634401749,100412.83249335106,1,1.760719,8.239835,151.76071894168854,8.239835
22.615949367088607,114.06822784810126,150.0,21.59607881568628,61.94148634401749,100412.83249335106,1,5.1363106,14.2942505,155.13631057739258,14.2942505
22.615949367088607,114.06848101265822,150.0,21.59607881568628,61.94148634401749,100412.83249335106,1,9.126316,19.871367,159.12631607055664,19.871367
22.615949367088607,114.06873417721518,150.0,21.59607881568628,61.94148634401749,100412.83249335106,1,13.180146,22.818731,163.1801462173462,22.818731
22.615949367088607,114.06898734177214,150.0,21.59607881568628,61.94148634401749,100412.83249335106,1,3.338901,10.625555,153.33890104293823,10.625555
22.615949367088607,114.06924050632911,150.0,21.59607881568628,61.94148634401749,100412.83249335106,1,7.8067827,19.772713,157.80678272247314,19.772713
22.615949367088607,114.06949367088608,150.0,21.59607881568628,61.94148634401749,100412.83249335106,1,7.971958,18.44794,157.9719581604004,18.44794
22.615949367088607,114.06974683544303,150.0,21.59607881568628,61.94148634401749,100412.83249335106,1,13.271327,23.847204,163.2713270187378,23.847204
22.615949367088607,114.07,150.0,21.59607881568628,61.94148634401749,100412.83249335106,1,13.63585,27.848412,163.63584995269775,27.848412
22.61620253164557,114.05,150.0,21.59607881568628,61.94148634401749,100412.83249335106,1,-0.114378534,0.46606654,149.8856214657426,0.46606654
22.61620253164557,114.05025316455696,150.0,21.59607881568628,61.94148634401749,100412.83249335106,1,-0.25027898,0.6640056,149.74972102046013,0.6640056
22.61620253164557,114.05050632911392,150.0,21.59607881568628,61.94148634401749,100412.83249335106,1,-0.123854324,0.46733642,149.8761456757784,0.46733642
22.61620253164557,114.05075949367088,150.0,21.59607881568628,61.94148634401749,100412.83249335106,1,-0.13768978,0.43860412,149.8623102158308,0.43860412
22.61620253164557,114.05101265822785,150.0,21.59607881568628,61.94148634401749,100412.83249335106,1,-0.13310763,0.44225594,149.8668923676014,0.44225594
22.61620253164557,114.05126582278481,150.0,21.59607881568628,61.94148634401749,100412.83249335106,1,-0.26088396,0.67502576,149.7391160428524,0.67502576
22.61620253164557,114.05151898734177,150.0,21.59607881568628,61.94148634401749,100412.83249335106,1,-0.16579339,0.5027408,149.83420661091805,0.5027408
22.61620253164557,114.05177215189873,150.0,21.59607881568628,61.94148634401749,100412.83249335106,1,-0.12001475,0.5111966,149.87998525053263,0.5111966
22.61620253164557,114.0520253164557,150.0,21.59607881568628,61.94148634401749,100412.83249335106,1,0.07399271,0.5378719,150.07399270683527,0.5378719
22.61620253164557,114.05227848101265,150.0,21.59607881568628,61.94148634401749,100412.83249335106,1,-0.12834331,0.49258393,149.87165668606758,0.49258393
22.61620253164557,114.05253164556962,150.0,21.59607881568628,61.94148634401749,100412.83249335106,1,-0.094780296,0.4608062,149.90521970391273,0.4608062
22.61620253164557,114.05278481012658,150.0,21.59607881568628,61.94148634401749,100412.83249335106,1,-0.1788645,0.55289227,149.8211355060339,0.55289227
22.61620253164557,114.05303797468355,150.0,21.59607881568628,61.94148634401749,100412.83249335106,1,-0.11296434,0.49030158,149.8870356604457,0.49030158
22.61620253164557,114.0532911392405,150.0,21.59607881568628,61.94148634401749,100412.83249335106,1,-0.37692806,0.59769356,149.62307193875313,0.59769356
22.61620253164557,114.05354430379747,150.0,21.59607881568628,61.94148634401749,100412.83249335106,1,-0.22858512,0.4947126,149.7714148759842,0.4947126
22.61620253164557,114.05379746835443,150.0,21.59607881568628,61.94148634401749,100412.83249335106,1,0.02126706,0.45125368,150.02126706019044,0.45125368
22.61620253164557,114.05405063291138,150.0,21.59607881568628,61.94148634401749,100412.83249335106,1,-0.1398197,0.484837,149.8601803034544,0.484837
22.61620253164557,114.05430379746835,150.0,21.59607881568628,61.94148634401749,100412.83249335106,1,-0.12538905,0.621938,149.8746109455824,0.621938
22.61620253164557,114.05455696202532,150.0,21.59607881568628,61.94148634401749,100412.83249335106,1,-0.1293666,0.5388909,149.87063339352608,0.5388909
22.61620253164557,114.05481012658227,150.0,21.59607881568628,61.94148634401749,100412.83249335106,1,-0.06928891,0.72570086,149.93071109056473,0.72570086
22.61620253164557,114.05506329113923,150.0,21.59607881568628,61.94148634401749,100412.83249335106,1,-0.19622332,0.6382923,149.8037766814232,0.6382923
22.61620253164557,114.0553164556962,150.0,21.59607881568628,61.94148634401749,100412.83249335106,1,-0.17557803,0.7768901,149.82442197203636,0.7768901
22.61620253164557,114.05556962025317,150.0,21.59607881568628,61.94148634401749,100412.83249335106,1,-0.10308773,0.49350157,149.89691226929426,0.49350157
22.61620253164557,114.05582278481012,150.0,21.59607881568628,61.94148634401749,100412.83249335106,1,-0.0161825,0.62847805,149.98381749913096,0.62847805
22.61620253164557,114.05607594936708,150.0,21.59607881568628,61.94148634401749,100412.83249335106,1,-0.09841158,0.47060272,149.90158841758966,0.47060272
22.61620253164557,114.05632911392405,150.0,21.59607881568628,61.94148634401749,100412.83249335106,1,-0.16024458,0.47017735,149.83975541591644,0.47017735
22.61620253164557,114.056582278481,150.0,21.59607881568628,61.94148634401749,100412.83249335106,1,-0.4293678,0.6708402,149.57063218951225,0.6708402
22.61620253164557,114.05683544303797,150.0,21.59607881568628,61.94148634401749,100412.83249335106,1,0.0035838217,0.56890553,150.0035838217009,0.56890553
22.61620253164557,114.05708860759493,150.0,21.59607881568628,61.94148634401749,100412.83249335106,1,-0.2200937,0.48927575,149.7799063026905,0.48927575
22.61620253164557,114.0573417721519,150.0,21.59607881568628,61.94148634401749,100412.83249335106,1,-0.10377789,0.69026434,149.8962221071124,0.69026434
22.61620253164557,114.05759493670885,150.0,21.59607881568628,61.94148634401749,100412.83249335106,1,0.019069908,0.5605047,150.0190699081868,0.5605047
22.61620253164557,114.05784810126582,150.0,21.59607881568628,61.94148634401749,100412.83249335106,1,-0.23720023,0.4651793,149.76279976963997,0.4651793
22.61620253164557,114.05810126582278,150.0,21.59607881568628,61.94148634401749,100412.83249335106,1,1.0056881,6.371245,151.00568807125092,6.371245
22.61620253164557,114.05835443037974,150.0,21.59607881568628,61.94148634401749,100412.83249335106,1,-0.23008007,0.5151301,149.76991993188858,0.5151301
22.61620253164557,114.0586075949367,150.0,21.59607881568628,61.94148634401749,100412.83249335106,1,-0.24398023,0.5919213,149.7560197710991,0.5919213
22.61620253164557,114.05886075949367,150.0,21.59607881568628,61.94148634401749,100412.83249335106,1,1.2350602,5.7104855,151.23506021499634,5.7104855
22.61620253164557,114.05911392405064,150.0,21.59607881568628,61.94148634401749,100412.83249335106,1,-0.21793775,0.4744682,149.78206224739552,0.4744682
22.61620253164557,114.05936708860759,150.0,21.59607881568628,61.94148634401749,100412.83249335106,1,-0.15743947,0.75311697,149.84256052970886,0.75311697
22.61620253164557,114.05962025316455,150.0,21.59607881568628,61.94148634401749,100412.83249335106,1,-0.2044204,0.8327912,149.79557959735394,0.8327912
22.61620253164557,114.05987341772152,150.0,21.59607881568628,61.94148634401749,100412.83249335106,1,1.9422742,11.174547,151.94227421283722,11.174547
22.61620253164557,114.06012658227847,150.0,21.59607881568628,61.94148634401749,100412.83249335106,1,-0.031167448,0.44865152,149.968832552433,0.44865152
22.61620253164557,114.06037974683544,150.0,21.59607881568628,61.94148634401749,100412.83249335106,1,-0.165051,0.60418606,149.83494900166988,0.60418606
22.61620253164557,114.0606329113924,150.0,21.59607881568628,61.94148634401749,100412.83249335106,1,-0.15883674,0.63850546,149.84116326272488,0.63850546
22.61620253164557,114.06088607594936,150.0,21.59607881568628,61.94148634401749,100412.83249335106,1,1.0362682,7.414161,151.03626823425293,7.414161
22.61620253164557,114.06113924050632,150.0,21.59607881568628,61.94148634401749,100412.83249335106,1,-0.16601884,0.9512453,149.83398115634918,0.9512453
22.61620253164557,114.06139240506329,150.0,21.59607881568628,61.94148634401749,100412.83249335106,1,-0.28894562,0.8183651,149.7110543847084,0.8183651
22.61620253164557,114.06164556962025,150.0,21.59607881568628,61.94148634401749,100412.83249335106,1,-0.23316808,0.7612244,149.7668319195509,0.7612244
22.61620253164557,114.0618987341772,150.0,21.59607881568628,61.94148634401749,100412.83249335106,1,-0.4108931,0.68499583,149.58910688757896,0.68499583
22.61620253164557,114.06215189873417,150.0,21.59607881568628,61.94148634401749,100412.83249335106,1,-0.04985098,0.5682517,149.95014901831746,0.5682517
22.61620253164557,114.06240506329114,150.0,21.59607881568628,61.94148634401749,100412.83249335106,1,0.17526308,1.3601266,150.17526307702065,1.3601266
22.61620253164557,114.06265822784809,150.0,21.59607881568628,61.94148634401749,100412.83249335106,1,0.09208878,2.9873397,150.0920887812972,2.9873397
22.61620253164557,114.06291139240506,150.0,21.59607881568628,61.94148634401749,100412.83249335106,1,-0.0023946268,1.5507632,149.9976053731516,1.5507632
22.61620253164557,114.06316455696202,150.0,21.59607881568628,61.94148634401749,100412.83249335106,1,0.56069744,3.6920252,150.5606974363327,3.6920252
22.61620253164557,114.06341772151899,150.0,21.59607881568628,61.94148634401749,100412.83249335106,1,0.3150977,3.4723926,150.3150976896286,3.4723926
22.61620253164557,114.06367088607594,150.0,21.59607881568628,61.94148634401749,100412.83249335106,1,-0.11586719,0.94580656,149.884132809937,0.94580656
22.61620253164557,114.0639240506329,150.0,21.59607881568628,61.94148634401749,100412.83249335106,1,0.08827774,1.5189339,150.08827774226665,1.5189339
22.61620253164557,114.06417721518987,150.0,21.59607881568628,61.94148634401749,100412.83249335106,1,-0.1003802,2.0650015,149.8996198028326,2.0650015
22.61620253164557,114.06443037974682,150.0,21.59607881568628,61.94148634401749,100412.83249335106,1,-0.17083086,1.0639564,149.829169139266,1.0639564
22.61620253164557,114.06468354430379,150.0,21.59607881568628,61.94148634401749,100412.83249335106,1,2.4182336,13.146446,152.41823363304138,13.146446
22.61620253164557,114.06493670886076,150.0,21.59607881568628,61.94148634401749,100412.83249335106,1,-0.057587028,1.5675838,149.94241297245026,1.5675838
22.61620253164557,114.06518987341772,150.0,21.59607881568628,61.94148634401749,100412.83249335106,1,2.4538147,14.065776,152.45381474494934,14.065776
22.61620253164557,114.06544303797467,150.0,21.59607881568628,61.94148634401749,100412.83249335106,1,0.91220826,7.627728,150.91220825910568,7.627728
22.61620253164557,114.06569620253164,150.0,21.59607881568628,61.94148634401749,100412.83249335106,1,4.0383854,12.86226,154.03838539123535,12.86226
22.61620253164557,114.0659493670886,150.0,21.59607881568628,61.94148634401749,100412.83249335106,1,0.087231606,1.1484334,150.08723160624504,1.1484334
22.61620253164557,114.06620253164556,150.0,21.59607881568628,61.94148634401749,100412.83249335106,1,0.82406586,3.4120758,150.82406586408615,3.4120758
22.61620253164557,114.06645569620252,150.0,21.59607881568628,61.94148634401749,100412.83249335106,1,4.2264056,15.726089,154.22640562057495,15.726089
22.61620253164557,114.06670886075949,150.0,21.59607881568628,61.94148634401749,100412.83249335106,1,6.879735,17.567602,156.87973499298096,17.567602
22.61620253164557,114.06696202531644,150.0,21.59607881568628,61.94148634401749,100412.83249335106,1,3.4374328,14.198367,153.4374327659607,14.198367
22.61620253164557,114.06721518987341,150.0,21.59607881568628,61.94148634401749,100412.83249335106,1,3.7839415,14.850297,153.78394150733948,14.850297
22.61620253164557,114.06746835443037,150.0,21.59607881568628,61.94148634401749,100412.83249335106,1,5.3969793,13.309603,155.39697933197021,13.309603
22.61620253164557,114.06772151898734,150.0,21.59607881568628,61.94148634401749,100412.83249335106,1,1.8140293,8.965315,151.81402933597565,8.965315
22.61620253164557,114.06797468354429,150.0,21.59607881568628,61.94148634401749,100412.83249335106,1,4.784726,15.740186,154.7847261428833,15.740186
22.61620253164557,114.06822784810126,150.0,21.59607881568628,61.94148634401749,100412.83249335106,1,4.8053865,13.330618,154.80538654327393,13.330618
22.61620253164557,114.06848101265822,150.0,21.59607881568628,61.94148634401749,100412.83249335106,1,5.75905,14.183719,155.75904989242554,14.183719
22.61620253164557,114.06873417721518,150.0,21.59607881568628,61.94148634401749,100412.83249335106,1,8.074722,19.161182,158.07472229003906,19.161182
22.61620253164557,114.06898734177214,150.0,21.59607881568628,61.94148634401749,100412.83249335106,1,14.742398,25.751429,164.74239826202393,25.751429
22.61620253164557,114.06924050632911,150.0,21.59607881568628,61.94148634401749,100412.83249335106,1,8.256993,19.605513,158.2569932937622,19.605513
22.61620253164557,114.06949367088608,150.0,21.59607881568628,61.94148634401749,100412.83249335106,1,8.270833,20.894777,158.2708330154419,20.894777
22.61620253164557,114.06974683544303,150.0,21.59607881568628,61.94148634401749,100412.83249335106,1,10.531049,22.75169,160.53104877471924,22.75169
22.61620253164557,114.07,150.0,21.59607881568628,61.94148634401749,100412.83249335106,1,12.145274,25.807287,162.14527416229248,25.807287
22.616455696202532,114.05,150.0,21.59607881568628,61.94148634401749,100412.83249335106,1,-0.11796844,0.6241378,149.88203155994415,0.6241378
22.616455696202532,114.05025316455696,150.0,21.59607881568628,61.94148634401749,100412.83249335106,1,-0.02162231,0.5771396,149.97837769053876,0.5771396
22.616455696202532,114.05050632911392,150.0,21.59607881568628,61.94148634401749,100412.83249335106,1,-0.2793265,0.5921863,149.72067350149155,0.5921863
22.616455696202532,114.05075949367088,150.0,21.59607881568628,61.94148634401749,100412.83249335106,1,-0.2487976,0.57300574,149.75120240449905,0.57300574
22.616455696202532,114.05101265822785,150.0,21.59607881568628,61.94148634401749,100412.83249335106,1,-0.0731764,0.5513124,149.92682360112667,0.5513124
22.616455696202532,114.05126582278481,150.0,21.59607881568628,61.94148634401749,100412.83249335106,1,-0.051882606,0.51556706,149.9481173940003,0.51556706
22.616455696202532,114.05151898734177,150.0,21.59607881568628,61.94148634401749,100412.83249335106,1,-0.18874255,0.52543205,149.8112574517727,0.52543205
22.616455696202532,114.05177215189873,150.0,21.59607881568628,61.94148634401749,100412.83249335106,1,-0.3587664,0.47087008,149.64123359322548,0.47087008
22.616455696202532,114.0520253164557,150.0,21.59607881568628,61.94148634401749,100412.83249335106,1,-0.006202581,0.35723406,149.99379741912708,0.35723406
22.616455696202532,114.05227848101265,150.0,21.59607881568628,61.94148634401749,100412.83249335106,1,-0.30668032,0.5370758,149.69331967830658,0.5370758
22.616455696202532,114.05253164556962,150.0,21.59607881568628,61.94148634401749,100412.83249335106,1,-0.034722287,0.4333162,149.96527771279216,0.4333162
22.616455696202532,114.05278481012658,150.0,21.59607881568628,61.94148634401749,100412.83249335106,1,-0.26840273,0.5871041,149.73159727454185,0.5871041
22.616455696202532,114.05303797468355,150.0,21.59607881568628,61.94148634401749,100412.83249335106,1,-0.049410984,0.4730738,149.9505890160799,0.4730738
22.616455696202532,114.0532911392405,150.0,21.59607881568628,61.94148634401749,100412.83249335106,1,-0.07533014,0.5393494,149.92466986179352,0.5393494
22.616455696202532,114.05354430379747,150.0,21.59607881568628,61.94148634401749,100412.83249335106,1,-0.09243848,0.62783706,149.9075615182519,0.62783706
22.616455696202532,114.05379746835443,150.0,21.59607881568628,61.94148634401749,100412.83249335106,1,-0.10181295,0.52982974,149.89818704873323,0.52982974
22.616455696202532,114.05405063291138,150.0,21.59607881568628,61.94148634401749,100412.83249335106,1,-0.11408087,0.3265301,149.8859191313386,0.3265301
22.616455696202532,114.05430379746835,150.0,21.59607881568628,61.94148634401749,100412.83249335106,1,-0.05628232,0.401454,149.9437176808715,0.401454
22.616455696202532,114.05455696202532,150.0,21.59607881568628,61.94148634401749,100412.83249335106,1,-0.09961808,0.43253756,149.90038192272186,0.43253756
22.616455696202532,114.05481012658227,150.0,21.59607881568628,61.94148634401749,100412.83249335106,1,-0.17009066,0.41542935,149.82990933954716,0.41542935
22.616455696202532,114.05506329113923,150.0,21.59607881568628,61.94148634401749,100412.83249335106,1,-0.23668717,0.47711766,149.76331283152103,0.47711766
22.616455696202532,114.0553164556962,150.0,21.59607881568628,61.94148634401749,100412.83249335106,1,-0.08492516,0.58112025,149.91507484018803,0.58112025
22.616455696202532,114.05556962025317,150.0,21.59607881568628,61.94148634401749,100412.83249335106,1,-0.20202276,0.57558566,149.7979772388935,0.57558566
22.616455696202532,114.05582278481012,150.0,21.59607881568628,61.94148634401749,100412.83249335106,1,-0.28440866,0.41442415,149.7155913412571,0.41442415
22.616455696202532,114.05607594936708,150.0,21.59607881568628,61.94148634401749,100412.83249335106,1,-0.031714134,0.49410224,149.96828586608171,0.49410224
22.616455696202532,114.05632911392405,150.0,21.59607881568628,61.94148634401749,100412.83249335106,1,-0.10377177,0.3981267,149.89622823148966,0.3981267
22.616455696202532,114.056582278481,150.0,21.59607881568628,61.94148634401749,100412.83249335106,1,-0.13995588,0.5180517,149.86004412174225,0.5180517
22.616455696202532,114.05683544303797,150.0,21.59607881568628,61.94148634401749,100412.83249335106,1,-0.029813617,0.6370665,149.97018638253212,0.6370665
22.616455696202532,114.05708860759493,150.0,21.59607881568628,61.94148634401749,100412.83249335106,1,0.13053268,1.8344897,150.130532681942,1.8344897
22.616455696202532,114.0573417721519,150.0,21.59607881568628,61.94148634401749,100412.83249335106,1,-0.065082245,0.5075783,149.93491775542498,0.5075783
22.616455696202532,114.05759493670885,150.0,21.59607881568628,61.94148634401749,100412.83249335106,1,-0.04868548,0.4996488,149.95131452009082,0.4996488
22.616455696202532,114.05784810126582,150.0,21.59607881568628,61.94148634401749,100412.83249335106,1,0.0024156265,0.777885,150.00241562654264,0.777885
22.616455696202532,114.05810126582278,150.0,21.59607881568628,61.94148634401749,100412.83249335106,1,-0.088946156,0.47229174,149.91105384379625,0.47229174
22.616455696202532,114.05835443037974,150.0,21.59607881568628,61.94148634401749,100412.83249335106,1,-0.14290795,0.56444067,149.85709205269814,0.56444067
22.616455696202532,114.0586075949367,150.0,21.59607881568628,61.94148634401749,100412.83249335106,1,-0.12955308,0.51373297,149.8704469203949,0.51373297
22.616455696202532,114.05886075949367,150.0,21.59607881568628,61.94148634401749,100412.83249335106,1,-0.08992092,0.47451508,149.91007907688618,0.47451508
22.616455696202532,114.05911392405064,150.0,21.59607881568628,61.94148634401749,100412.83249335106,1,-0.14580998,0.48486158,149.8541900217533,0.48486158
22.616455696202532,114.05936708860759,150.0,21.59607881568628,61.94148634401749,100412.83249335106,1,-0.06941306,0.63685673,149.93058694154024,0.63685673
22.616455696202532,114.05962025316455,150.0,21.59607881568628,61.94148634401749,100412.83249335106,1,0.1886348,1.3864583,150.18863479793072,1.3864583
22.616455696202532,114.05987341772152,150.0,21.59607881568628,61.94148634401749,100412.83249335106,1,-0.037740625,0.75999135,149.96225937455893,0.75999135
22.616455696202532,114.06012658227847,150.0,21.59607881568628,61.94148634401749,100412.83249335106,1,-0.35884273,0.6483919,149.64115726947784,0.6483919
22.616455696202532,114.06037974683544,150.0,21.59607881568628,61.94148634401749,100412.83249335106,1,-0.1824883,0.7312911,149.81751169264317,0.7312911
22.616455696202532,114.0606329113924,150.0,21.59607881568628,61.94148634401749,100412.83249335106,1,-0.2772834,0.53251934,149.72271659970284,0.53251934
22.616455696202532,114.06088607594936,150.0,21.59607881568628,61.94148634401749,100412.83249335106,1,0.11147739,1.12399,150.11147738993168,1.12399
22.616455696202532,114.06113924050632,150.0,21.59607881568628,61.94148634401749,100412.83249335106,1,-0.35842937,0.95055056,149.64157062768936,0.95055056
22.616455696202532,114.06139240506329,150.0,21.59607881568628,61.94148634401749,100412.83249335106,1,-0.35251144,0.65025115,149.64748856425285,0.65025115
22.616455696202532,114.06164556962025,150.0,21.59607881568628,61.94148634401749,100412.83249335106,1,0.29567084,1.7579343,150.29567083716393,1.7579343
22.616455696202532,114.0618987341772,150.0,21.59607881568628,61.94148634401749,100412.83249335106,1,-0.2567321,0.8917641,149.7432678937912,0.8917641
22.616455696202532,114.06215189873417,150.0,21.59607881568628,61.94148634401749,100412.83249335106,1,1.8865836,7.746803,151.88658356666565,7.746803
22.616455696202532,114.06240506329114,150.0,21.59607881568628,61.94148634401749,100412.83249335106,1,-0.14613228,0.8173279,149.85386772453785,0.8173279
22.616455696202532,114.06265822784809,150.0,21.59607881568628,61.94148634401749,100412.83249335106,1,1.1266389,5.5167923,151.12663888931274,5.5167923
22.616455696202532,114.06291139240506,150.0,21.59607881568628,61.94148634401749,100412.83249335106,1,-0.14435247,1.1935922,149.855647534132,1.1935922
22.616455696202532,114.06316455696202,150.0,21.59607881568628,61.94148634401749,100412.83249335106,1,-0.095277645,2.2151227,149.90472235530615,2.2151227
22.616455696202532,114.06341772151899,150.0,21.59607881568628,61.94148634401749,100412.83249335106,1,0.23867689,2.6279054,150.23867689073086,2.6279054
22.616455696202532,114.06367088607594,150.0,21.59607881568628,61.94148634401749,100412.83249335106,1,-0.3464874,0.79153883,149.65351259708405,0.79153883
22.616455696202532,114.0639240506329,150.0,21.59607881568628,61.94148634401749,100412.83249335106,1,1.3119467,5.733936,151.3119467496872,5.733936
22.616455696202532,114.06417721518987,150.0,21.59607881568628,61.94148634401749,100412.83249335106,1,-0.29539448,0.7814798,149.70460551977158,0.7814798
22.616455696202532,114.06443037974682,150.0,21.59607881568628,61.94148634401749,100412.83249335106,1,-0.11547816,0.603141,149.88452184200287,0.603141
22.616455696202532,114.06468354430379,150.0,21.59607881568628,61.94148634401749,100412.83249335106,1,2.0180967,12.507579,152.01809668540955,12.507579
22.616455696202532,114.06493670886076,150.0,21.59607881568628,61.94148634401749,100412.83249335106,1,0.9681901,6.4709535,150.96819007396698,6.4709535
22.616455696202532,114.06518987341772,150.0,21.59607881568628,61.94148634401749,100412.83249335106,1,0.5630989,2.5280771,150.5630989074707,2.5280771
22.616455696202532,114.06544303797467,150.0,21.59607881568628,61.94148634401749,100412.83249335106,1,0.16594079,1.3356998,150.16594079136848,1.3356998
22.616455696202532,114.06569620253164,150.0,21.59607881568628,61.94148634401749,100412.83249335106,1,0.25944,1.3742232,150.2594400048256,1.3742232
22.616455696202532,114.0659493670886,150.0,21.59607881568628,61.94148634401749,100412.83249335106,1,0.88079476,4.117899,150.88079476356506,4.117899
22.616455696202532,114.06620253164556,150.0,21.59607881568628,61.94148634401749,100412.83249335106,1,0.86289734,5.8802304,150.862897336483,5.8802304
22.616455696202532,114.06645569620252,150.0,21.59607881568628,61.94148634401749,100412.83249335106,1,2.3498359,12.4210615,152.34983587265015,12.4210615
22.616455696202532,114.06670886075949,150.0,21.59607881568628,61.94148634401749,100412.83249335106,1,8.289881,17.804699,158.28988075256348,17.804699
22.616455696202532,114.06696202531644,150.0,21.59607881568628,61.94148634401749,100412.83249335106,1,0.85181487,5.3909607,150.85181486606598,5.3909607
22.616455696202532,114.06721518987341,150.0,21.59607881568628,61.94148634401749,100412.83249335106,1,3.0596476,10.29427,153.05964756011963,10.29427
22.616455696202532,114.06746835443037,150.0,21.59607881568628,61.94148634401749,100412.83249335106,1,2.7706325,8.346596,152.77063250541687,8.346596
22.616455696202532,114.06772151898734,150.0,21.59607881568628,61.94148634401749,100412.83249335106,1,5.417173,15.731879,155.41717290878296,15.731879
22.616455696202532,114.06797468354429,150.0,21.59607881568628,61.94148634401749,100412.83249335106,1,3.6019354,14.470809,153.60193538665771,14.470809
22.616455696202532,114.06822784810126,150.0,21.59607881568628,61.94148634401749,100412.83249335106,1,3.0838916,7.12056,153.08389163017273,7.12056
22.616455696202532,114.06848101265822,150.0,21.59607881568628,61.94148634401749,100412.83249335106,1,6.136459,20.150896,156.13645887374878,20.150896
22.616455696202532,114.06873417721518,150.0,21.59607881568628,61.94148634401749,100412.83249335106,1,6.272205,17.060398,156.27220487594604,17.060398
22.616455696202532,114.06898734177214,150.0,21.59607881568628,61.94148634401749,100412.83249335106,1,0.7907366,1.741082,150.7907366156578,1.741082
22.616455696202532,114.06924050632911,150.0,21.59607881568628,61.94148634401749,100412.83249335106,1,6.615475,20.515102,156.6154751777649,20.515102
22.616455696202532,114.06949367088608,150.0,21.59607881568628,61.94148634401749,100412.83249335106,1,7.4661555,21.17293,157.46615552902222,21.17293
22.616455696202532,114.06974683544303,150.0,21.59607881568628,61.94148634401749,100412.83249335106,1,5.3139763,10.875634,155.3139762878418,10.875634
22.616455696202532,114.07,150.0,21.59607881568628,61.94148634401749,100412.83249335106,1,5.3335576,12.837282,155.3335576057434,12.837282
22.616708860759495,114.05,150.0,21.59607881568628,61.94148634401749,100412.83249335106,1,0.015362214,0.4476135,150.01536221429706,0.4476135
22.616708860759495,114.05025316455696,150.0,21.59607881568628,61.94148634401749,100412.83249335106,1,-0.31044465,0.43796527,149.6895553469658,0.43796527
22.616708860759495,114.05050632911392,150.0,21.59607881568628,61.94148634401749,100412.83249335106,1,0.043250144,0.55837035,150.04325014352798,0.55837035
22.616708860759495,114.05075949367088,150.0,21.59607881568628,61.94148634401749,100412.83249335106,1,-0.01164615,0.5079048,149.98835385031998,0.5079048
22.616708860759495,114.05101265822785,150.0,21.59607881568628,61.94148634401749,100412.83249335106,1,-0.034412947,0.60572124,149.96558705344796,0.60572124
22.616708860759495,114.05126582278481,150.0,21.59607881568628,61.94148634401749,100412.83249335106,1,0.4048615,3.0048206,150.40486150979996,3.0048206
22.616708860759495,114.05151898734177,150.0,21.59607881568628,61.94148634401749,100412.83249335106,1,-0.20462826,0.6633306,149.79537174105644,0.6633306
22.616708860759495,114.05177215189873,150.0,21.59607881568628,61.94148634401749,100412.83249335106,1,-0.23024572,0.47040495,149.7697542756796,0.47040495
22.616708860759495,114.0520253164557,150.0,21.59607881568628,61.94148634401749,100412.83249335106,1,-0.016706252,0.54136634,149.9832937475294,0.54136634
22.616708860759495,114.05227848101265,150.0,21.59607881568628,61.94148634401749,100412.83249335106,1,0.037523996,0.3992638,150.03752399608493,0.3992638
22.616708860759495,114.05253164556962,150.0,21.59607881568628,61.94148634401749,100412.83249335106,1,-0.1941704,0.41126442,149.8058295994997,0.41126442
22.616708860759495,114.05278481012658,150.0,21.59607881568628,61.94148634401749,100412.83249335106,1,-0.1873271,0.5853856,149.81267289817333,0.5853856
22.616708860759495,114.05303797468355,150.0,21.59607881568628,61.94148634401749,100412.83249335106,1,-0.21925794,0.49103186,149.78074206411839,0.49103186
22.616708860759495,114.0532911392405,150.0,21.59607881568628,61.94148634401749,100412.83249335106,1,0.2025505,0.63312995,150.20255050063133,0.63312995
22.616708860759495,114.05354430379747,150.0,21.59607881568628,61.94148634401749,100412.83249335106,1,-0.099433124,0.5376659,149.9005668759346,0.5376659
22.616708860759495,114.05379746835443,150.0,21.59607881568628,61.94148634401749,100412.83249335106,1,-0.06402221,0.51109767,149.9359777867794,0.51109767
22.616708860759495,114.05405063291138,150.0,21.59607881568628,61.94148634401749,100412.83249335106,1,-0.12063165,0.45004272,149.87936834990978,0.45004272
22.616708860759495,114.05430379746835,150.0,21.59607881568628,61.94148634401749,100412.83249335106,1,-0.20681036,0.66575074,149.79318964481354,0.66575074
22.616708860759495,114.05455696202532,150.0,21.59607881568628,61.94148634401749,100412.83249335106,1,-0.21858808,0.6053836,149.78141191601753,0.6053836
22.616708860759495,114.05481012658227,150.0,21.59607881568628,61.94148634401749,100412.83249335106,1,-0.093568265,0.53290266,149.90643173456192,0.53290266
22.616708860759495,114.05506329113923,150.0,21.59607881568628,61.94148634401749,100412.83249335106,1,0.16419926,1.7308016,150.16419926285744,1.7308016
22.616708860759495,114.0553164556962,150.0,21.59607881568628,61.94148634401749,100412.83249335106,1,-0.44299135,0.64628875,149.55700865387917,0.64628875
22.616708860759495,114.05556962025317,150.0,21.59607881568628,61.94148634401749,100412.83249335106,1,-0.022491982,0.5743309,149.9775080177933,0.5743309
22.616708860759495,114.05582278481012,150.0,21.59607881568628,61.94148634401749,100412.83249335106,1,-0.13563742,0.5222789,149.86436258256435,0.5222789
22.616708860759495,114.05607594936708,150.0,21.59607881568628,61.94148634401749,100412.83249335106,1,-0.045462873,0.57717776,149.954537127167,0.57717776
22.616708860759495,114.05632911392405,150.0,21.59607881568628,61.94148634401749,100412.83249335106,1,-0.118801124,0.5057992,149.88119887560606,0.5057992
22.616708860759495,114.056582278481,150.0,21.59607881568628,61.94148634401749,100412.83249335106,1,-0.2096309,0.4688037,149.79036909341812,0.4688037
22.616708860759495,114.05683544303797,150.0,21.59607881568628,61.94148634401749,100412.83249335106,1,-0.024689794,0.45223746,149.97531020641327,0.45223746
22.616708860759495,114.05708860759493,150.0,21.59607881568628,61.94148634401749,100412.83249335106,1,-0.21566804,0.5377678,149.78433196246624,0.5377678
22.616708860759495,114.0573417721519,150.0,21.59607881568628,61.94148634401749,100412.83249335106,1,0.03968016,0.5837786,150.03968016058207,0.5837786
22.616708860759495,114.05759493670885,150.0,21.59607881568628,61.94148634401749,100412.83249335106,1,-0.16429101,0.7270339,149.8357089906931,0.7270339
22.616708860759495,114.05784810126582,150.0,21.59607881568628,61.94148634401749,100412.83249335106,1,-0.00024904808,0.5368587,149.9997509519162,0.5368587
22.616708860759495,114.05810126582278,150.0,21.59607881568628,61.94148634401749,100412.83249335106,1,0.8426001,4.990459,150.842600107193,4.990459
22.616708860759495,114.05835443037974,150.0,21.59607881568628,61.94148634401749,100412.83249335106,1,-0.07640101,0.5194464,149.92359898984432,0.5194464
22.616708860759495,114.0586075949367,150.0,21.59607881568628,61.94148634401749,100412.83249335106,1,0.6757112,4.7804933,150.6757112145424,4.7804933
22.616708860759495,114.05886075949367,150.0,21.59607881568628,61.94148634401749,100412.83249335106,1,-0.18944502,0.59850514,149.8105549812317,0.59850514
22.616708860759495,114.05911392405064,150.0,21.59607881568628,61.94148634401749,100412.83249335106,1,-0.134636,0.7817526,149.86536400020123,0.7817526
22.616708860759495,114.05936708860759,150.0,21.59607881568628,61.94148634401749,100412.83249335106,1,1.5374436,9.824644,151.5374436378479,9.824644
22.616708860759495,114.05962025316455,150.0,21.59607881568628,61.94148634401749,100412.83249335106,1,-0.36285928,0.5490845,149.6371407210827,0.5490845
22.616708860759495,114.05987341772152,150.0,21.59607881568628,61.94148634401749,100412.83249335106,1,-0.0099170115,0.49245697,149.9900829885155,0.49245697
22.616708860759495,114.06012658227847,150.0,21.59607881568628,61.94148634401749,100412.83249335106,1,-0.16296981,0.5290612,149.83703018724918,0.5290612
22.616708860759495,114.06037974683544,150.0,21.59607881568628,61.94148634401749,100412.83249335106,1,-0.16707775,0.86365306,149.83292225003242,0.86365306
22.616708860759495,114.0606329113924,150.0,21.59607881568628,61.94148634401749,100412.83249335106,1,-0.35790947,0.95121866,149.64209052920341,0.95121866
22.616708860759495,114.06088607594936,150.0,21.59607881568628,61.94148634401749,100412.83249335106,1,1.274252,9.89222,151.2742520570755,9.89222
22.616708860759495,114.06113924050632,150.0,21.59607881568628,61.94148634401749,100412.83249335106,1,-0.0332166,0.6260229,149.966783400625,0.6260229
22.616708860759495,114.06139240506329,150.0,21.59607881568628,61.94148634401749,100412.83249335106,1,0.33252233,2.7631068,150.3325223326683,2.7631068
22.616708860759495,114.06164556962025,150.0,21.59607881568628,61.94148634401749,100412.83249335106,1,-0.1280523,0.6773712,149.8719477057457,0.6773712
22.616708860759495,114.0618987341772,150.0,21.59607881568628,61.94148634401749,100412.83249335106,1,-0.00890503,1.415134,149.99109497014433,1.415134
22.616708860759495,114.06215189873417,150.0,21.59607881568628,61.94148634401749,100412.83249335106,1,-0.47221765,0.65591025,149.52778235077858,0.65591025
22.616708860759495,114.06240506329114,150.0,21.59607881568628,61.94148634401749,100412.83249335106,1,-0.16017221,0.5643467,149.83982779085636,0.5643467
22.616708860759495,114.06265822784809,150.0,21.59607881568628,61.94148634401749,100412.83249335106,1,-0.30003697,0.8593243,149.6999630331993,0.8593243
22.616708860759495,114.06291139240506,150.0,21.59607881568628,61.94148634401749,100412.83249335106,1,1.2388685,7.8651595,151.23886847496033,7.8651595
22.616708860759495,114.06316455696202,150.0,21.59607881568628,61.94148634401749,100412.83249335106,1,0.83268255,4.1758432,150.83268254995346,4.1758432
22.616708860759495,114.06341772151899,150.0,21.59607881568628,61.94148634401749,100412.83249335106,1,-0.33453283,1.0515032,149.6654671728611,1.0515032
22.616708860759495,114.06367088607594,150.0,21.59607881568628,61.94148634401749,100412.83249335106,1,-0.36230564,0.9511843,149.63769435882568,0.9511843
22.616708860759495,114.0639240506329,150.0,21.59607881568628,61.94148634401749,100412.83249335106,1,0.15601486,2.0146062,150.15601485967636,2.0146062
22.616708860759495,114.06417721518987,150.0,21.59607881568628,61.94148634401749,100412.83249335106,1,-0.1081372,0.8215527,149.89186280220747,0.8215527
22.616708860759495,114.06443037974682,150.0,21.59607881568628,61.94148634401749,100412.83249335106,1,0.9283377,4.900145,150.92833769321442,4.900145
22.616708860759495,114.06468354430379,150.0,21.59607881568628,61.94148634401749,100412.83249335106,1,0.88324606,4.438037,150.8832460641861,4.438037
22.616708860759495,114.06493670886076,150.0,21.59607881568628,61.94148634401749,100412.83249335106,1,0.6468109,5.1561284,150.64681088924408,5.1561284
22.616708860759495,114.06518987341772,150.0,21.59607881568628,61.94148634401749,100412.83249335106,1,-0.12864107,1.1134017,149.8713589310646,1.1134017
22.616708860759495,114.06544303797467,150.0,21.59607881568628,61.94148634401749,100412.83249335106,1,1.1194797,4.755079,151.11947965621948,4.755079
22.616708860759495,114.06569620253164,150.0,21.59607881568628,61.94148634401749,100412.83249335106,1,3.3534496,14.373311,153.3534495830536,14.373311
22.616708860759495,114.0659493670886,150.0,21.59607881568628,61.94148634401749,100412.83249335106,1,3.8276145,12.173595,153.82761454582214,12.173595
22.616708860759495,114.06620253164556,150.0,21.59607881568628,61.94148634401749,100412.83249335106,1,1.1527895,5.5758033,151.15278947353363,5.5758033
22.616708860759495,114.06645569620252,150.0,21.59607881568628,61.94148634401749,100412.83249335106,1,1.7900114,9.647058,151.79001140594482,9.647058
22.616708860759495,114.06670886075949,150.0,21.59607881568628,61.94148634401749,100412.83249335106,1,0.77361095,4.827209,150.7736109495163,4.827209
22.616708860759495,114.06696202531644,150.0,21.59607881568628,61.94148634401749,100412.83249335106,1,0.83069277,3.235012,150.83069276809692,3.235012
22.616708860759495,114.06721518987341,150.0,21.59607881568628,61.94148634401749,100412.83249335106,1,2.2851825,10.762235,152.2851824760437,10.762235
22.616708860759495,114.06746835443037,150.0,21.59607881568628,61.94148634401749,100412.83249335106,1,3.717218,12.470708,153.7172179222107,12.470708
22.616708860759495,114.06772151898734,150.0,21.59607881568628,61.94148634401749,100412.83249335106,1,5.1775074,16.304382,155.1775074005127,16.304382
22.616708860759495,114.06797468354429,150.0,21.59607881568628,61.94148634401749,100412.83249335106,1,1.756657,4.4817758,151.75665700435638,4.4817758
22.616708860759495,114.06822784810126,150.0,21.59607881568628,61.94148634401749,100412.83249335106,1,2.3963094,6.3321896,152.39630937576294,6.3321896
22.616708860759495,114.06848101265822,150.0,21.59607881568628,61.94148634401749,100412.83249335106,1,5.0078382,16.467556,155.00783824920654,16.467556
22.616708860759495,114.06873417721518,150.0,21.59607881568628,61.94148634401749,100412.83249335106,1,2.8552392,10.135496,152.85523915290833,10.135496
22.616708860759495,114.06898734177214,150.0,21.59607881568628,61.94148634401749,100412.83249335106,1,8.169853,18.603191,158.16985321044922,18.603191
22.616708860759495,114.06924050632911,150.0,21.59607881568628,61.94148634401749,100412.83249335106,1,12.379877,26.798574,162.3798770904541,26.798574
22.616708860759495,114.06949367088608,150.0,21.59607881568628,61.94148634401749,100412.83249335106,1,6.713101,19.60467,156.71310091018677,19.60467
22.616708860759495,114.06974683544303,150.0,21.59607881568628,61.94148634401749,100412.83249335106,1,4.2859755,13.152951,154.2859754562378,13.152951
22.616708860759495,114.07,150.0,21.59607881568628,61.94148634401749,100412.83249335106,1,19.351774,30.17317,169.35177421569824,30.17317
22.616962025316457,114.05,150.0,21.59607881568628,61.94148634401749,100412.83249335106,1,-0.006471606,0.41951573,149.99352839402854,0.41951573
22.616962025316457,114.05025316455696,150.0,21.59607881568628,61.94148634401749,100412.83249335106,1,-0.075760365,0.41273117,149.92423963546753,0.41273117
22.616962025316457,114.05050632911392,150.0,21.59607881568628,61.94148634401749,100412.83249335106,1,-0.10443735,0.48725933,149.8955626487732,0.48725933
22.616962025316457,114.05075949367088,150.0,21.59607881568628,61.94148634401749,100412.83249335106,1,-0.23619452,0.5223919,149.76380547881126,0.5223919
22.616962025316457,114.05101265822785,150.0,21.59607881568628,61.94148634401749,100412.83249335106,1,0.038312603,0.47781754,150.0383126027882,0.47781754
22.616962025316457,114.05126582278481,150.0,21.59607881568628,61.94148634401749,100412.83249335106,1,-0.18040462,0.57121384,149.81959538161755,0.57121384
22.616962025316457,114.05151898734177,150.0,21.59607881568628,61.94148634401749,100412.83249335106,1,-0.24107675,0.5923536,149.75892324745655,0.5923536
22.616962025316457,114.05177215189873,150.0,21.59607881568628,61.94148634401749,100412.83249335106,1,-0.15011518,0.376312,149.84988482296467,0.376312
22.616962025316457,114.0520253164557,150.0,21.59607881568628,61.94148634401749,100412.83249335106,1,-0.09658325,0.3886617,149.90341675281525,0.3886617
22.616962025316457,114.05227848101265,150.0,21.59607881568628,61.94148634401749,100412.83249335106,1,-0.1883042,0.5183441,149.81169579923153,0.5183441
22.616962025316457,114.05253164556962,150.0,21.59607881568628,61.94148634401749,100412.83249335106,1,-0.11938078,0.5223196,149.88061922043562,0.5223196
22.616962025316457,114.05278481012658,150.0,21.59607881568628,61.94148634401749,100412.83249335106,1,-0.074308574,0.57206506,149.92569142580032,0.57206506
22.616962025316457,114.05303797468355,150.0,21.59607881568628,61.94148634401749,100412.83249335106,1,-0.05590807,0.47193828,149.94409193098545,0.47193828
22.616962025316457,114.0532911392405,150.0,21.59607881568628,61.94148634401749,100412.83249335106,1,-7.6545046e-05,0.5154235,149.99992345495411,0.5154235
22.616962025316457,114.05354430379747,150.0,21.59607881568628,61.94148634401749,100412.83249335106,1,0.011946081,0.57692945,150.01194608118385,0.57692945
22.616962025316457,114.05379746835443,150.0,21.59607881568628,61.94148634401749,100412.83249335106,1,0.019405656,0.66394997,150.01940565556288,0.66394997
22.616962025316457,114.05405063291138,150.0,21.59607881568628,61.94148634401749,100412.83249335106,1,-0.20769446,0.43939468,149.79230554401875,0.43939468
22.616962025316457,114.05430379746835,150.0,21.59607881568628,61.94148634401749,100412.83249335106,1,0.052923657,0.47008944,150.05292365700006,0.47008944
22.616962025316457,114.05455696202532,150.0,21.59607881568628,61.94148634401749,100412.83249335106,1,-0.11552016,0.51380444,149.88447984308004,0.51380444
22.616962025316457,114.05481012658227,150.0,21.59607881568628,61.94148634401749,100412.83249335106,1,-0.048287693,0.7091773,149.9517123065889,0.7091773
22.616962025316457,114.05506329113923,150.0,21.59607881568628,61.94148634401749,100412.83249335106,1,-0.09510247,0.53719205,149.90489753335714,0.53719205
22.616962025316457,114.0553164556962,150.0,21.59607881568628,61.94148634401749,100412.83249335106,1,-0.22286977,0.44148538,149.77713023126125,0.44148538
22.616962025316457,114.05556962025317,150.0,21.59607881568628,61.94148634401749,100412.83249335106,1,-0.11350084,0.42330942,149.88649915903807,0.42330942
22.616962025316457,114.05582278481012,150.0,21.59607881568628,61.94148634401749,100412.83249335106,1,0.0043179267,0.5270113,150.0043179267086,0.5270113
22.616962025316457,114.05607594936708,150.0,21.59607881568628,61.94148634401749,100412.83249335106,1,-0.16125163,0.7375675,149.83874836564064,0.7375675
22.616962025316457,114.05632911392405,150.0,21.59607881568628,61.94148634401749,100412.83249335106,1,-0.11639592,0.63439554,149.88360407948494,0.63439554
22.616962025316457,114.056582278481,150.0,21.59607881568628,61.94148634401749,100412.83249335106,1,0.03616365,1.0122905,150.0361636504531,1.0122905
22.616962025316457,114.05683544303797,150.0,21.59607881568628,61.94148634401749,100412.83249335106,1,-0.18119739,0.60642415,149.8188026100397,0.60642415
22.616962025316457,114.05708860759493,150.0,21.59607881568628,61.94148634401749,100412.83249335106,1,-0.21379258,0.70127213,149.7862074226141,0.70127213
22.616962025316457,114.0573417721519,150.0,21.59607881568628,61.94148634401749,100412.83249335106,1,-0.25194535,0.6338547,149.74805465340614,0.6338547
22.616962025316457,114.05759493670885,150.0,21.59607881568628,61.94148634401749,100412.83249335106,1,-0.20847481,0.48047116,149.79152518510818,0.48047116
22.616962025316457,114.05784810126582,150.0,21.59607881568628,61.94148634401749,100412.83249335106,1,0.046129744,0.5544645,150.04612974449992,0.5544645
22.616962025316457,114.05810126582278,150.0,21.59607881568628,61.94148634401749,100412.83249335106,1,-0.2896741,0.5689626,149.71032589673996,0.5689626
22.616962025316457,114.05835443037974,150.0,21.59607881568628,61.94148634401749,100412.83249335106,1,0.45305917,2.5474727,150.45305916666985,2.5474727
22.616962025316457,114.0586075949367,150.0,21.59607881568628,61.94148634401749,100412.83249335106,1,-0.2613179,0.5248873,149.73868209123611,0.5248873
22.616962025316457,114.05886075949367,150.0,21.59607881568628,61.94148634401749,100412.83249335106,1,-0.2389082,0.65209603,149.76109179854393,0.65209603
22.616962025316457,114.05911392405064,150.0,21.59607881568628,61.94148634401749,100412.83249335106,1,-0.26116723,0.7894799,149.7388327717781,0.7894799
22.616962025316457,114.05936708860759,150.0,21.59607881568628,61.94148634401749,100412.83249335106,1,-0.10782688,0.56912225,149.89217311888933,0.56912225
22.616962025316457,114.05962025316455,150.0,21.59607881568628,61.94148634401749,100412.83249335106,1,-0.03975778,0.45493338,149.96024221926928,0.45493338
22.616962025316457,114.05987341772152,150.0,21.59607881568628,61.94148634401749,100412.83249335106,1,-0.042940214,0.57033885,149.9570597857237,0.57033885
22.616962025316457,114.06012658227847,150.0,21.59607881568628,61.94148634401749,100412.83249335106,1,-0.011154667,0.9529584,149.988845333457,0.9529584
22.616962025316457,114.06037974683544,150.0,21.59607881568628,61.94148634401749,100412.83249335106,1,-0.1893744,0.5940616,149.8106255978346,0.5940616
22.616962025316457,114.0606329113924,150.0,21.59607881568628,61.94148634401749,100412.83249335106,1,-0.22551821,0.7528877,149.77448178827763,0.7528877
22.616962025316457,114.06088607594936,150.0,21.59607881568628,61.94148634401749,100412.83249335106,1,-0.06657168,1.2777281,149.93342831730843,1.2777281
22.616962025316457,114.06113924050632,150.0,21.59607881568628,61.94148634401749,100412.83249335106,1,-0.1092596,1.2356414,149.89074040204287,1.2356414
22.616962025316457,114.06139240506329,150.0,21.59607881568628,61.94148634401749,100412.83249335106,1,0.43388736,3.5579305,150.43388736248016,3.5579305
22.616962025316457,114.06164556962025,150.0,21.59607881568628,61.94148634401749,100412.83249335106,1,-0.5915755,0.74024785,149.4084244966507,0.74024785
22.616962025316457,114.0618987341772,150.0,21.59607881568628,61.94148634401749,100412.83249335106,1,0.14994873,0.65698266,150.1499487310648,0.65698266
22.616962025316457,114.06215189873417,150.0,21.59607881568628,61.94148634401749,100412.83249335106,1,-0.14012942,0.81973207,149.85987058281898,0.81973207
22.616962025316457,114.06240506329114,150.0,21.59607881568628,61.94148634401749,100412.83249335106,1,0.08109158,1.2611729,150.08109158277512,1.2611729
22.616962025316457,114.06265822784809,150.0,21.59607881568628,61.94148634401749,100412.83249335106,1,-0.3232275,0.8786789,149.67677250504494,0.8786789
22.616962025316457,114.06291139240506,150.0,21.59607881568628,61.94148634401749,100412.83249335106,1,0.06279296,1.2556475,150.06279295682907,1.2556475
22.616962025316457,114.06316455696202,150.0,21.59607881568628,61.94148634401749,100412.83249335106,1,1.3038435,7.741918,151.30384349822998,7.741918
22.616962025316457,114.06341772151899,150.0,21.59607881568628,61.94148634401749,100412.83249335106,1,0.17613639,1.4773988,150.17613638937473,1.4773988
22.616962025316457,114.06367088607594,150.0,21.59607881568628,61.94148634401749,100412.83249335106,1,0.91009766,5.1312737,150.9100976586342,5.1312737
22.616962025316457,114.0639240506329,150.0,21.59607881568628,61.94148634401749,100412.83249335106,1,0.1425687,1.3274509,150.14256869256496,1.3274509
22.616962025316457,114.06417721518987,150.0,21.59607881568628,61.94148634401749,100412.83249335106,1,0.88400185,5.0749817,150.88400185108185,5.0749817
22.616962025316457,114.06443037974682,150.0,21.59607881568628,61.94148634401749,100412.83249335106,1,-0.26362276,1.1238406,149.7363772392273,1.1238406
22.616962025316457,114.06468354430379,150.0,21.59607881568628,61.94148634401749,100412.83249335106,1,3.392613,15.468411,153.39261293411255,15.468411
22.616962025316457,114.06493670886076,150.0,21.59607881568628,61.94148634401749,100412.83249335106,1,0.4302144,2.8993802,150.43021440505981,2.8993802
22.616962025316457,114.06518987341772,150.0,21.59607881568628,61.94148634401749,100412.83249335106,1,3.9960163,15.981099,153.9960162639618,15.981099
22.616962025316457,114.06544303797467,150.0,21.59607881568628,61.94148634401749,100412.83249335106,1,0.4896996,2.162502,150.48969960212708,2.162502
22.616962025316457,114.06569620253164,150.0,21.59607881568628,61.94148634401749,100412.83249335106,1,1.8256642,7.6168385,151.8256641626358,7.6168385
22.616962025316457,114.0659493670886,150.0,21.59607881568628,61.94148634401749,100412.83249335106,1,-0.2107094,0.9099944,149.78929060697556,0.9099944
22.616962025316457,114.06620253164556,150.0,21.59607881568628,61.94148634401749,100412.83249335106,1,0.94495845,3.3911717,150.94495844841003,3.3911717
22.616962025316457,114.06645569620252,150.0,21.59607881568628,61.94148634401749,100412.83249335106,1,1.6989578,7.6541476,151.69895780086517,7.6541476
22.616962025316457,114.06670886075949,150.0,21.59607881568628,61.94148634401749,100412.83249335106,1,4.634589,11.907091,154.63458919525146,11.907091
22.616962025316457,114.06696202531644,150.0,21.59607881568628,61.94148634401749,100412.83249335106,1,0.74653655,3.2812564,150.74653655290604,3.2812564
22.616962025316457,114.06721518987341,150.0,21.59607881568628,61.94148634401749,100412.83249335106,1,3.0050604,9.558713,153.00506043434143,9.558713
22.616962025316457,114.06746835443037,150.0,21.59607881568628,61.94148634401749,100412.83249335106,1,7.354776,19.622301,157.35477590560913,19.622301
22.616962025316457,114.06772151898734,150.0,21.59607881568628,61.94148634401749,100412.83249335106,1,4.9414406,13.952304,154.9414405822754,13.952304
22.616962025316457,114.06797468354429,150.0,21.59607881568628,61.94148634401749,100412.83249335106,1,7.8427787,18.499079,157.84277868270874,18.499079
22.616962025316457,114.06822784810126,150.0,21.59607881568628,61.94148634401749,100412.83249335106,1,2.4106312,8.046448,152.41063117980957,8.046448
22.616962025316457,114.06848101265822,150.0,21.59607881568628,61.94148634401749,100412.83249335106,1,4.707072,11.569907,154.70707178115845,11.569907
22.616962025316457,114.06873417721518,150.0,21.59607881568628,61.94148634401749,100412.83249335106,1,2.046136,7.6381593,152.04613590240479,7.6381593
22.616962025316457,114.06898734177214,150.0,21.59607881568628,61.94148634401749,100412.83249335106,1,7.1882725,21.253286,157.1882724761963,21.253286
22.616962025316457,114.06924050632911,150.0,21.59607881568628,61.94148634401749,100412.83249335106,1,9.333032,21.979136,159.3330316543579,21.979136
22.616962025316457,114.06949367088608,150.0,21.59607881568628,61.94148634401749,100412.83249335106,1,7.8723555,20.78536,157.8723554611206,20.78536
22.616962025316457,114.06974683544303,150.0,21.59607881568628,61.94148634401749,100412.83249335106,1,7.8082867,16.69099,157.80828666687012,16.69099
22.616962025316457,114.07,150.0,21.59607881568628,61.94148634401749,100412.83249335106,1,10.608224,21.24072,160.6082239151001,21.24072
22.61721518987342,114.05,150.0,21.59607881568628,61.94148634401749,100412.83249335106,1,-0.16870779,0.5070582,149.83129221200943,0.5070582
22.61721518987342,114.05025316455696,150.0,21.59607881568628,61.94148634401749,100412.83249335106,1,-0.12848665,0.5064037,149.87151335179806,0.5064037
22.61721518987342,114.05050632911392,150.0,21.59607881568628,61.94148634401749,100412.83249335106,1,0.013042266,0.4354946,150.0130422655493,0.4354946
22.61721518987342,114.05075949367088,150.0,21.59607881568628,61.94148634401749,100412.83249335106,1,-0.3044235,0.632409,149.6955764889717,0.632409
22.61721518987342,114.05101265822785,150.0,21.59607881568628,61.94148634401749,100412.83249335106,1,-0.016209127,0.43228632,149.98379087261856,0.43228632
22.61721518987342,114.05126582278481,150.0,21.59607881568628,61.94148634401749,100412.83249335106,1,-0.20379664,0.50262713,149.7962033599615,0.50262713
22.61721518987342,114.05151898734177,150.0,21.59607881568628,61.94148634401749,100412.83249335106,1,-0.103197075,0.46799526,149.89680292457342,0.46799526
22.61721518987342,114.05177215189873,150.0,21.59607881568628,61.94148634401749,100412.83249335106,1,0.16440955,1.3000647,150.1644095480442,1.3000647
22.61721518987342,114.0520253164557,150.0,21.59607881568628,61.94148634401749,100412.83249335106,1,-0.19235408,0.4232026,149.80764591693878,0.4232026
22.61721518987342,114.05227848101265,150.0,21.59607881568628,61.94148634401749,100412.83249335106,1,-0.069649994,0.4528171,149.93035000562668,0.4528171
22.61721518987342,114.05253164556962,150.0,21.59607881568628,61.94148634401749,100412.83249335106,1,0.056238845,0.5287136,150.05623884499073,0.5287136
22.61721518987342,114.05278481012658,150.0,21.59607881568628,61.94148634401749,100412.83249335106,1,-0.042628553,0.6151547,149.95737144723535,0.6151547
22.61721518987342,114.05303797468355,150.0,21.59607881568628,61.94148634401749,100412.83249335106,1,-0.19741224,0.5334341,149.802587762475,0.5334341
22.61721518987342,114.0532911392405,150.0,21.59607881568628,61.94148634401749,100412.83249335106,1,0.010771539,0.42832014,150.01077153906226,0.42832014
22.61721518987342,114.05354430379747,150.0,21.59607881568628,61.94148634401749,100412.83249335106,1,-0.13328497,0.50576144,149.86671502888203,0.50576144
22.61721518987342,114.05379746835443,150.0,21.59607881568628,61.94148634401749,100412.83249335106,1,-0.05526987,0.50861686,149.94473012909293,0.50861686
22.61721518987342,114.05405063291138,150.0,21.59607881568628,61.94148634401749,100412.83249335106,1,-0.2023357,0.49553442,149.79766429960728,0.49553442
22.61721518987342,114.05430379746835,150.0,21.59607881568628,61.94148634401749,100412.83249335106,1,0.0067993538,0.47708604,150.00679935375229,0.47708604
22.61721518987342,114.05455696202532,150.0,21.59607881568628,61.94148634401749,100412.83249335106,1,-0.2549983,0.711564,149.74500170350075,0.711564
22.61721518987342,114.05481012658227,150.0,21.59607881568628,61.94148634401749,100412.83249335106,1,-0.08740506,0.49017042,149.91259493678808,0.49017042
22.61721518987342,114.05506329113923,150.0,21.59607881568628,61.94148634401749,100412.83249335106,1,-0.14705321,0.5649211,149.8529467880726,0.5649211
22.61721518987342,114.0553164556962,150.0,21.59607881568628,61.94148634401749,100412.83249335106,1,0.031693235,0.6462736,150.0316932350397,0.6462736
22.61721518987342,114.05556962025317,150.0,21.59607881568628,61.94148634401749,100412.83249335106,1,-0.111306354,0.724152,149.8886936455965,0.724152
22.61721518987342,114.05582278481012,150.0,21.59607881568628,61.94148634401749,100412.83249335106,1,-0.17769904,0.5363096,149.8223009556532,0.5363096
22.61721518987342,114.05607594936708,150.0,21.59607881568628,61.94148634401749,100412.83249335106,1,-0.1526471,0.5920265,149.84735290706158,0.5920265
22.61721518987342,114.05632911392405,150.0,21.59607881568628,61.94148634401749,100412.83249335106,1,-0.08249894,0.4747874,149.91750106215477,0.4747874
22.61721518987342,114.056582278481,150.0,21.59607881568628,61.94148634401749,100412.83249335106,1,-0.105255544,0.5700233,149.89474445581436,0.5700233
22.61721518987342,114.05683544303797,150.0,21.59607881568628,61.94148634401749,100412.83249335106,1,0.01738097,0.5985242,150.0173809695989,0.5985242
22.61721518987342,114.05708860759493,150.0,21.59607881568628,61.94148634401749,100412.83249335106,1,1.5794796,8.428593,151.57947957515717,8.428593
22.61721518987342,114.0573417721519,150.0,21.59607881568628,61.94148634401749,100412.83249335106,1,-0.070129134,0.49066353,149.92987086623907,0.49066353
22.61721518987342,114.05759493670885,150.0,21.59607881568628,61.94148634401749,100412.83249335106,1,0.027412923,0.5094992,150.0274129230529,0.5094992
22.61721518987342,114.05784810126582,150.0,21.59607881568628,61.94148634401749,100412.83249335106,1,-0.2373686,0.7220257,149.76263140141964,0.7220257
22.61721518987342,114.05810126582278,150.0,21.59607881568628,61.94148634401749,100412.83249335106,1,-0.11878348,0.41661403,149.8812165185809,0.41661403
22.61721518987342,114.05835443037974,150.0,21.59607881568628,61.94148634401749,100412.83249335106,1,-0.19624072,0.65920115,149.8037592768669,0.65920115
22.61721518987342,114.0586075949367,150.0,21.59607881568628,61.94148634401749,100412.83249335106,1,-0.07156464,0.56015277,149.92843536287546,0.56015277
22.61721518987342,114.05886075949367,150.0,21.59607881568628,61.94148634401749,100412.83249335106,1,-0.12897934,0.7144488,149.87102065980434,0.7144488
22.61721518987342,114.05911392405064,150.0,21.59607881568628,61.94148634401749,100412.83249335106,1,0.16394794,1.7810822,150.16394793987274,1.7810822
22.61721518987342,114.05936708860759,150.0,21.59607881568628,61.94148634401749,100412.83249335106,1,-0.10405064,0.72037345,149.8959493637085,0.72037345
22.61721518987342,114.05962025316455,150.0,21.59607881568628,61.94148634401749,100412.83249335106,1,-0.012050647,0.64546853,149.98794935271144,0.64546853
22.61721518987342,114.05987341772152,150.0,21.59607881568628,61.94148634401749,100412.83249335106,1,0.0059386687,0.48436198,150.00593866873533,0.48436198
22.61721518987342,114.06012658227847,150.0,21.59607881568628,61.94148634401749,100412.83249335106,1,0.020543784,0.78778195,150.02054378390312,0.78778195
22.61721518987342,114.06037974683544,150.0,21.59607881568628,61.94148634401749,100412.83249335106,1,1.3280479,7.9556293,151.32804787158966,7.9556293
22.61721518987342,114.0606329113924,150.0,21.59607881568628,61.94148634401749,100412.83249335106,1,1.5570341,9.721986,151.5570341348648,9.721986
22.61721518987342,114.06088607594936,150.0,21.59607881568628,61.94148634401749,100412.83249335106,1,-0.12576574,0.59210724,149.87423425912857,0.59210724
22.61721518987342,114.06113924050632,150.0,21.59607881568628,61.94148634401749,100412.83249335106,1,-0.12099935,0.797641,149.87900064885616,0.797641
22.61721518987342,114.06139240506329,150.0,21.59607881568628,61.94148634401749,100412.83249335106,1,1.6789285,10.015616,151.67892849445343,10.015616
22.61721518987342,114.06164556962025,150.0,21.59607881568628,61.94148634401749,100412.83249335106,1,-0.31449947,0.8000856,149.6855005323887,0.8000856
22.61721518987342,114.0618987341772,150.0,21.59607881568628,61.94148634401749,100412.83249335106,1,-0.35775906,0.52600396,149.6422409415245,0.52600396
22.61721518987342,114.06215189873417,150.0,21.59607881568628,61.94148634401749,100412.83249335106,1,0.48288465,3.8722653,150.48288464546204,3.8722653
22.61721518987342,114.06240506329114,150.0,21.59607881568628,61.94148634401749,100412.83249335106,1,-0.002673921,0.73470116,149.99732607905753,0.73470116
22.61721518987342,114.06265822784809,150.0,21.59607881568628,61.94148634401749,100412.83249335106,1,2.5048182,9.751964,152.50481820106506,9.751964
22.61721518987342,114.06291139240506,150.0,21.59607881568628,61.94148634401749,100412.83249335106,1,0.16338892,1.1105667,150.16338892281055,1.1105667
22.61721518987342,114.06316455696202,150.0,21.59607881568628,61.94148634401749,100412.83249335106,1,0.7239997,4.142863,150.7239996790886,4.142863
22.61721518987342,114.06341772151899,150.0,21.59607881568628,61.94148634401749,100412.83249335106,1,0.93384886,7.3262663,150.93384885787964,7.3262663
22.61721518987342,114.06367088607594,150.0,21.59607881568628,61.94148634401749,100412.83249335106,1,-0.21168365,0.85504544,149.78831635415554,0.85504544
22.61721518987342,114.0639240506329,150.0,21.59607881568628,61.94148634401749,100412.83249335106,1,-0.27002087,0.6220239,149.7299791276455,0.6220239
22.61721518987342,114.06417721518987,150.0,21.59607881568628,61.94148634401749,100412.83249335106,1,0.18246613,1.2691082,150.18246613442898,1.2691082
22.61721518987342,114.06443037974682,150.0,21.59607881568628,61.94148634401749,100412.83249335106,1,0.13382326,1.4306321,150.13382326066494,1.4306321
22.61721518987342,114.06468354430379,150.0,21.59607881568628,61.94148634401749,100412.83249335106,1,2.5069542,9.939557,152.50695419311523,9.939557
22.61721518987342,114.06493670886076,150.0,21.59607881568628,61.94148634401749,100412.83249335106,1,0.067439295,1.2080989,150.0674392953515,1.2080989
22.61721518987342,114.06518987341772,150.0,21.59607881568628,61.94148634401749,100412.83249335106,1,0.7256198,4.594619,150.72561979293823,4.594619
22.61721518987342,114.06544303797467,150.0,21.59607881568628,61.94148634401749,100412.83249335106,1,-0.22993314,1.1104927,149.77006685733795,1.1104927
22.61721518987342,114.06569620253164,150.0,21.59607881568628,61.94148634401749,100412.83249335106,1,4.5485015,12.674762,154.54850149154663,12.674762
22.61721518987342,114.0659493670886,150.0,21.59607881568628,61.94148634401749,100412.83249335106,1,3.5708113,14.599515,153.57081127166748,14.599515
22.61721518987342,114.06620253164556,150.0,21.59607881568628,61.94148634401749,100412.83249335106,1,1.611833,8.435179,151.61183297634125,8.435179
22.61721518987342,114.06645569620252,150.0,21.59607881568628,61.94148634401749,100412.83249335106,1,3.5184329,13.378069,153.51843285560608,13.378069
22.61721518987342,114.06670886075949,150.0,21.59607881568628,61.94148634401749,100412.83249335106,1,3.1281166,9.16214,153.12811660766602,9.16214
22.61721518987342,114.06696202531644,150.0,21.59607881568628,61.94148634401749,100412.83249335106,1,0.72826004,3.0494835,150.7282600402832,3.0494835
22.61721518987342,114.06721518987341,150.0,21.59607881568628,61.94148634401749,100412.83249335106,1,1.3701354,6.091904,151.3701354265213,6.091904
22.61721518987342,114.06746835443037,150.0,21.59607881568628,61.94148634401749,100412.83249335106,1,0.75536305,5.6583233,150.75536304712296,5.6583233
22.61721518987342,114.06772151898734,150.0,21.59607881568628,61.94148634401749,100412.83249335106,1,7.2800813,22.386063,157.28008127212524,22.386063
22.61721518987342,114.06797468354429,150.0,21.59607881568628,61.94148634401749,100412.83249335106,1,3.951617,12.253707,153.95161700248718,12.253707
22.61721518987342,114.06822784810126,150.0,21.59607881568628,61.94148634401749,100412.83249335106,1,9.742704,23.891687,159.7427043914795,23.891687
22.61721518987342,114.06848101265822,150.0,21.59607881568628,61.94148634401749,100412.83249335106,1,7.759396,17.316187,157.7593960762024,17.316187
22.61721518987342,114.06873417721518,150.0,21.59607881568628,61.94148634401749,100412.83249335106,1,3.919046,10.492861,153.91904592514038,10.492861
22.61721518987342,114.06898734177214,150.0,21.59607881568628,61.94148634401749,100412.83249335106,1,3.1860454,9.194689,153.1860454082489,9.194689
22.61721518987342,114.06924050632911,150.0,21.59607881568628,61.94148634401749,100412.83249335106,1,4.0366063,17.35862,154.0366063117981,17.35862
22.61721518987342,114.06949367088608,150.0,21.59607881568628,61.94148634401749,100412.83249335106,1,11.716962,25.334196,161.71696186065674,25.334196
22.61721518987342,114.06974683544303,150.0,21.59607881568628,61.94148634401749,100412.83249335106,1,9.868598,20.40907,159.86859798431396,20.40907
22.61721518987342,114.07,150.0,21.59607881568628,61.94148634401749,100412.83249335106,1,10.115753,23.063738,160.11575317382812,23.063738
22.617468354430383,114.05,150.0,21.59607881568628,61.94148634401749,100412.83249335106,1,-0.026503734,0.7517243,149.9734962657094,0.7517243
22.617468354430383,114.05025316455696,150.0,21.59607881568628,61.94148634401749,100412.83249335106,1,-0.11012605,0.5484954,149.8898739516735,0.5484954
22.617468354430383,114.05050632911392,150.0,21.59607881568628,61.94148634401749,100412.83249335106,1,-0.12589574,0.50573283,149.87410426139832,0.50573283
22.617468354430383,114.05075949367088,150.0,21.59607881568628,61.94148634401749,100412.83249335106,1,-0.11574745,0.65482664,149.88425254821777,0.65482664
22.617468354430383,114.05101265822785,150.0,21.59607881568628,61.94148634401749,100412.83249335106,1,-0.13107617,0.44928578,149.8689238280058,0.44928578
22.617468354430383,114.05126582278481,150.0,21.59607881568628,61.94148634401749,100412.83249335106,1,-0.11141333,0.48036176,149.8885866701603,0.48036176
22.617468354430383,114.05151898734177,150.0,21.59607881568628,61.94148634401749,100412.83249335106,1,0.09174295,0.5733573,150.09174294769764,0.5733573
22.617468354430383,114.05177215189873,150.0,21.59607881568628,61.94148634401749,100412.83249335106,1,0.012970343,0.6853395,150.01297034323215,0.6853395
22.617468354430383,114.0520253164557,150.0,21.59607881568628,61.94148634401749,100412.83249335106,1,-0.100114286,0.49119684,149.8998857140541,0.49119684
22.617468354430383,114.05227848101265,150.0,21.59607881568628,61.94148634401749,100412.83249335106,1,-0.22203475,0.52572006,149.77796524763107,0.52572006
22.617468354430383,114.05253164556962,150.0,21.59607881568628,61.94148634401749,100412.83249335106,1,-0.35532457,0.54931426,149.6446754336357,0.54931426
22.617468354430383,114.05278481012658,150.0,21.59607881568628,61.94148634401749,100412.83249335106,1,-0.15506752,0.6077997,149.84493248164654,0.6077997
22.617468354430383,114.05303797468355,150.0,21.59607881568628,61.94148634401749,100412.83249335106,1,-0.12220308,0.567429,149.87779691815376,0.567429
22.617468354430383,114.0532911392405,150.0,21.59607881568628,61.94148634401749,100412.83249335106,1,-0.011016463,0.6094841,149.98898353707045,0.6094841
22.617468354430383,114.05354430379747,150.0,21.59607881568628,61.94148634401749,100412.83249335106,1,0.23579732,2.3602417,150.23579731583595,2.3602417
22.617468354430383,114.05379746835443,150.0,21.59607881568628,61.94148634401749,100412.83249335106,1,-0.1281818,0.4976581,149.87181819975376,0.4976581
22.617468354430383,114.05405063291138,150.0,21.59607881568628,61.94148634401749,100412.83249335106,1,-0.0073692347,0.45700026,149.9926307653077,0.45700026
22.617468354430383,114.05430379746835,150.0,21.59607881568628,61.94148634401749,100412.83249335106,1,-0.28184184,0.8803489,149.7181581556797,0.8803489
22.617468354430383,114.05455696202532,150.0,21.59607881568628,61.94148634401749,100412.83249335106,1,-0.104877055,0.69716483,149.89512294530869,0.69716483
22.617468354430383,114.05481012658227,150.0,21.59607881568628,61.94148634401749,100412.83249335106,1,-0.16464196,0.52933186,149.83535803854465,0.52933186
22.617468354430383,114.05506329113923,150.0,21.59607881568628,61.94148634401749,100412.83249335106,1,1.4556686,8.044919,151.45566856861115,8.044919
22.617468354430383,114.0553164556962,150.0,21.59607881568628,61.94148634401749,100412.83249335106,1,-0.08976334,0.56261504,149.9102366566658,0.56261504
22.617468354430383,114.05556962025317,150.0,21.59607881568628,61.94148634401749,100412.83249335106,1,-0.24239357,0.5889131,149.75760643184185,0.5889131
22.617468354430383,114.05582278481012,150.0,21.59607881568628,61.94148634401749,100412.83249335106,1,-0.047396995,0.5909622,149.9526030048728,0.5909622
22.617468354430383,114.05607594936708,150.0,21.59607881568628,61.94148634401749,100412.83249335106,1,-0.18885088,0.64473784,149.8111491203308,0.64473784
22.617468354430383,114.05632911392405,150.0,21.59607881568628,61.94148634401749,100412.83249335106,1,-0.043333534,0.6059671,149.95666646584868,0.6059671
22.617468354430383,114.056582278481,150.0,21.59607881568628,61.94148634401749,100412.83249335106,1,-0.27946153,0.6321982,149.7205384671688,0.6321982
22.617468354430383,114.05683544303797,150.0,21.59607881568628,61.94148634401749,100412.83249335106,1,-0.20022209,0.46163315,149.79977791011333,0.46163315
22.617468354430383,114.05708860759493,150.0,21.59607881568628,61.94148634401749,100412.83249335106,1,0.2049161,1.5297633,150.20491610467434,1.5297633
22.617468354430383,114.0573417721519,150.0,21.59607881568628,61.94148634401749,100412.83249335106,1,-0.10085817,0.63556635,149.89914183318615,0.63556635
22.617468354430383,114.05759493670885,150.0,21.59607881568628,61.94148634401749,100412.83249335106,1,0.005382515,0.64468205,150.0053825150244,0.64468205
22.617468354430383,114.05784810126582,150.0,21.59607881568628,61.94148634401749,100412.83249335106,1,-0.15124549,0.6956095,149.84875451028347,0.6956095
22.617468354430383,114.05810126582278,150.0,21.59607881568628,61.94148634401749,100412.83249335106,1,0.02430054,0.62109715,150.0243005398661,0.62109715
22.617468354430383,114.05835443037974,150.0,21.59607881568628,61.94148634401749,100412.83249335106,1,-0.19480471,0.49902624,149.80519528687,0.49902624
22.617468354430383,114.0586075949367,150.0,21.59607881568628,61.94148634401749,100412.83249335106,1,-0.43270388,1.2043778,149.56729611754417,1.2043778
22.617468354430383,114.05886075949367,150.0,21.59607881568628,61.94148634401749,100412.83249335106,1,-0.016639436,0.47797194,149.98336056433618,0.47797194
22.617468354430383,114.05911392405064,150.0,21.59607881568628,61.94148634401749,100412.83249335106,1,-0.021822881,0.49396712,149.97817711904645,0.49396712
22.617468354430383,114.05936708860759,150.0,21.59607881568628,61.94148634401749,100412.83249335106,1,-0.2753564,0.7073749,149.7246435880661,0.7073749
22.617468354430383,114.05962025316455,150.0,21.59607881568628,61.94148634401749,100412.83249335106,1,-0.17234585,0.61218673,149.8276541531086,0.61218673
22.617468354430383,114.05987341772152,150.0,21.59607881568628,61.94148634401749,100412.83249335106,1,-0.29850614,0.9009211,149.70149385929108,0.9009211
22.617468354430383,114.06012658227847,150.0,21.59607881568628,61.94148634401749,100412.83249335106,1,0.5794729,4.8107142,150.57947289943695,4.8107142
22.617468354430383,114.06037974683544,150.0,21.59607881568628,61.94148634401749,100412.83249335106,1,-0.2583374,0.6506578,149.74166259169579,0.6506578
22.617468354430383,114.0606329113924,150.0,21.59607881568628,61.94148634401749,100412.83249335106,1,0.3544459,2.3530924,150.35444590449333,2.3530924
22.617468354430383,114.06088607594936,150.0,21.59607881568628,61.94148634401749,100412.83249335106,1,-0.040821627,0.76102316,149.95917837321758,0.76102316
22.617468354430383,114.06113924050632,150.0,21.59607881568628,61.94148634401749,100412.83249335106,1,-0.26641187,0.8430965,149.733588129282,0.8430965
22.617468354430383,114.06139240506329,150.0,21.59607881568628,61.94148634401749,100412.83249335106,1,-0.37827638,0.75940704,149.62172362208366,0.75940704
22.617468354430383,114.06164556962025,150.0,21.59607881568628,61.94148634401749,100412.83249335106,1,-0.44639626,0.77525747,149.55360373854637,0.77525747
22.617468354430383,114.0618987341772,150.0,21.59607881568628,61.94148634401749,100412.83249335106,1,0.25193468,2.4781103,150.25193467736244,2.4781103
22.617468354430383,114.06215189873417,150.0,21.59607881568628,61.94148634401749,100412.83249335106,1,-0.18371934,1.0765368,149.81628066301346,1.0765368
22.617468354430383,114.06240506329114,150.0,21.59607881568628,61.94148634401749,100412.83249335106,1,0.35032812,2.1590164,150.35032811760902,2.1590164
22.617468354430383,114.06265822784809,150.0,21.59607881568628,61.94148634401749,100412.83249335106,1,-0.08130979,0.66986185,149.91869021207094,0.66986185
22.617468354430383,114.06291139240506,150.0,21.59607881568628,61.94148634401749,100412.83249335106,1,0.17587641,1.0249113,150.17587640881538,1.0249113
22.617468354430383,114.06316455696202,150.0,21.59607881568628,61.94148634401749,100412.83249335106,1,1.9573691,10.869253,151.9573690891266,10.869253
22.617468354430383,114.06341772151899,150.0,21.59607881568628,61.94148634401749,100412.83249335106,1,0.46730366,4.8381214,150.4673036634922,4.8381214
22.617468354430383,114.06367088607594,150.0,21.59607881568628,61.94148634401749,100412.83249335106,1,0.35506228,0.9816381,150.35506227612495,0.9816381
22.617468354430383,114.0639240506329,150.0,21.59607881568628,61.94148634401749,100412.83249335106,1,0.6088954,4.0600176,150.60889542102814,4.0600176
22.617468354430383,114.06417721518987,150.0,21.59607881568628,61.94148634401749,100412.83249335106,1,-0.19007422,1.1242809,149.80992577970028,1.1242809
22.617468354430383,114.06443037974682,150.0,21.59607881568628,61.94148634401749,100412.83249335106,1,0.20266277,1.0235893,150.20266276597977,1.0235893
22.617468354430383,114.06468354430379,150.0,21.59607881568628,61.94148634401749,100412.83249335106,1,0.1493118,0.9384069,150.14931179583073,0.9384069
22.617468354430383,114.06493670886076,150.0,21.59607881568628,61.94148634401749,100412.83249335106,1,-0.31177542,0.8970821,149.6882245838642,0.8970821
22.617468354430383,114.06518987341772,150.0,21.59607881568628,61.94148634401749,100412.83249335106,1,2.546951,12.386357,152.54695105552673,12.386357
22.617468354430383,114.06544303797467,150.0,21.59607881568628,61.94148634401749,100412.83249335106,1,0.09272407,1.7631326,150.09272406995296,1.7631326
22.617468354430383,114.06569620253164,150.0,21.59607881568628,61.94148634401749,100412.83249335106,1,-0.028314048,1.5043876,149.97168595157564,1.5043876
22.617468354430383,114.0659493670886,150.0,21.59607881568628,61.94148634401749,100412.83249335106,1,0.7360404,4.722246,150.73604041337967,4.722246
22.617468354430383,114.06620253164556,150.0,21.59607881568628,61.94148634401749,100412.83249335106,1,6.22479,18.450754,156.22479009628296,18.450754
22.617468354430383,114.06645569620252,150.0,21.59607881568628,61.94148634401749,100412.83249335106,1,4.620021,14.11998,154.62002086639404,14.11998
22.617468354430383,114.06670886075949,150.0,21.59607881568628,61.94148634401749,100412.83249335106,1,1.4657944,4.7247744,151.46579444408417,4.7247744
22.617468354430383,114.06696202531644,150.0,21.59607881568628,61.94148634401749,100412.83249335106,1,4.9495916,13.464953,154.94959163665771,13.464953
22.617468354430383,114.06721518987341,150.0,21.59607881568628,61.94148634401749,100412.83249335106,1,6.3441687,17.735453,156.3441686630249,17.735453
22.617468354430383,114.06746835443037,150.0,21.59607881568628,61.94148634401749,100412.83249335106,1,2.2555165,9.862288,152.25551652908325,9.862288
22.617468354430383,114.06772151898734,150.0,21.59607881568628,61.94148634401749,100412.83249335106,1,5.330966,13.478414,155.33096599578857,13.478414
22.617468354430383,114.06797468354429,150.0,21.59607881568628,61.94148634401749,100412.83249335106,1,1.486055,5.065972,151.48605501651764,5.065972
22.617468354430383,114.06822784810126,150.0,21.59607881568628,61.94148634401749,100412.83249335106,1,3.4188244,15.672532,153.4188244342804,15.672532
22.617468354430383,114.06848101265822,150.0,21.59607881568628,61.94148634401749,100412.83249335106,1,2.7083943,9.111654,152.70839428901672,9.111654
22.617468354430383,114.06873417721518,150.0,21.59607881568628,61.94148634401749,100412.83249335106,1,0.68659586,2.6943352,150.6865958571434,2.6943352
22.617468354430383,114.06898734177214,150.0,21.59607881568628,61.94148634401749,100412.83249335106,1,3.6865015,11.48877,153.68650150299072,11.48877
22.617468354430383,114.06924050632911,150.0,21.59607881568628,61.94148634401749,100412.83249335106,1,11.798133,21.728138,161.79813289642334,21.728138
22.617468354430383,114.06949367088608,150.0,21.59607881568628,61.94148634401749,100412.83249335106,1,4.893224,11.436824,154.8932237625122,11.436824
22.617468354430383,114.06974683544303,150.0,21.59607881568628,61.94148634401749,100412.83249335106,1,5.838476,15.931999,155.83847618103027,15.931999
22.617468354430383,114.07,150.0,21.59607881568628,61.94148634401749,100412.83249335106,1,11.672819,23.47613,161.67281913757324,23.47613
22.61772151898734,114.05,150.0,21.59607881568628,61.94148634401749,100412.83249335106,1,-0.04062409,0.55891716,149.95937591046095,0.55891716
22.61772151898734,114.05025316455696,150.0,21.59607881568628,61.94148634401749,100412.83249335106,1,-0.25671893,0.60481906,149.7432810664177,0.60481906
22.61772151898734,114.05050632911392,150.0,21.59607881568628,61.94148634401749,100412.83249335106,1,-0.15915564,0.4442503,149.84084436297417,0.4442503
22.61772151898734,114.05075949367088,150.0,21.59607881568628,61.94148634401749,100412.83249335106,1,-0.06850022,0.517323,149.9314997792244,0.517323
22.61772151898734,114.05101265822785,150.0,21.59607881568628,61.94148634401749,100412.83249335106,1,-0.02874068,0.5106863,149.9712593201548,0.5106863
22.61772151898734,114.05126582278481,150.0,21.59607881568628,61.94148634401749,100412.83249335106,1,0.17255436,0.55480164,150.17255435884,0.55480164
22.61772151898734,114.05151898734177,150.0,21.59607881568628,61.94148634401749,100412.83249335106,1,-0.121167876,0.38166472,149.87883212417364,0.38166472
22.61772151898734,114.05177215189873,150.0,21.59607881568628,61.94148634401749,100412.83249335106,1,-0.121390596,0.76277775,149.87860940396786,0.76277775
22.61772151898734,114.0520253164557,150.0,21.59607881568628,61.94148634401749,100412.83249335106,1,-0.013695521,0.54031825,149.98630447871983,0.54031825
22.61772151898734,114.05227848101265,150.0,21.59607881568628,61.94148634401749,100412.83249335106,1,-0.07179683,0.4061226,149.92820317298174,0.4061226
22.61772151898734,114.05253164556962,150.0,21.59607881568628,61.94148634401749,100412.83249335106,1,-0.06312413,0.49458048,149.93687587231398,0.49458048
22.61772151898734,114.05278481012658,150.0,21.59607881568628,61.94148634401749,100412.83249335106,1,-0.13850056,0.61500317,149.86149944365025,0.61500317
22.61772151898734,114.05303797468355,150.0,21.59607881568628,61.94148634401749,100412.83249335106,1,0.17420499,0.9365182,150.17420499026775,0.9365182
22.61772151898734,114.0532911392405,150.0,21.59607881568628,61.94148634401749,100412.83249335106,1,-0.11302076,0.4722772,149.88697923719883,0.4722772
22.61772151898734,114.05354430379747,150.0,21.59607881568628,61.94148634401749,100412.83249335106,1,-0.2537176,0.7307078,149.7462823987007,0.7307078
22.61772151898734,114.05379746835443,150.0,21.59607881568628,61.94148634401749,100412.83249335106,1,-0.059074983,0.6524481,149.94092501699924,0.6524481
22.61772151898734,114.05405063291138,150.0,21.59607881568628,61.94148634401749,100412.83249335106,1,-0.05705294,0.5092763,149.94294705986977,0.5092763
22.61772151898734,114.05430379746835,150.0,21.59607881568628,61.94148634401749,100412.83249335106,1,-0.057979565,0.48672816,149.94202043488622,0.48672816
22.61772151898734,114.05455696202532,150.0,21.59607881568628,61.94148634401749,100412.83249335106,1,-0.0012639696,0.6155417,149.99873603042215,0.6155417
22.61772151898734,114.05481012658227,150.0,21.59607881568628,61.94148634401749,100412.83249335106,1,-0.14422822,0.5614466,149.85577178001404,0.5614466
22.61772151898734,114.05506329113923,150.0,21.59607881568628,61.94148634401749,100412.83249335106,1,-0.09450163,0.7034061,149.90549837052822,0.7034061
22.61772151898734,114.0553164556962,150.0,21.59607881568628,61.94148634401749,100412.83249335106,1,-0.16318083,0.65851796,149.83681917190552,0.65851796
22.61772151898734,114.05556962025317,150.0,21.59607881568628,61.94148634401749,100412.83249335106,1,0.07006318,0.6071314,150.07006318122149,0.6071314
22.61772151898734,114.05582278481012,150.0,21.59607881568628,61.94148634401749,100412.83249335106,1,-0.17033307,0.4541929,149.82966692745686,0.4541929
22.61772151898734,114.05607594936708,150.0,21.59607881568628,61.94148634401749,100412.83249335106,1,0.09748491,0.5448618,150.097484908998,0.5448618
22.61772151898734,114.05632911392405,150.0,21.59607881568628,61.94148634401749,100412.83249335106,1,-0.09380326,0.43329132,149.9061967432499,0.43329132
22.61772151898734,114.056582278481,150.0,21.59607881568628,61.94148634401749,100412.83249335106,1,-0.15386842,0.56226766,149.8461315780878,0.56226766
22.61772151898734,114.05683544303797,150.0,21.59607881568628,61.94148634401749,100412.83249335106,1,-0.23741744,0.49444994,149.76258255541325,0.49444994
22.61772151898734,114.05708860759493,150.0,21.59607881568628,61.94148634401749,100412.83249335106,1,-0.0597554,0.563893,149.9402446001768,0.563893
22.61772151898734,114.0573417721519,150.0,21.59607881568628,61.94148634401749,100412.83249335106,1,-0.018043919,0.39281815,149.9819560814649,0.39281815
22.61772151898734,114.05759493670885,150.0,21.59607881568628,61.94148634401749,100412.83249335106,1,0.014668758,0.54458773,150.01466875802726,0.54458773
22.61772151898734,114.05784810126582,150.0,21.59607881568628,61.94148634401749,100412.83249335106,1,0.2526262,1.4959823,150.25262621045113,1.4959823
22.61772151898734,114.05810126582278,150.0,21.59607881568628,61.94148634401749,100412.83249335106,1,-0.080305815,0.63515615,149.91969418525696,0.63515615
22.61772151898734,114.05835443037974,150.0,21.59607881568628,61.94148634401749,100412.83249335106,1,-0.12542827,0.7335689,149.87457172572613,0.7335689
22.61772151898734,114.0586075949367,150.0,21.59607881568628,61.94148634401749,100412.83249335106,1,-0.13678126,0.5225462,149.8632187396288,0.5225462
22.61772151898734,114.05886075949367,150.0,21.59607881568628,61.94148634401749,100412.83249335106,1,-0.315208,0.8535273,149.68479201197624,0.8535273
22.61772151898734,114.05911392405064,150.0,21.59607881568628,61.94148634401749,100412.83249335106,1,-0.20677729,0.73838586,149.79322271049023,0.73838586
22.61772151898734,114.05936708860759,150.0,21.59607881568628,61.94148634401749,100412.83249335106,1,0.3073622,2.9393013,150.30736219882965,2.9393013
22.61772151898734,114.05962025316455,150.0,21.59607881568628,61.94148634401749,100412.83249335106,1,-0.11114912,0.5458499,149.88885088264942,0.5458499
22.61772151898734,114.05987341772152,150.0,21.59607881568628,61.94148634401749,100412.83249335106,1,0.49268574,3.4672382,150.49268573522568,3.4672382
22.61772151898734,114.06012658227847,150.0,21.59607881568628,61.94148634401749,100412.83249335106,1,-0.5245537,1.0767628,149.4754462838173,1.0767628
22.61772151898734,114.06037974683544,150.0,21.59607881568628,61.94148634401749,100412.83249335106,1,0.032091707,0.6823853,150.0320917069912,0.6823853
22.61772151898734,114.0606329113924,150.0,21.59607881568628,61.94148634401749,100412.83249335106,1,-0.19064589,0.7467942,149.80935411155224,0.7467942
22.61772151898734,114.06088607594936,150.0,21.59607881568628,61.94148634401749,100412.83249335106,1,-0.13378304,0.6566902,149.86621695756912,0.6566902
22.61772151898734,114.06113924050632,150.0,21.59607881568628,61.94148634401749,100412.83249335106,1,-0.057124753,0.66108114,149.94287524744868,0.66108114
22.61772151898734,114.06139240506329,150.0,21.59607881568628,61.94148634401749,100412.83249335106,1,0.5122793,3.080404,150.51227927207947,3.080404
22.61772151898734,114.06164556962025,150.0,21.59607881568628,61.94148634401749,100412.83249335106,1,1.5867261,10.273811,151.58672606945038,10.273811
22.61772151898734,114.0618987341772,150.0,21.59607881568628,61.94148634401749,100412.83249335106,1,-0.13305171,0.8197837,149.86694829165936,0.8197837
22.61772151898734,114.06215189873417,150.0,21.59607881568628,61.94148634401749,100412.83249335106,1,0.8338536,4.192531,150.83385360240936,4.192531
22.61772151898734,114.06240506329114,150.0,21.59607881568628,61.94148634401749,100412.83249335106,1,-0.3261106,1.343806,149.67388939857483,1.343806
22.61772151898734,114.06265822784809,150.0,21.59607881568628,61.94148634401749,100412.83249335106,1,-0.29713282,0.67045015,149.70286718010902,0.67045015
22.61772151898734,114.06291139240506,150.0,21.59607881568628,61.94148634401749,100412.83249335106,1,-0.13424975,0.9507916,149.86575025320053,0.9507916
22.61772151898734,114.06316455696202,150.0,21.59607881568628,61.94148634401749,100412.83249335106,1,2.550719,11.281136,152.55071902275085,11.281136
22.61772151898734,114.06341772151899,150.0,21.59607881568628,61.94148634401749,100412.83249335106,1,0.1664499,1.802254,150.16644990444183,1.802254
22.61772151898734,114.06367088607594,150.0,21.59607881568628,61.94148634401749,100412.83249335106,1,0.17316207,1.2944798,150.17316207289696,1.2944798
22.61772151898734,114.0639240506329,150.0,21.59607881568628,61.94148634401749,100412.83249335106,1,1.6892523,8.725146,151.6892522573471,8.725146
22.61772151898734,114.06417721518987,150.0,21.59607881568628,61.94148634401749,100412.83249335106,1,0.49606013,2.055639,150.49606013298035,2.055639
22.61772151898734,114.06443037974682,150.0,21.59607881568628,61.94148634401749,100412.83249335106,1,3.935106,16.158764,153.93510603904724,16.158764
22.61772151898734,114.06468354430379,150.0,21.59607881568628,61.94148634401749,100412.83249335106,1,0.820772,7.684145,150.82077199220657,7.684145
22.61772151898734,114.06493670886076,150.0,21.59607881568628,61.94148634401749,100412.83249335106,1,0.7494499,4.341371,150.74944990873337,4.341371
22.61772151898734,114.06518987341772,150.0,21.59607881568628,61.94148634401749,100412.83249335106,1,0.6996379,3.7338576,150.69963788986206,3.7338576
22.61772151898734,114.06544303797467,150.0,21.59607881568628,61.94148634401749,100412.83249335106,1,-0.11528125,1.264598,149.88471875339746,1.264598
22.61772151898734,114.06569620253164,150.0,21.59607881568628,61.94148634401749,100412.83249335106,1,0.29723322,1.2496622,150.2972332239151,1.2496622
22.61772151898734,114.0659493670886,150.0,21.59607881568628,61.94148634401749,100412.83249335106,1,0.38843122,1.7209227,150.38843122124672,1.7209227
22.61772151898734,114.06620253164556,150.0,21.59607881568628,61.94148634401749,100412.83249335106,1,3.3164604,15.165055,153.31646037101746,15.165055
22.61772151898734,114.06645569620252,150.0,21.59607881568628,61.94148634401749,100412.83249335106,1,3.6231425,17.209633,153.62314248085022,17.209633
22.61772151898734,114.06670886075949,150.0,21.59607881568628,61.94148634401749,100412.83249335106,1,2.6458125,10.308858,152.6458125114441,10.308858
22.61772151898734,114.06696202531644,150.0,21.59607881568628,61.94148634401749,100412.83249335106,1,0.32905155,2.1259387,150.32905155420303,2.1259387
22.61772151898734,114.06721518987341,150.0,21.59607881568628,61.94148634401749,100412.83249335106,1,8.134092,20.401707,158.13409233093262,20.401707
22.61772151898734,114.06746835443037,150.0,21.59607881568628,61.94148634401749,100412.83249335106,1,1.9744037,12.892065,151.97440373897552,12.892065
22.61772151898734,114.06772151898734,150.0,21.59607881568628,61.94148634401749,100412.83249335106,1,4.0966663,11.29587,154.09666633605957,11.29587
22.61772151898734,114.06797468354429,150.0,21.59607881568628,61.94148634401749,100412.83249335106,1,5.6310573,16.580797,155.63105726242065,16.580797
22.61772151898734,114.06822784810126,150.0,21.59607881568628,61.94148634401749,100412.83249335106,1,4.524902,11.995951,154.52490186691284,11.995951
22.61772151898734,114.06848101265822,150.0,21.59607881568628,61.94148634401749,100412.83249335106,1,2.86931,7.0666556,152.86930990219116,7.0666556
22.61772151898734,114.06873417721518,150.0,21.59607881568628,61.94148634401749,100412.83249335106,1,8.717215,22.396355,158.7172145843506,22.396355
22.61772151898734,114.06898734177214,150.0,21.59607881568628,61.94148634401749,100412.83249335106,1,1.9917833,4.0630283,151.99178326129913,4.0630283
22.61772151898734,114.06924050632911,150.0,21.59607881568628,61.94148634401749,100412.83249335106,1,5.418305,10.390697,155.41830492019653,10.390697
22.61772151898734,114.06949367088608,150.0,21.59607881568628,61.94148634401749,100412.83249335106,1,7.683683,17.191301,157.68368291854858,17.191301
22.61772151898734,114.06974683544303,150.0,21.59607881568628,61.94148634401749,100412.83249335106,1,9.400276,23.737911,159.40027618408203,23.737911
22.61772151898734,114.07,150.0,21.59607881568628,61.94148634401749,100412.83249335106,1,5.2240806,10.459935,155.22408056259155,10.459935
22.617974683544304,114.05,150.0,21.59607881568628,61.94148634401749,100412.83249335106,1,0.05491068,0.64487225,150.0549106784165,0.64487225
22.617974683544304,114.05025316455696,150.0,21.59607881568628,61.94148634401749,100412.83249335106,1,-0.11680673,0.6694857,149.883193269372,0.6694857
22.617974683544304,114.05050632911392,150.0,21.59607881568628,61.94148634401749,100412.83249335106,1,-0.08841427,0.5055748,149.9115857332945,0.5055748
22.617974683544304,114.05075949367088,150.0,21.59607881568628,61.94148634401749,100412.83249335106,1,0.0176169,0.44146812,150.01761689968407,0.44146812
22.617974683544304,114.05101265822785,150.0,21.59607881568628,61.94148634401749,100412.83249335106,1,-0.041546836,0.527654,149.9584531635046,0.527654
22.617974683544304,114.05126582278481,150.0,21.59607881568628,61.94148634401749,100412.83249335106,1,-0.18891476,0.46824887,149.81108523905277,0.46824887
22.617974683544304,114.05151898734177,150.0,21.59607881568628,61.94148634401749,100412.83249335106,1,-0.20906694,0.6493067,149.79093305766582,0.6493067
22.617974683544304,114.05177215189873,150.0,21.59607881568628,61.94148634401749,100412.83249335106,1,0.02456036,0.48709077,150.02456036023796,0.48709077
22.617974683544304,114.0520253164557,150.0,21.59607881568628,61.94148634401749,100412.83249335106,1,-0.146134,0.56466997,149.85386599600315,0.56466997
22.617974683544304,114.05227848101265,150.0,21.59607881568628,61.94148634401749,100412.83249335106,1,0.005499846,0.71843654,150.0054998458363,0.71843654
22.617974683544304,114.05253164556962,150.0,21.59607881568628,61.94148634401749,100412.83249335106,1,1.4447751,8.9831085,151.4447751045227,8.9831085
22.617974683544304,114.05278481012658,150.0,21.59607881568628,61.94148634401749,100412.83249335106,1,-0.29562372,0.6439465,149.70437628030777,0.6439465
22.617974683544304,114.05303797468355,150.0,21.59607881568628,61.94148634401749,100412.83249335106,1,-0.08404241,0.63404685,149.91595759242773,0.63404685
22.617974683544304,114.0532911392405,150.0,21.59607881568628,61.94148634401749,100412.83249335106,1,0.074434265,0.6199967,150.07443426549435,0.6199967
22.617974683544304,114.05354430379747,150.0,21.59607881568628,61.94148634401749,100412.83249335106,1,0.84165776,3.805603,150.8416577577591,3.805603
22.617974683544304,114.05379746835443,150.0,21.59607881568628,61.94148634401749,100412.83249335106,1,-0.031310495,0.4820079,149.96868950501084,0.4820079
22.617974683544304,114.05405063291138,150.0,21.59607881568628,61.94148634401749,100412.83249335106,1,-0.13087694,0.6282187,149.86912305653095,0.6282187
22.617974683544304,114.05430379746835,150.0,21.59607881568628,61.94148634401749,100412.83249335106,1,-0.16682535,0.4950867,149.83317464590073,0.4950867
22.617974683544304,114.05455696202532,150.0,21.59607881568628,61.94148634401749,100412.83249335106,1,0.6286101,3.9916801,150.6286100745201,3.9916801
22.617974683544304,114.05481012658227,150.0,21.59607881568628,61.94148634401749,100412.83249335106,1,-0.36932895,0.69922316,149.63067105412483,0.69922316
22.617974683544304,114.05506329113923,150.0,21.59607881568628,61.94148634401749,100412.83249335106,1,-0.24416278,0.6233156,149.7558372169733,0.6233156
22.617974683544304,114.0553164556962,150.0,21.59607881568628,61.94148634401749,100412.83249335106,1,-0.20519239,0.5661275,149.79480761289597,0.5661275
22.617974683544304,114.05556962025317,150.0,21.59607881568628,61.94148634401749,100412.83249335106,1,0.027222525,0.47772828,150.0272225253284,0.47772828
22.617974683544304,114.05582278481012,150.0,21.59607881568628,61.94148634401749,100412.83249335106,1,-0.18052956,0.68325377,149.81947043538094,0.68325377
22.617974683544304,114.05607594936708,150.0,21.59607881568628,61.94148634401749,100412.83249335106,1,0.03818166,0.58954966,150.03818165883422,0.58954966
22.617974683544304,114.05632911392405,150.0,21.59607881568628,61.94148634401749,100412.83249335106,1,-0.29356802,0.6385318,149.70643198490143,0.6385318
22.617974683544304,114.056582278481,150.0,21.59607881568628,61.94148634401749,100412.83249335106,1,-0.20625864,0.81271297,149.79374136030674,0.81271297
22.617974683544304,114.05683544303797,150.0,21.59607881568628,61.94148634401749,100412.83249335106,1,-0.18030483,0.5461281,149.81969517469406,0.5461281
22.617974683544304,114.05708860759493,150.0,21.59607881568628,61.94148634401749,100412.83249335106,1,-0.24401414,0.65581316,149.7559858560562,0.65581316
22.617974683544304,114.0573417721519,150.0,21.59607881568628,61.94148634401749,100412.83249335106,1,-0.27487236,0.47694653,149.72512763738632,0.47694653
22.617974683544304,114.05759493670885,150.0,21.59607881568628,61.94148634401749,100412.83249335106,1,-0.35832432,0.9584972,149.64167568087578,0.9584972
22.617974683544304,114.05784810126582,150.0,21.59607881568628,61.94148634401749,100412.83249335106,1,-0.11726081,0.7194662,149.88273918628693,0.7194662
22.617974683544304,114.05810126582278,150.0,21.59607881568628,61.94148634401749,100412.83249335106,1,-0.13035241,0.5551801,149.86964759230614,0.5551801
22.617974683544304,114.05835443037974,150.0,21.59607881568628,61.94148634401749,100412.83249335106,1,-0.06003076,0.5722983,149.9399692416191,0.5722983
22.617974683544304,114.0586075949367,150.0,21.59607881568628,61.94148634401749,100412.83249335106,1,-0.28644434,0.69838727,149.71355566382408,0.69838727
22.617974683544304,114.05886075949367,150.0,21.59607881568628,61.94148634401749,100412.83249335106,1,-0.20341417,0.5315123,149.79658582806587,0.5315123
22.617974683544304,114.05911392405064,150.0,21.59607881568628,61.94148634401749,100412.83249335106,1,-0.1835865,0.5793507,149.8164135068655,0.5793507
22.617974683544304,114.05936708860759,150.0,21.59607881568628,61.94148634401749,100412.83249335106,1,-0.003407379,1.4205774,149.99659262108617,1.4205774
22.617974683544304,114.05962025316455,150.0,21.59607881568628,61.94148634401749,100412.83249335106,1,-0.10133504,0.87784475,149.89866495877504,0.87784475
22.617974683544304,114.05987341772152,150.0,21.59607881568628,61.94148634401749,100412.83249335106,1,0.16538689,0.8440464,150.1653868854046,0.8440464
22.617974683544304,114.06012658227847,150.0,21.59607881568628,61.94148634401749,100412.83249335106,1,0.17375985,1.5915272,150.1737598478794,1.5915272
22.617974683544304,114.06037974683544,150.0,21.59607881568628,61.94148634401749,100412.83249335106,1,-0.1137762,0.82711124,149.88622380048037,0.82711124
22.617974683544304,114.0606329113924,150.0,21.59607881568628,61.94148634401749,100412.83249335106,1,0.8799756,5.622664,150.87997561693192,5.622664
22.617974683544304,114.06088607594936,150.0,21.59607881568628,61.94148634401749,100412.83249335106,1,-0.1334464,0.78750354,149.8665536046028,0.78750354
22.617974683544304,114.06113924050632,150.0,21.59607881568628,61.94148634401749,100412.83249335106,1,-0.122985505,0.67471445,149.87701449543238,0.67471445
22.617974683544304,114.06139240506329,150.0,21.59607881568628,61.94148634401749,100412.83249335106,1,0.769027,6.0519156,150.7690269947052,6.0519156
22.617974683544304,114.06164556962025,150.0,21.59607881568628,61.94148634401749,100412.83249335106,1,1.0975455,6.814162,151.09754550457,6.814162
22.617974683544304,114.0618987341772,150.0,21.59607881568628,61.94148634401749,100412.83249335106,1,2.8097506,15.774983,152.8097505569458,15.774983
22.617974683544304,114.06215189873417,150.0,21.59607881568628,61.94148634401749,100412.83249335106,1,0.39251253,2.4526985,150.39251253008842,2.4526985
22.617974683544304,114.06240506329114,150.0,21.59607881568628,61.94148634401749,100412.83249335106,1,-0.38043347,0.9566758,149.61956652998924,0.9566758
22.617974683544304,114.06265822784809,150.0,21.59607881568628,61.94148634401749,100412.83249335106,1,-0.031357273,1.000217,149.96864272654057,1.000217
22.617974683544304,114.06291139240506,150.0,21.59607881568628,61.94148634401749,100412.83249335106,1,1.3188804,5.424763,151.31888043880463,5.424763
22.617974683544304,114.06316455696202,150.0,21.59607881568628,61.94148634401749,100412.83249335106,1,0.13002348,1.3780916,150.13002347946167,1.3780916
22.617974683544304,114.06341772151899,150.0,21.59607881568628,61.94148634401749,100412.83249335106,1,0.09887778,0.7054743,150.09887778013945,0.7054743
22.617974683544304,114.06367088607594,150.0,21.59607881568628,61.94148634401749,100412.83249335106,1,0.7367407,4.291915,150.73674070835114,4.291915
22.617974683544304,114.0639240506329,150.0,21.59607881568628,61.94148634401749,100412.83249335106,1,1.0887581,3.2604938,151.08875811100006,3.2604938
22.617974683544304,114.06417721518987,150.0,21.59607881568628,61.94148634401749,100412.83249335106,1,0.1940207,1.4778346,150.19402070343494,1.4778346
22.617974683544304,114.06443037974682,150.0,21.59607881568628,61.94148634401749,100412.83249335106,1,2.6051273,13.06771,152.60512733459473,13.06771
22.617974683544304,114.06468354430379,150.0,21.59607881568628,61.94148634401749,100412.83249335106,1,0.011197924,2.317633,150.01119792368263,2.317633
22.617974683544304,114.06493670886076,150.0,21.59607881568628,61.94148634401749,100412.83249335106,1,3.9161663,14.757339,153.916166305542,14.757339
22.617974683544304,114.06518987341772,150.0,21.59607881568628,61.94148634401749,100412.83249335106,1,3.4907393,14.813884,153.49073934555054,14.813884
22.617974683544304,114.06544303797467,150.0,21.59607881568628,61.94148634401749,100412.83249335106,1,2.7710207,9.774243,152.77102065086365,9.774243
22.617974683544304,114.06569620253164,150.0,21.59607881568628,61.94148634401749,100412.83249335106,1,0.41403168,2.392171,150.41403168439865,2.392171
22.617974683544304,114.0659493670886,150.0,21.59607881568628,61.94148634401749,100412.83249335106,1,1.6590109,9.772794,151.659010887146,9.772794
22.617974683544304,114.06620253164556,150.0,21.59607881568628,61.94148634401749,100412.83249335106,1,0.2980454,1.3581988,150.2980453968048,1.3581988
22.617974683544304,114.06645569620252,150.0,21.59607881568628,61.94148634401749,100412.83249335106,1,4.4352307,16.634363,154.4352307319641,16.634363
22.617974683544304,114.06670886075949,150.0,21.59607881568628,61.94148634401749,100412.83249335106,1,4.973665,18.535936,154.97366523742676,18.535936
22.617974683544304,114.06696202531644,150.0,21.59607881568628,61.94148634401749,100412.83249335106,1,8.078628,20.703554,158.07862758636475,20.703554
22.617974683544304,114.06721518987341,150.0,21.59607881568628,61.94148634401749,100412.83249335106,1,1.0742545,4.558078,151.07425451278687,4.558078
22.617974683544304,114.06746835443037,150.0,21.59607881568628,61.94148634401749,100412.83249335106,1,6.435592,16.316256,156.43559217453003,16.316256
22.617974683544304,114.06772151898734,150.0,21.59607881568628,61.94148634401749,100412.83249335106,1,9.631147,19.385582,159.63114738464355,19.385582
22.617974683544304,114.06797468354429,150.0,21.59607881568628,61.94148634401749,100412.83249335106,1,4.433209,15.505658,154.43320894241333,15.505658
22.617974683544304,114.06822784810126,150.0,21.59607881568628,61.94148634401749,100412.83249335106,1,4.1993318,12.572687,154.1993317604065,12.572687
22.617974683544304,114.06848101265822,150.0,21.59607881568628,61.94148634401749,100412.83249335106,1,2.8492737,10.688101,152.84927368164062,10.688101
22.617974683544304,114.06873417721518,150.0,21.59607881568628,61.94148634401749,100412.83249335106,1,7.1810975,12.40195,157.1810975074768,12.40195
22.617974683544304,114.06898734177214,150.0,21.59607881568628,61.94148634401749,100412.83249335106,1,7.0398555,17.958754,157.0398554801941,17.958754
22.617974683544304,114.06924050632911,150.0,21.59607881568628,61.94148634401749,100412.83249335106,1,10.847096,23.233778,160.84709644317627,23.233778
22.617974683544304,114.06949367088608,150.0,21.59607881568628,61.94148634401749,100412.83249335106,1,6.071852,18.89149,156.07185220718384,18.89149
22.617974683544304,114.06974683544303,150.0,21.59607881568628,61.94148634401749,100412.83249335106,1,6.5131474,14.889325,156.51314735412598,14.889325
22.617974683544304,114.07,150.0,21.59607881568628,61.94148634401749,100412.83249335106,1,10.56123,18.668665,160.56122970581055,18.668665
22.618227848101267,114.05,150.0,21.59607881568628,61.94148634401749,100412.83249335106,1,0.02305312,0.42645684,150.02305312082171,0.42645684
22.618227848101267,114.05025316455696,150.0,21.59607881568628,61.94148634401749,100412.83249335106,1,-0.023054702,0.5350455,149.97694529779255,0.5350455
22.618227848101267,114.05050632911392,150.0,21.59607881568628,61.94148634401749,100412.83249335106,1,-0.2637885,0.8647824,149.7362115085125,0.8647824
22.618227848101267,114.05075949367088,150.0,21.59607881568628,61.94148634401749,100412.83249335106,1,-0.17749952,0.6599685,149.82250048220158,0.6599685
22.618227848101267,114.05101265822785,150.0,21.59607881568628,61.94148634401749,100412.83249335106,1,-0.17589702,0.52140725,149.82410298287868,0.52140725
22.618227848101267,114.05126582278481,150.0,21.59607881568628,61.94148634401749,100412.83249335106,1,0.047129776,0.5071185,150.0471297763288,0.5071185
22.618227848101267,114.05151898734177,150.0,21.59607881568628,61.94148634401749,100412.83249335106,1,0.011221944,0.4649386,150.01122194435447,0.4649386
22.618227848101267,114.05177215189873,150.0,21.59607881568628,61.94148634401749,100412.83249335106,1,-0.04934317,0.5335158,149.9506568312645,0.5335158
22.618227848101267,114.0520253164557,150.0,21.59607881568628,61.94148634401749,100412.83249335106,1,-0.2598805,0.49707738,149.7401194870472,0.49707738
22.618227848101267,114.05227848101265,150.0,21.59607881568628,61.94148634401749,100412.83249335106,1,-0.24034044,0.5781507,149.75965955853462,0.5781507
22.618227848101267,114.05253164556962,150.0,21.59607881568628,61.94148634401749,100412.83249335106,1,0.086097516,0.51402515,150.08609751611948,0.51402515
22.618227848101267,114.05278481012658,150.0,21.59607881568628,61.94148634401749,100412.83249335106,1,-0.09826866,0.58708715,149.90173134207726,0.58708715
22.618227848101267,114.05303797468355,150.0,21.59607881568628,61.94148634401749,100412.83249335106,1,-0.037068617,0.68919003,149.96293138340116,0.68919003
22.618227848101267,114.0532911392405,150.0,21.59607881568628,61.94148634401749,100412.83249335106,1,-0.039741132,0.50085884,149.96025886759162,0.50085884
22.618227848101267,114.05354430379747,150.0,21.59607881568628,61.94148634401749,100412.83249335106,1,-0.15105316,0.53896254,149.848946839571,0.53896254
22.618227848101267,114.05379746835443,150.0,21.59607881568628,61.94148634401749,100412.83249335106,1,-0.04512282,0.5973803,149.954877179116,0.5973803
22.618227848101267,114.05405063291138,150.0,21.59607881568628,61.94148634401749,100412.83249335106,1,-0.08679108,0.47191924,149.91320891678333,0.47191924
22.618227848101267,114.05430379746835,150.0,21.59607881568628,61.94148634401749,100412.83249335106,1,-0.080409765,0.58720595,149.91959023475647,0.58720595
22.618227848101267,114.05455696202532,150.0,21.59607881568628,61.94148634401749,100412.83249335106,1,-0.024078805,0.3441451,149.9759211950004,0.3441451
22.618227848101267,114.05481012658227,150.0,21.59607881568628,61.94148634401749,100412.83249335106,1,0.079711035,0.6155496,150.079711034894,0.6155496
22.618227848101267,114.05506329113923,150.0,21.59607881568628,61.94148634401749,100412.83249335106,1,-0.24769261,0.6087763,149.75230738520622,0.6087763
22.618227848101267,114.0553164556962,150.0,21.59607881568628,61.94148634401749,100412.83249335106,1,-0.17674886,0.64657754,149.82325114309788,0.64657754
22.618227848101267,114.05556962025317,150.0,21.59607881568628,61.94148634401749,100412.83249335106,1,0.010584483,0.60890317,150.01058448292315,0.60890317
22.618227848101267,114.05582278481012,150.0,21.59607881568628,61.94148634401749,100412.83249335106,1,-0.053167697,0.528515,149.94683230295777,0.528515
22.618227848101267,114.05607594936708,150.0,21.59607881568628,61.94148634401749,100412.83249335106,1,-0.19412042,0.66188395,149.80587957799435,0.66188395
22.618227848101267,114.05632911392405,150.0,21.59607881568628,61.94148634401749,100412.83249335106,1,0.047299955,0.68201995,150.04729995504022,0.68201995
22.618227848101267,114.056582278481,150.0,21.59607881568628,61.94148634401749,100412.83249335106,1,-0.15515806,0.6465053,149.84484194219112,0.6465053
22.618227848101267,114.05683544303797,150.0,21.59607881568628,61.94148634401749,100412.83249335106,1,0.022684323,0.4610219,150.0226843226701,0.4610219
22.618227848101267,114.05708860759493,150.0,21.59607881568628,61.94148634401749,100412.83249335106,1,-0.283735,0.6258899,149.71626499295235,0.6258899
22.618227848101267,114.0573417721519,150.0,21.59607881568628,61.94148634401749,100412.83249335106,1,4.279537,16.51512,154.27953720092773,16.51512
22.618227848101267,114.05759493670885,150.0,21.59607881568628,61.94148634401749,100412.83249335106,1,-0.04822822,0.6445591,149.9517717808485,0.6445591
22.618227848101267,114.05784810126582,150.0,21.59607881568628,61.94148634401749,100412.83249335106,1,1.8476071,10.00489,151.8476071357727,10.00489
22.618227848101267,114.05810126582278,150.0,21.59607881568628,61.94148634401749,100412.83249335106,1,0.059076227,0.61914986,150.05907622724771,0.61914986
22.618227848101267,114.05835443037974,150.0,21.59607881568628,61.94148634401749,100412.83249335106,1,0.22189245,0.5336566,150.22189244627953,0.5336566
22.618227848101267,114.0586075949367,150.0,21.59607881568628,61.94148634401749,100412.83249335106,1,-0.12544632,0.62239605,149.87455368041992,0.62239605
22.618227848101267,114.05886075949367,150.0,21.59607881568628,61.94148634401749,100412.83249335106,1,-0.04843179,0.6282997,149.95156820863485,0.6282997
22.618227848101267,114.05911392405064,150.0,21.59607881568628,61.94148634401749,100412.83249335106,1,-0.15106778,0.7871417,149.84893222153187,0.7871417
22.618227848101267,114.05936708860759,150.0,21.59607881568628,61.94148634401749,100412.83249335106,1,-0.06836283,0.70528674,149.9316371679306,0.70528674
22.618227848101267,114.05962025316455,150.0,21.59607881568628,61.94148634401749,100412.83249335106,1,0.20416741,1.6650524,150.20416741073132,1.6650524
22.618227848101267,114.05987341772152,150.0,21.59607881568628,61.94148634401749,100412.83249335106,1,2.0179057,11.248716,152.01790571212769,11.248716
22.618227848101267,114.06012658227847,150.0,21.59607881568628,61.94148634401749,100412.83249335106,1,0.21446149,1.4859341,150.2144614905119,1.4859341
22.618227848101267,114.06037974683544,150.0,21.59607881568628,61.94148634401749,100412.83249335106,1,1.3175502,9.156531,151.31755018234253,9.156531
22.618227848101267,114.0606329113924,150.0,21.59607881568628,61.94148634401749,100412.83249335106,1,-0.010601945,1.1942647,149.98939805477858,1.1942647
22.618227848101267,114.06088607594936,150.0,21.59607881568628,61.94148634401749,100412.83249335106,1,-0.071105994,0.63848156,149.92889400571585,0.63848156
22.618227848101267,114.06113924050632,150.0,21.59607881568628,61.94148634401749,100412.83249335106,1,0.04929333,1.4347097,150.0492933318019,1.4347097
22.618227848101267,114.06139240506329,150.0,21.59607881568628,61.94148634401749,100412.83249335106,1,-0.21740842,0.67700267,149.7825915813446,0.67700267
22.618227848101267,114.06164556962025,150.0,21.59607881568628,61.94148634401749,100412.83249335106,1,3.6073291,14.207117,153.60732913017273,14.207117
22.618227848101267,114.0618987341772,150.0,21.59607881568628,61.94148634401749,100412.83249335106,1,-0.41621694,1.0164047,149.58378306031227,1.0164047
22.618227848101267,114.06215189873417,150.0,21.59607881568628,61.94148634401749,100412.83249335106,1,-0.025498133,0.72795993,149.97450186684728,0.72795993
22.618227848101267,114.06240506329114,150.0,21.59607881568628,61.94148634401749,100412.83249335106,1,0.2086813,0.8637811,150.20868130028248,0.8637811
22.618227848101267,114.06265822784809,150.0,21.59607881568628,61.94148634401749,100412.83249335106,1,-0.0052865413,0.93153375,149.99471345869824,0.93153375
22.618227848101267,114.06291139240506,150.0,21.59607881568628,61.94148634401749,100412.83249335106,1,0.060080998,1.4262224,150.06008099764585,1.4262224
22.618227848101267,114.06316455696202,150.0,21.59607881568628,61.94148634401749,100412.83249335106,1,-0.0076516424,1.0063319,149.99234835756943,1.0063319
22.618227848101267,114.06341772151899,150.0,21.59607881568628,61.94148634401749,100412.83249335106,1,2.1944144,7.937982,152.19441437721252,7.937982
22.618227848101267,114.06367088607594,150.0,21.59607881568628,61.94148634401749,100412.83249335106,1,-0.08637964,0.76821584,149.91362036019564,0.76821584
22.618227848101267,114.0639240506329,150.0,21.59607881568628,61.94148634401749,100412.83249335106,1,0.9150763,3.3444786,150.91507631540298,3.3444786
22.618227848101267,114.06417721518987,150.0,21.59607881568628,61.94148634401749,100412.83249335106,1,1.5665802,7.122537,151.56658017635345,7.122537
22.618227848101267,114.06443037974682,150.0,21.59607881568628,61.94148634401749,100412.83249335106,1,0.8828624,4.9476657,150.88286238908768,4.9476657
22.618227848101267,114.06468354430379,150.0,21.59607881568628,61.94148634401749,100412.83249335106,1,4.1964135,14.101325,154.1964135169983,14.101325
22.618227848101267,114.06493670886076,150.0,21.59607881568628,61.94148634401749,100412.83249335106,1,1.3278146,5.4732995,151.32781457901,5.4732995
22.618227848101267,114.06518987341772,150.0,21.59607881568628,61.94148634401749,100412.83249335106,1,2.4463716,15.096742,152.44637155532837,15.096742
22.618227848101267,114.06544303797467,150.0,21.59607881568628,61.94148634401749,100412.83249335106,1,0.98295873,7.45259,150.9829587340355,7.45259
22.618227848101267,114.06569620253164,150.0,21.59607881568628,61.94148634401749,100412.83249335106,1,1.8303316,7.9941974,151.83033156394958,7.9941974
22.618227848101267,114.0659493670886,150.0,21.59607881568628,61.94148634401749,100412.83249335106,1,0.08983956,1.5010785,150.0898395627737,1.5010785
22.618227848101267,114.06620253164556,150.0,21.59607881568628,61.94148634401749,100412.83249335106,1,4.501551,13.059483,154.50155115127563,13.059483
22.618227848101267,114.06645569620252,150.0,21.59607881568628,61.94148634401749,100412.83249335106,1,4.7093544,15.235978,154.70935440063477,15.235978
22.618227848101267,114.06670886075949,150.0,21.59607881568628,61.94148634401749,100412.83249335106,1,2.515503,6.316435,152.5155029296875,6.316435
22.618227848101267,114.06696202531644,150.0,21.59607881568628,61.94148634401749,100412.83249335106,1,2.4526045,10.001812,152.45260453224182,10.001812
22.618227848101267,114.06721518987341,150.0,21.59607881568628,61.94148634401749,100412.83249335106,1,2.2567406,5.70919,152.25674057006836,5.70919
22.618227848101267,114.06746835443037,150.0,21.59607881568628,61.94148634401749,100412.83249335106,1,6.3434,13.883246,156.34340000152588,13.883246
22.618227848101267,114.06772151898734,150.0,21.59607881568628,61.94148634401749,100412.83249335106,1,3.0427067,8.643865,153.04270672798157,8.643865
22.618227848101267,114.06797468354429,150.0,21.59607881568628,61.94148634401749,100412.83249335106,1,0.7100734,2.1632378,150.7100734114647,2.1632378
22.618227848101267,114.06822784810126,150.0,21.59607881568628,61.94148634401749,100412.83249335106,1,4.9174833,16.922699,154.91748332977295,16.922699
22.618227848101267,114.06848101265822,150.0,21.59607881568628,61.94148634401749,100412.83249335106,1,3.8816133,8.1220255,153.88161325454712,8.1220255
22.618227848101267,114.06873417721518,150.0,21.59607881568628,61.94148634401749,100412.83249335106,1,7.7283454,19.561783,157.72834539413452,19.561783
22.618227848101267,114.06898734177214,150.0,21.59607881568628,61.94148634401749,100412.83249335106,1,8.99546,21.347431,158.9954595565796,21.347431
22.618227848101267,114.06924050632911,150.0,21.59607881568628,61.94148634401749,100412.83249335106,1,1.9713225,4.757326,151.9713225364685,4.757326
22.618227848101267,114.06949367088608,150.0,21.59607881568628,61.94148634401749,100412.83249335106,1,6.6897125,19.01692,156.68971252441406,19.01692
22.618227848101267,114.06974683544303,150.0,21.59607881568628,61.94148634401749,100412.83249335106,1,12.815737,27.809969,162.81573677062988,27.809969
22.618227848101267,114.07,150.0,21.59607881568628,61.94148634401749,100412.83249335106,1,17.633692,30.517138,167.63369178771973,30.517138
22.61848101265823,114.05,150.0,21.59607881568628,61.94148634401749,100412.83249335106,1,-0.054594442,0.46800408,149.94540555775166,0.46800408
22.61848101265823,114.05025316455696,150.0,21.59607881568628,61.94148634401749,100412.83249335106,1,0.022922104,0.40485683,150.02292210422456,0.40485683
22.61848101265823,114.05050632911392,150.0,21.59607881568628,61.94148634401749,100412.83249335106,1,-0.084091626,0.37935045,149.9159083738923,0.37935045
22.61848101265823,114.05075949367088,150.0,21.59607881568628,61.94148634401749,100412.83249335106,1,-0.08563009,0.5713129,149.91436991095543,0.5713129
22.61848101265823,114.05101265822785,150.0,21.59607881568628,61.94148634401749,100412.83249335106,1,-0.20197716,0.45380923,149.79802283644676,0.45380923
22.61848101265823,114.05126582278481,150.0,21.59607881568628,61.94148634401749,100412.83249335106,1,-0.13212447,0.5628527,149.8678755313158,0.5628527
22.61848101265823,114.05151898734177,150.0,21.59607881568628,61.94148634401749,100412.83249335106,1,0.4875563,3.3767457,150.48755630850792,3.3767457
22.61848101265823,114.05177215189873,150.0,21.59607881568628,61.94148634401749,100412.83249335106,1,-0.08562668,0.4901275,149.91437332332134,0.4901275
22.61848101265823,114.0520253164557,150.0,21.59607881568628,61.94148634401749,100412.83249335106,1,-0.032966133,0.55138415,149.96703386679292,0.55138415
22.61848101265823,114.05227848101265,150.0,21.59607881568628,61.94148634401749,100412.83249335106,1,-0.09997582,0.5604032,149.9000241830945,0.5604032
22.61848101265823,114.05253164556962,150.0,21.59607881568628,61.94148634401749,100412.83249335106,1,-0.037221342,0.49479032,149.9627786576748,0.49479032
22.61848101265823,114.05278481012658,150.0,21.59607881568628,61.94148634401749,100412.83249335106,1,0.31368664,2.2751195,150.3136866390705,2.2751195
22.61848101265823,114.05303797468355,150.0,21.59607881568628,61.94148634401749,100412.83249335106,1,0.09777522,0.4702822,150.09777522087097,0.4702822
22.61848101265823,114.0532911392405,150.0,21.59607881568628,61.94148634401749,100412.83249335106,1,0.07419652,0.697127,150.0741965174675,0.697127
22.61848101265823,114.05354430379747,150.0,21.59607881568628,61.94148634401749,100412.83249335106,1,0.017952908,0.70299846,150.01795290783048,0.70299846
22.61848101265823,114.05379746835443,150.0,21.59607881568628,61.94148634401749,100412.83249335106,1,-0.109000586,0.6153474,149.89099941402674,0.6153474
22.61848101265823,114.05405063291138,150.0,21.59607881568628,61.94148634401749,100412.83249335106,1,-0.15758514,0.5432496,149.84241485595703,0.5432496
22.61848101265823,114.05430379746835,150.0,21.59607881568628,61.94148634401749,100412.83249335106,1,0.04369225,0.45851794,150.04369224980474,0.45851794
22.61848101265823,114.05455696202532,150.0,21.59607881568628,61.94148634401749,100412.83249335106,1,-0.03578652,0.6549764,149.96421347931027,0.6549764
22.61848101265823,114.05481012658227,150.0,21.59607881568628,61.94148634401749,100412.83249335106,1,-0.11360922,0.61899346,149.8863907828927,0.61899346
22.61848101265823,114.05506329113923,150.0,21.59607881568628,61.94148634401749,100412.83249335106,1,0.0077852826,0.6897362,150.00778528256342,0.6897362
22.61848101265823,114.0553164556962,150.0,21.59607881568628,61.94148634401749,100412.83249335106,1,0.1644111,0.80372584,150.16441109776497,0.80372584
22.61848101265823,114.05556962025317,150.0,21.59607881568628,61.94148634401749,100412.83249335106,1,0.21754651,0.5786509,150.21754650771618,0.5786509
22.61848101265823,114.05582278481012,150.0,21.59607881568628,61.94148634401749,100412.83249335106,1,0.009337086,0.5042381,150.00933708623052,0.5042381
22.61848101265823,114.05607594936708,150.0,21.59607881568628,61.94148634401749,100412.83249335106,1,0.052105855,0.733124,150.05210585519671,0.733124
22.61848101265823,114.05632911392405,150.0,21.59607881568628,61.94148634401749,100412.83249335106,1,-0.050805625,0.501669,149.94919437542558,0.501669
22.61848101265823,114.056582278481,150.0,21.59607881568628,61.94148634401749,100412.83249335106,1,-0.09596856,0.5024758,149.90403144061565,0.5024758
22.61848101265823,114.05683544303797,150.0,21.59607881568628,61.94148634401749,100412.83249335106,1,0.17765509,0.4331641,150.1776550859213,0.4331641
22.61848101265823,114.05708860759493,150.0,21.59607881568628,61.94148634401749,100412.83249335106,1,0.061239067,0.60021985,150.06123906746507,0.60021985
22.61848101265823,114.0573417721519,150.0,21.59607881568628,61.94148634401749,100412.83249335106,1,-0.11624176,0.6105958,149.88375823944807,0.6105958
22.61848101265823,114.05759493670885,150.0,21.59607881568628,61.94148634401749,100412.83249335106,1,-0.030341676,0.9542671,149.96965832449496,0.9542671
22.61848101265823,114.05784810126582,150.0,21.59607881568628,61.94148634401749,100412.83249335106,1,0.046553016,0.6561608,150.04655301570892,0.6561608
22.61848101265823,114.05810126582278,150.0,21.59607881568628,61.94148634401749,100412.83249335106,1,0.04740757,0.59743863,150.04740757122636,0.59743863
22.61848101265823,114.05835443037974,150.0,21.59607881568628,61.94148634401749,100412.83249335106,1,-0.24029197,0.6278409,149.75970803201199,0.6278409
22.61848101265823,114.0586075949367,150.0,21.59607881568628,61.94148634401749,100412.83249335106,1,0.6864461,4.190404,150.68644607067108,4.190404
22.61848101265823,114.05886075949367,150.0,21.59607881568628,61.94148634401749,100412.83249335106,1,0.20404838,1.6613864,150.2040483802557,1.6613864
22.61848101265823,114.05911392405064,150.0,21.59607881568628,61.94148634401749,100412.83249335106,1,-0.04020749,0.940219,149.95979250967503,0.940219
22.61848101265823,114.05936708860759,150.0,21.59607881568628,61.94148634401749,100412.83249335106,1,-0.3129916,0.67136604,149.68700841069221,0.67136604
22.61848101265823,114.05962025316455,150.0,21.59607881568628,61.94148634401749,100412.83249335106,1,-0.21537244,0.74590737,149.78462755680084,0.74590737
22.61848101265823,114.05987341772152,150.0,21.59607881568628,61.94148634401749,100412.83249335106,1,0.5247622,2.3568473,150.52476221323013,2.3568473
22.61848101265823,114.06012658227847,150.0,21.59607881568628,61.94148634401749,100412.83249335106,1,-0.24118435,0.6068835,149.75881564617157,0.6068835
22.61848101265823,114.06037974683544,150.0,21.59607881568628,61.94148634401749,100412.83249335106,1,-0.3268884,0.92213607,149.67311158776283,0.92213607
22.61848101265823,114.0606329113924,150.0,21.59607881568628,61.94148634401749,100412.83249335106,1,0.23467176,0.48685637,150.23467175662518,0.48685637
22.61848101265823,114.06088607594936,150.0,21.59607881568628,61.94148634401749,100412.83249335106,1,-0.055452064,0.909122,149.9445479363203,0.909122
22.61848101265823,114.06113924050632,150.0,21.59607881568628,61.94148634401749,100412.83249335106,1,0.33249134,1.8308874,150.33249133825302,1.8308874
22.61848101265823,114.06139240506329,150.0,21.59607881568628,61.94148634401749,100412.83249335106,1,-0.012489085,1.7857964,149.9875109149143,1.7857964
22.61848101265823,114.06164556962025,150.0,21.59607881568628,61.94148634401749,100412.83249335106,1,0.0101026995,0.67861027,150.01010269951075,0.67861027
22.61848101265823,114.0618987341772,150.0,21.59607881568628,61.94148634401749,100412.83249335106,1,0.5852708,2.0541573,150.5852708220482,2.0541573
22.61848101265823,114.06215189873417,150.0,21.59607881568628,61.94148634401749,100412.83249335106,1,2.6826322,13.801461,152.68263220787048,13.801461
22.61848101265823,114.06240506329114,150.0,21.59607881568628,61.94148634401749,100412.83249335106,1,0.08218021,1.3547413,150.08218020945787,1.3547413
22.61848101265823,114.06265822784809,150.0,21.59607881568628,61.94148634401749,100412.83249335106,1,0.57528347,4.247207,150.57528346776962,4.247207
22.61848101265823,114.06291139240506,150.0,21.59607881568628,61.94148634401749,100412.83249335106,1,0.7976603,4.7369366,150.79766029119492,4.7369366
22.61848101265823,114.06316455696202,150.0,21.59607881568628,61.94148634401749,100412.83249335106,1,-0.11709369,2.0795243,149.8829063102603,2.0795243
22.61848101265823,114.06341772151899,150.0,21.59607881568628,61.94148634401749,100412.83249335106,1,0.17462562,0.80210584,150.17462562024593,0.80210584
22.61848101265823,114.06367088607594,150.0,21.59607881568628,61.94148634401749,100412.83249335106,1,-0.0840861,0.62357724,149.9159139022231,0.62357724
22.61848101265823,114.0639240506329,150.0,21.59607881568628,61.94148634401749,100412.83249335106,1,1.7443205,10.190597,151.74432051181793,10.190597
22.61848101265823,114.06417721518987,150.0,21.59607881568628,61.94148634401749,100412.83249335106,1,2.06262,8.2958145,152.0626199245453,8.2958145
22.61848101265823,114.06443037974682,150.0,21.59607881568628,61.94148634401749,100412.83249335106,1,1.6842308,10.038763,151.68423080444336,10.038763
22.61848101265823,114.06468354430379,150.0,21.59607881568628,61.94148634401749,100412.83249335106,1,0.028683543,1.072921,150.02868354320526,1.072921
22.61848101265823,114.06493670886076,150.0,21.59607881568628,61.94148634401749,100412.83249335106,1,4.7206893,18.647974,154.7206892967224,18.647974
22.61848101265823,114.06518987341772,150.0,21.59607881568628,61.94148634401749,100412.83249335106,1,0.7340022,4.3768015,150.73400217294693,4.3768015
22.61848101265823,114.06544303797467,150.0,21.59607881568628,61.94148634401749,100412.83249335106,1,1.3268511,5.564087,151.32685112953186,5.564087
22.61848101265823,114.06569620253164,150.0,21.59607881568628,61.94148634401749,100412.83249335106,1,2.378038,12.646518,152.3780379295349,12.646518
22.61848101265823,114.0659493670886,150.0,21.59607881568628,61.94148634401749,100412.83249335106,1,1.600955,4.9643083,151.60095500946045,4.9643083
22.61848101265823,114.06620253164556,150.0,21.59607881568628,61.94148634401749,100412.83249335106,1,7.7038064,20.91226,157.70380640029907,20.91226
22.61848101265823,114.06645569620252,150.0,21.59607881568628,61.94148634401749,100412.83249335106,1,1.4162197,4.969158,151.4162197113037,4.969158
22.61848101265823,114.06670886075949,150.0,21.59607881568628,61.94148634401749,100412.83249335106,1,2.7417529,12.677017,152.7417528629303,12.677017
22.61848101265823,114.06696202531644,150.0,21.59607881568628,61.94148634401749,100412.83249335106,1,1.9580235,5.238756,151.95802354812622,5.238756
22.61848101265823,114.06721518987341,150.0,21.59607881568628,61.94148634401749,100412.83249335106,1,2.664185,14.74971,152.66418504714966,14.74971
22.61848101265823,114.06746835443037,150.0,21.59607881568628,61.94148634401749,100412.83249335106,1,1.6806282,4.1038427,151.68062818050385,4.1038427
22.61848101265823,114.06772151898734,150.0,21.59607881568628,61.94148634401749,100412.83249335106,1,3.144467,9.622507,153.14446711540222,9.622507
22.61848101265823,114.06797468354429,150.0,21.59607881568628,61.94148634401749,100412.83249335106,1,5.781187,19.954918,155.78118705749512,19.954918
22.61848101265823,114.06822784810126,150.0,21.59607881568628,61.94148634401749,100412.83249335106,1,6.396967,13.088868,156.3969669342041,13.088868
22.61848101265823,114.06848101265822,150.0,21.59607881568628,61.94148634401749,100412.83249335106,1,7.119345,18.17919,157.11934518814087,18.17919
22.61848101265823,114.06873417721518,150.0,21.59607881568628,61.94148634401749,100412.83249335106,1,4.1553445,9.749234,154.15534448623657,9.749234
22.61848101265823,114.06898734177214,150.0,21.59607881568628,61.94148634401749,100412.83249335106,1,10.04586,24.001692,160.04586029052734,24.001692
22.61848101265823,114.06924050632911,150.0,21.59607881568628,61.94148634401749,100412.83249335106,1,9.606889,26.32731,159.60688877105713,26.32731
22.61848101265823,114.06949367088608,150.0,21.59607881568628,61.94148634401749,100412.83249335106,1,5.9374084,11.9077015,155.93740844726562,11.9077015
22.61848101265823,114.06974683544303,150.0,21.59607881568628,61.94148634401749,100412.83249335106,1,16.68732,29.097921,166.68732070922852,29.097921
22.61848101265823,114.07,150.0,21.59607881568628,61.94148634401749,100412.83249335106,1,4.705763,11.424282,154.70576286315918,11.424282
22.61873417721519,114.05,150.0,21.59607881568628,61.94148634401749,100412.83249335106,1,-0.14804865,0.6142282,149.85195134580135,0.6142282
22.61873417721519,114.05025316455696,150.0,21.59607881568628,61.94148634401749,100412.83249335106,1,-0.29783615,0.6564154,149.70216384530067,0.6564154
22.61873417721519,114.05050632911392,150.0,21.59607881568628,61.94148634401749,100412.83249335106,1,0.0059518465,0.45252228,150.0059518464841,0.45252228
22.61873417721519,114.05075949367088,150.0,21.59607881568628,61.94148634401749,100412.83249335106,1,-0.04815322,0.64816326,149.9518467783928,0.64816326
22.61873417721519,114.05101265822785,150.0,21.59607881568628,61.94148634401749,100412.83249335106,1,0.0087271035,0.4910127,150.00872710347176,0.4910127
22.61873417721519,114.05126582278481,150.0,21.59607881568628,61.94148634401749,100412.83249335106,1,-0.014956881,0.47070202,149.98504311870784,0.47070202
22.61873417721519,114.05151898734177,150.0,21.59607881568628,61.94148634401749,100412.83249335106,1,-0.20625499,0.60734475,149.79374501109123,0.60734475
22.61873417721519,114.05177215189873,150.0,21.59607881568628,61.94148634401749,100412.83249335106,1,-0.1470409,0.8065968,149.85295909643173,0.8065968
22.61873417721519,114.0520253164557,150.0,21.59607881568628,61.94148634401749,100412.83249335106,1,-0.1484504,0.7312555,149.8515495955944,0.7312555
22.61873417721519,114.05227848101265,150.0,21.59607881568628,61.94148634401749,100412.83249335106,1,-0.07311705,1.9355521,149.9268829524517,1.9355521
22.61873417721519,114.05253164556962,150.0,21.59607881568628,61.94148634401749,100412.83249335106,1,0.017907498,0.33835843,150.01790749840438,0.33835843
22.61873417721519,114.05278481012658,150.0,21.59607881568628,61.94148634401749,100412.83249335106,1,-0.25593176,0.6936638,149.74406823515892,0.6936638
22.61873417721519,114.05303797468355,150.0,21.59607881568628,61.94148634401749,100412.83249335106,1,0.06110996,0.8306485,150.0611099600792,0.8306485
22.61873417721519,114.0532911392405,150.0,21.59607881568628,61.94148634401749,100412.83249335106,1,-0.064241596,1.3666131,149.93575840443373,1.3666131
22.61873417721519,114.05354430379747,150.0,21.59607881568628,61.94148634401749,100412.83249335106,1,-0.16532157,0.7071317,149.83467842638493,0.7071317
22.61873417721519,114.05379746835443,150.0,21.59607881568628,61.94148634401749,100412.83249335106,1,-0.104425944,0.55396557,149.8955740556121,0.55396557
22.61873417721519,114.05405063291138,150.0,21.59607881568628,61.94148634401749,100412.83249335106,1,0.17013827,0.45833537,150.17013826966286,0.45833537
22.61873417721519,114.05430379746835,150.0,21.59607881568628,61.94148634401749,100412.83249335106,1,-0.10698321,0.5540793,149.8930167928338,0.5540793
22.61873417721519,114.05455696202532,150.0,21.59607881568628,61.94148634401749,100412.83249335106,1,-0.21585384,0.5926939,149.7841461598873,0.5926939
22.61873417721519,114.05481012658227,150.0,21.59607881568628,61.94148634401749,100412.83249335106,1,-0.030327693,0.6339933,149.9696723073721,0.6339933
22.61873417721519,114.05506329113923,150.0,21.59607881568628,61.94148634401749,100412.83249335106,1,0.052681092,0.68361384,150.05268109217286,0.68361384
22.61873417721519,114.0553164556962,150.0,21.59607881568628,61.94148634401749,100412.83249335106,1,0.03775227,0.7443112,150.03775227069855,0.7443112
22.61873417721519,114.05556962025317,150.0,21.59607881568628,61.94148634401749,100412.83249335106,1,0.13031273,0.49432018,150.1303127259016,0.49432018
22.61873417721519,114.05582278481012,150.0,21.59607881568628,61.94148634401749,100412.83249335106,1,0.056900676,0.6272868,150.05690067633986,0.6272868
22.61873417721519,114.05607594936708,150.0,21.59607881568628,61.94148634401749,100412.83249335106,1,0.05566518,0.63053924,150.0556651800871,0.63053924
22.61873417721519,114.05632911392405,150.0,21.59607881568628,61.94148634401749,100412.83249335106,1,-0.004960571,0.6192103,149.99503942904994,0.6192103
22.61873417721519,114.056582278481,150.0,21.59607881568628,61.94148634401749,100412.83249335106,1,-0.02156076,0.58764917,149.97843923978508,0.58764917
22.61873417721519,114.05683544303797,150.0,21.59607881568628,61.94148634401749,100412.83249335106,1,-0.023839457,0.93861765,149.97616054303944,0.93861765
22.61873417721519,114.05708860759493,150.0,21.59607881568628,61.94148634401749,100412.83249335106,1,0.13052592,1.327489,150.1305259168148,1.327489
22.61873417721519,114.0573417721519,150.0,21.59607881568628,61.94148634401749,100412.83249335106,1,-0.036526028,0.5477545,149.96347397193313,0.5477545
22.61873417721519,114.05759493670885,150.0,21.59607881568628,61.94148634401749,100412.83249335106,1,-0.23886243,0.90727663,149.76113757491112,0.90727663
22.61873417721519,114.05784810126582,150.0,21.59607881568628,61.94148634401749,100412.83249335106,1,-0.13295992,0.87351143,149.8670400828123,0.87351143
22.61873417721519,114.05810126582278,150.0,21.59607881568628,61.94148634401749,100412.83249335106,1,-0.08691966,0.52666086,149.91308034211397,0.52666086
22.61873417721519,114.05835443037974,150.0,21.59607881568628,61.94148634401749,100412.83249335106,1,-0.07486203,0.7271552,149.92513796687126,0.7271552
22.61873417721519,114.0586075949367,150.0,21.59607881568628,61.94148634401749,100412.83249335106,1,-0.33536974,0.8065754,149.6646302640438,0.8065754
22.61873417721519,114.05886075949367,150.0,21.59607881568628,61.94148634401749,100412.83249335106,1,1.5804813,6.2029014,151.58048129081726,6.2029014
22.61873417721519,114.05911392405064,150.0,21.59607881568628,61.94148634401749,100412.83249335106,1,0.11956984,1.6998392,150.11956983804703,1.6998392
22.61873417721519,114.05936708860759,150.0,21.59607881568628,61.94148634401749,100412.83249335106,1,2.9450097,12.194132,152.94500970840454,12.194132
22.61873417721519,114.05962025316455,150.0,21.59607881568628,61.94148634401749,100412.83249335106,1,-0.13490336,0.7660689,149.86509664356709,0.7660689
22.61873417721519,114.05987341772152,150.0,21.59607881568628,61.94148634401749,100412.83249335106,1,-0.20121193,0.5537433,149.7987880706787,0.5537433
22.61873417721519,114.06012658227847,150.0,21.59607881568628,61.94148634401749,100412.83249335106,1,-0.2767548,0.6683544,149.72324520349503,0.6683544
22.61873417721519,114.06037974683544,150.0,21.59607881568628,61.94148634401749,100412.83249335106,1,0.80101824,4.1814957,150.80101823806763,4.1814957
22.61873417721519,114.0606329113924,150.0,21.59607881568628,61.94148634401749,100412.83249335106,1,0.38866434,2.658396,150.38866433501244,2.658396
22.61873417721519,114.06088607594936,150.0,21.59607881568628,61.94148634401749,100412.83249335106,1,0.20451985,0.69793767,150.20451985299587,0.69793767
22.61873417721519,114.06113924050632,150.0,21.59607881568628,61.94148634401749,100412.83249335106,1,0.12635106,1.0117532,150.12635105848312,1.0117532
22.61873417721519,114.06139240506329,150.0,21.59607881568628,61.94148634401749,100412.83249335106,1,0.057575297,0.61649144,150.0575752966106,0.61649144
22.61873417721519,114.06164556962025,150.0,21.59607881568628,61.94148634401749,100412.83249335106,1,-0.0008092214,0.64256877,149.99919077858794,0.64256877
22.61873417721519,114.0618987341772,150.0,21.59607881568628,61.94148634401749,100412.83249335106,1,0.29547986,2.2154214,150.29547986388206,2.2154214
22.61873417721519,114.06215189873417,150.0,21.59607881568628,61.94148634401749,100412.83249335106,1,0.0060004066,0.5639757,150.00600040657446,0.5639757
22.61873417721519,114.06240506329114,150.0,21.59607881568628,61.94148634401749,100412.83249335106,1,0.029518275,0.9551344,150.02951827459037,0.9551344
22.61873417721519,114.06265822784809,150.0,21.59607881568628,61.94148634401749,100412.83249335106,1,-0.09839225,0.7987959,149.9016077518463,0.7987959
22.61873417721519,114.06291139240506,150.0,21.59607881568628,61.94148634401749,100412.83249335106,1,0.056734018,0.98596257,150.05673401802778,0.98596257
22.61873417721519,114.06316455696202,150.0,21.59607881568628,61.94148634401749,100412.83249335106,1,1.0888005,6.131353,151.08880054950714,6.131353
22.61873417721519,114.06341772151899,150.0,21.59607881568628,61.94148634401749,100412.83249335106,1,2.971296,15.815262,152.97129607200623,15.815262
22.61873417721519,114.06367088607594,150.0,21.59607881568628,61.94148634401749,100412.83249335106,1,-0.20268402,0.7841668,149.79731598496437,0.7841668
22.61873417721519,114.0639240506329,150.0,21.59607881568628,61.94148634401749,100412.83249335106,1,-0.43594372,1.0440748,149.56405627727509,1.0440748
22.61873417721519,114.06417721518987,150.0,21.59607881568628,61.94148634401749,100412.83249335106,1,1.564092,6.41132,151.56409204006195,6.41132
22.61873417721519,114.06443037974682,150.0,21.59607881568628,61.94148634401749,100412.83249335106,1,0.7710231,4.095991,150.77102309465408,4.095991
22.61873417721519,114.06468354430379,150.0,21.59607881568628,61.94148634401749,100412.83249335106,1,4.2622967,14.442555,154.26229667663574,14.442555
22.61873417721519,114.06493670886076,150.0,21.59607881568628,61.94148634401749,100412.83249335106,1,1.5703831,5.28513,151.5703830718994,5.28513
22.61873417721519,114.06518987341772,150.0,21.59607881568628,61.94148634401749,100412.83249335106,1,3.8463862,17.307777,153.84638619422913,17.307777
22.61873417721519,114.06544303797467,150.0,21.59607881568628,61.94148634401749,100412.83249335106,1,1.4838753,3.9495788,151.4838752746582,3.9495788
22.61873417721519,114.06569620253164,150.0,21.59607881568628,61.94148634401749,100412.83249335106,1,0.4878511,1.4557003,150.48785111308098,1.4557003
22.61873417721519,114.0659493670886,150.0,21.59607881568628,61.94148634401749,100412.83249335106,1,0.60789126,1.1498064,150.6078912615776,1.1498064
22.61873417721519,114.06620253164556,150.0,21.59607881568628,61.94148634401749,100412.83249335106,1,0.50333005,2.3983133,150.50333005189896,2.3983133
22.61873417721519,114.06645569620252,150.0,21.59607881568628,61.94148634401749,100412.83249335106,1,0.69548887,1.139064,150.6954888701439,1.139064
22.61873417721519,114.06670886075949,150.0,21.59607881568628,61.94148634401749,100412.83249335106,1,6.2097144,16.471437,156.2097144126892,16.471437
22.61873417721519,114.06696202531644,150.0,21.59607881568628,61.94148634401749,100412.83249335106,1,2.0521429,5.225156,152.05214285850525,5.225156
22.61873417721519,114.06721518987341,150.0,21.59607881568628,61.94148634401749,100412.83249335106,1,4.566625,11.321703,154.56662511825562,11.321703
22.61873417721519,114.06746835443037,150.0,21.59607881568628,61.94148634401749,100412.83249335106,1,5.9613237,17.296095,155.96132373809814,17.296095
22.61873417721519,114.06772151898734,150.0,21.59607881568628,61.94148634401749,100412.83249335106,1,0.8390785,2.2077606,150.83907848596573,2.2077606
22.61873417721519,114.06797468354429,150.0,21.59607881568628,61.94148634401749,100412.83249335106,1,2.0263166,4.101748,152.02631664276123,4.101748
22.61873417721519,114.06822784810126,150.0,21.59607881568628,61.94148634401749,100412.83249335106,1,4.498269,16.552076,154.49826908111572,16.552076
22.61873417721519,114.06848101265822,150.0,21.59607881568628,61.94148634401749,100412.83249335106,1,10.933695,27.311481,160.93369483947754,27.311481
22.61873417721519,114.06873417721518,150.0,21.59607881568628,61.94148634401749,100412.83249335106,1,6.0811996,22.004921,156.0811996459961,22.004921
22.61873417721519,114.06898734177214,150.0,21.59607881568628,61.94148634401749,100412.83249335106,1,8.743089,21.178827,158.743088722229,21.178827
22.61873417721519,114.06924050632911,150.0,21.59607881568628,61.94148634401749,100412.83249335106,1,7.494819,18.278238,157.49481916427612,18.278238
22.61873417721519,114.06949367088608,150.0,21.59607881568628,61.94148634401749,100412.83249335106,1,5.758869,16.317045,155.75886917114258,16.317045
22.61873417721519,114.06974683544303,150.0,21.59607881568628,61.94148634401749,100412.83249335106,1,7.1457853,19.57441,157.14578533172607,19.57441
22.61873417721519,114.07,150.0,21.59607881568628,61.94148634401749,100412.83249335106,1,6.2165937,14.498854,156.2165937423706,14.498854
22.618987341772154,114.05,150.0,21.59607881568628,61.94148634401749,100412.83249335106,1,-0.007745924,0.5003615,149.9922540760599,0.5003615
22.618987341772154,114.05025316455696,150.0,21.59607881568628,61.94148634401749,100412.83249335106,1,-0.03216023,0.57019013,149.96783977001905,0.57019013
22.618987341772154,114.05050632911392,150.0,21.59607881568628,61.94148634401749,100412.83249335106,1,-0.15166005,0.603822,149.8483399450779,0.603822
22.618987341772154,114.05075949367088,150.0,21.59607881568628,61.94148634401749,100412.83249335106,1,-0.16451524,0.5889271,149.83548475801945,0.5889271
22.618987341772154,114.05101265822785,150.0,21.59607881568628,61.94148634401749,100412.83249335106,1,-0.1153291,0.7633111,149.8846708983183,0.7633111
22.618987341772154,114.05126582278481,150.0,21.59607881568628,61.94148634401749,100412.83249335106,1,-0.232802,0.534149,149.76719799637794,0.534149
22.618987341772154,114.05151898734177,150.0,21.59607881568628,61.94148634401749,100412.83249335106,1,-0.05294671,0.72897726,149.94705329090357,0.72897726
22.618987341772154,114.05177215189873,150.0,21.59607881568628,61.94148634401749,100412.83249335106,1,0.09815152,0.69313604,150.0981515198946,0.69313604
22.618987341772154,114.0520253164557,150.0,21.59607881568628,61.94148634401749,100412.83249335106,1,-0.13207562,0.7386849,149.8679243773222,0.7386849
22.618987341772154,114.05227848101265,150.0,21.59607881568628,61.94148634401749,100412.83249335106,1,-0.031973407,0.6906609,149.96802659332752,0.6906609
22.618987341772154,114.05253164556962,150.0,21.59607881568628,61.94148634401749,100412.83249335106,1,0.1285443,0.53456813,150.1285443007946,0.53456813
22.618987341772154,114.05278481012658,150.0,21.59607881568628,61.94148634401749,100412.83249335106,1,-0.08006961,0.70691687,149.91993039101362,0.70691687
22.618987341772154,114.05303797468355,150.0,21.59607881568628,61.94148634401749,100412.83249335106,1,0.12744421,0.4574099,150.1274442076683,0.4574099
22.618987341772154,114.0532911392405,150.0,21.59607881568628,61.94148634401749,100412.83249335106,1,-0.086066686,0.58686477,149.91393331438303,0.58686477
22.618987341772154,114.05354430379747,150.0,21.59607881568628,61.94148634401749,100412.83249335106,1,-0.079173885,0.5207284,149.92082611471415,0.5207284
22.618987341772154,114.05379746835443,150.0,21.59607881568628,61.94148634401749,100412.83249335106,1,-0.059372336,0.7665489,149.94062766432762,0.7665489
22.618987341772154,114.05405063291138,150.0,21.59607881568628,61.94148634401749,100412.83249335106,1,-0.120827265,0.9126425,149.8791727349162,0.9126425
22.618987341772154,114.05430379746835,150.0,21.59607881568628,61.94148634401749,100412.83249335106,1,-0.04760708,0.66760176,149.9523929208517,0.66760176
22.618987341772154,114.05455696202532,150.0,21.59607881568628,61.94148634401749,100412.83249335106,1,-0.0068918853,0.5442454,149.9931081146933,0.5442454
22.618987341772154,114.05481012658227,150.0,21.59607881568628,61.94148634401749,100412.83249335106,1,-0.110805415,0.8176135,149.88919458538294,0.8176135
22.618987341772154,114.05506329113923,150.0,21.59607881568628,61.94148634401749,100412.83249335106,1,0.027747335,0.7124659,150.02774733491242,0.7124659
22.618987341772154,114.0553164556962,150.0,21.59607881568628,61.94148634401749,100412.83249335106,1,-0.08046912,0.6114173,149.91953088343143,0.6114173
22.618987341772154,114.05556962025317,150.0,21.59607881568628,61.94148634401749,100412.83249335106,1,-0.17163225,0.77986443,149.828367754817,0.77986443
22.618987341772154,114.05582278481012,150.0,21.59607881568628,61.94148634401749,100412.83249335106,1,0.6871374,3.4058554,150.68713742494583,3.4058554
22.618987341772154,114.05607594936708,150.0,21.59607881568628,61.94148634401749,100412.83249335106,1,0.038910057,0.6294124,150.0389100573957,0.6294124
22.618987341772154,114.05632911392405,150.0,21.59607881568628,61.94148634401749,100412.83249335106,1,-0.05050547,0.6343501,149.9494945295155,0.6343501
22.618987341772154,114.056582278481,150.0,21.59607881568628,61.94148634401749,100412.83249335106,1,-0.023995854,0.74144435,149.9760041460395,0.74144435
22.618987341772154,114.05683544303797,150.0,21.59607881568628,61.94148634401749,100412.83249335106,1,-0.10604979,0.99722725,149.89395020902157,0.99722725
22.618987341772154,114.05708860759493,150.0,21.59607881568628,61.94148634401749,100412.83249335106,1,-0.22229472,0.55021423,149.77770528197289,0.55021423
22.618987341772154,114.0573417721519,150.0,21.59607881568628,61.94148634401749,100412.83249335106,1,-0.044813592,0.6803203,149.9551864080131,0.6803203
22.618987341772154,114.05759493670885,150.0,21.59607881568628,61.94148634401749,100412.83249335106,1,0.0937449,0.7980559,150.0937448963523,0.7980559
22.618987341772154,114.05784810126582,150.0,21.59607881568628,61.94148634401749,100412.83249335106,1,-0.13685255,0.7651028,149.86314745247364,0.7651028
22.618987341772154,114.05810126582278,150.0,21.59607881568628,61.94148634401749,100412.83249335106,1,-0.0979207,0.8225872,149.9020792990923,0.8225872
22.618987341772154,114.05835443037974,150.0,21.59607881568628,61.94148634401749,100412.83249335106,1,-0.32673633,0.9757966,149.67326366901398,0.9757966
22.618987341772154,114.0586075949367,150.0,21.59607881568628,61.94148634401749,100412.83249335106,1,0.004511305,0.4800915,150.00451130513102,0.4800915
22.618987341772154,114.05886075949367,150.0,21.59607881568628,61.94148634401749,100412.83249335106,1,0.25324374,0.5681375,150.25324374437332,0.5681375
22.618987341772154,114.05911392405064,150.0,21.59607881568628,61.94148634401749,100412.83249335106,1,1.7978086,8.840209,151.79780864715576,8.840209
22.618987341772154,114.05936708860759,150.0,21.59607881568628,61.94148634401749,100412.83249335106,1,-0.42596546,0.8232775,149.57403454184532,0.8232775
22.618987341772154,114.05962025316455,150.0,21.59607881568628,61.94148634401749,100412.83249335106,1,0.49170622,3.0602772,150.49170622229576,3.0602772
22.618987341772154,114.05987341772152,150.0,21.59607881568628,61.94148634401749,100412.83249335106,1,-0.17691234,0.7946296,149.82308766245842,0.7946296
22.618987341772154,114.06012658227847,150.0,21.59607881568628,61.94148634401749,100412.83249335106,1,0.041102197,0.5588098,150.04110219702125,0.5588098
22.618987341772154,114.06037974683544,150.0,21.59607881568628,61.94148634401749,100412.83249335106,1,-0.02057728,0.5487004,149.97942272014916,0.5487004
22.618987341772154,114.0606329113924,150.0,21.59607881568628,61.94148634401749,100412.83249335106,1,0.028364878,0.7507209,150.02836487814784,0.7507209
22.618987341772154,114.06088607594936,150.0,21.59607881568628,61.94148634401749,100412.83249335106,1,-0.13416502,0.8123182,149.86583498120308,0.8123182
22.618987341772154,114.06113924050632,150.0,21.59607881568628,61.94148634401749,100412.83249335106,1,1.4054931,8.901245,151.40549314022064,8.901245
22.618987341772154,114.06139240506329,150.0,21.59607881568628,61.94148634401749,100412.83249335106,1,0.14900194,3.1892738,150.14900194108486,3.1892738
22.618987341772154,114.06164556962025,150.0,21.59607881568628,61.94148634401749,100412.83249335106,1,0.005694635,0.87899256,150.00569463521242,0.87899256
22.618987341772154,114.0618987341772,150.0,21.59607881568628,61.94148634401749,100412.83249335106,1,-0.16422698,0.8133438,149.83577302098274,0.8133438
22.618987341772154,114.06215189873417,150.0,21.59607881568628,61.94148634401749,100412.83249335106,1,0.15158671,1.0538627,150.1515867114067,1.0538627
22.618987341772154,114.06240506329114,150.0,21.59607881568628,61.94148634401749,100412.83249335106,1,-0.16123973,0.772589,149.83876027166843,0.772589
22.618987341772154,114.06265822784809,150.0,21.59607881568628,61.94148634401749,100412.83249335106,1,0.055340964,0.73824906,150.05534096434712,0.73824906
22.618987341772154,114.06291139240506,150.0,21.59607881568628,61.94148634401749,100412.83249335106,1,0.19451794,0.65243334,150.19451794028282,0.65243334
22.618987341772154,114.06316455696202,150.0,21.59607881568628,61.94148634401749,100412.83249335106,1,2.6362817,15.550626,152.6362817287445,15.550626
22.618987341772154,114.06341772151899,150.0,21.59607881568628,61.94148634401749,100412.83249335106,1,0.14765505,0.5411897,150.14765505492687,0.5411897
22.618987341772154,114.06367088607594,150.0,21.59607881568628,61.94148634401749,100412.83249335106,1,-0.17103224,1.0021644,149.82896776497364,1.0021644
22.618987341772154,114.0639240506329,150.0,21.59607881568628,61.94148634401749,100412.83249335106,1,0.01730294,1.4790555,150.0173029396683,1.4790555
22.618987341772154,114.06417721518987,150.0,21.59607881568628,61.94148634401749,100412.83249335106,1,1.7085018,5.162353,151.7085018157959,5.162353
22.618987341772154,114.06443037974682,150.0,21.59607881568628,61.94148634401749,100412.83249335106,1,2.0610826,8.825013,152.06108260154724,8.825013
22.618987341772154,114.06468354430379,150.0,21.59607881568628,61.94148634401749,100412.83249335106,1,0.030225014,0.7439717,150.03022501431406,0.7439717
22.618987341772154,114.06493670886076,150.0,21.59607881568628,61.94148634401749,100412.83249335106,1,2.1111324,11.62688,152.11113238334656,11.62688
22.618987341772154,114.06518987341772,150.0,21.59607881568628,61.94148634401749,100412.83249335106,1,3.464818,13.828917,153.46481800079346,13.828917
22.618987341772154,114.06544303797467,150.0,21.59607881568628,61.94148634401749,100412.83249335106,1,0.15403183,1.5366685,150.15403182804585,1.5366685
22.618987341772154,114.06569620253164,150.0,21.59607881568628,61.94148634401749,100412.83249335106,1,0.4440729,0.99479455,150.4440729022026,0.99479455
22.618987341772154,114.0659493670886,150.0,21.59607881568628,61.94148634401749,100412.83249335106,1,5.1688957,13.401926,155.16889572143555,13.401926
22.618987341772154,114.06620253164556,150.0,21.59607881568628,61.94148634401749,100412.83249335106,1,1.5774826,6.7663474,151.5774825811386,6.7663474
22.618987341772154,114.06645569620252,150.0,21.59607881568628,61.94148634401749,100412.83249335106,1,2.552811,8.648606,152.5528109073639,8.648606
22.618987341772154,114.06670886075949,150.0,21.59607881568628,61.94148634401749,100412.83249335106,1,7.087576,13.625271,157.0875759124756,13.625271
22.618987341772154,114.06696202531644,150.0,21.59607881568628,61.94148634401749,100412.83249335106,1,8.316259,24.076525,158.31625938415527,24.076525
22.618987341772154,114.06721518987341,150.0,21.59607881568628,61.94148634401749,100412.83249335106,1,5.1130757,14.430983,155.11307573318481,14.430983
22.618987341772154,114.06746835443037,150.0,21.59607881568628,61.94148634401749,100412.83249335106,1,5.530215,16.210623,155.53021478652954,16.210623
22.618987341772154,114.06772151898734,150.0,21.59607881568628,61.94148634401749,100412.83249335106,1,4.2822933,12.978963,154.28229331970215,12.978963
22.618987341772154,114.06797468354429,150.0,21.59607881568628,61.94148634401749,100412.83249335106,1,6.756567,21.258602,156.75656700134277,21.258602
22.618987341772154,114.06822784810126,150.0,21.59607881568628,61.94148634401749,100412.83249335106,1,9.2469845,19.43777,159.24698448181152,19.43777
22.618987341772154,114.06848101265822,150.0,21.59607881568628,61.94148634401749,100412.83249335106,1,6.7404037,18.195744,156.74040365219116,18.195744
22.618987341772154,114.06873417721518,150.0,21.59607881568628,61.94148634401749,100412.83249335106,1,3.392343,12.259673,153.392343044281,12.259673
22.618987341772154,114.06898734177214,150.0,21.59607881568628,61.94148634401749,100412.83249335106,1,5.940817,18.637789,155.94081687927246,18.637789
22.618987341772154,114.06924050632911,150.0,21.59607881568628,61.94148634401749,100412.83249335106,1,9.676523,19.377506,159.67652320861816,19.377506
22.618987341772154,114.06949367088608,150.0,21.59607881568628,61.94148634401749,100412.83249335106,1,1.749066,4.2339745,151.74906599521637,4.2339745
22.618987341772154,114.06974683544303,150.0,21.59607881568628,61.94148634401749,100412.83249335106,1,3.6017432,7.570316,153.60174322128296,7.570316
22.618987341772154,114.07,150.0,21.59607881568628,61.94148634401749,100412.83249335106,1,9.537054,18.95257,159.53705406188965,18.95257
22.619240506329113,114.05,150.0,21.59607881568628,61.94148634401749,100412.83249335106,1,0.02160184,0.45368686,150.0216018408537,0.45368686
22.619240506329113,114.05025316455696,150.0,21.59607881568628,61.94148634401749,100412.83249335106,1,-0.08355032,0.5743211,149.91644968092442,0.5743211
22.619240506329113,114.05050632911392,150.0,21.59607881568628,61.94148634401749,100412.83249335106,1,-0.15694208,0.7020972,149.84305791556835,0.7020972
22.619240506329113,114.05075949367088,150.0,21.59607881568628,61.94148634401749,100412.83249335106,1,-0.15982594,0.6367602,149.84017406404018,0.6367602
22.619240506329113,114.05101265822785,150.0,21.59607881568628,61.94148634401749,100412.83249335106,1,0.02903159,0.35469007,150.02903158962727,0.35469007
22.619240506329113,114.05126582278481,150.0,21.59607881568628,61.94148634401749,100412.83249335106,1,-0.1293469,0.6033447,149.87065309286118,0.6033447
22.619240506329113,114.05151898734177,150.0,21.59607881568628,61.94148634401749,100412.83249335106,1,0.030155266,0.628469,150.0301552657038,0.628469
22.619240506329113,114.05177215189873,150.0,21.59607881568628,61.94148634401749,100412.83249335106,1,-0.05914968,0.49392572,149.94085032120347,0.49392572
22.619240506329113,114.0520253164557,150.0,21.59607881568628,61.94148634401749,100412.83249335106,1,0.14129734,0.4368092,150.14129734039307,0.4368092
22.619240506329113,114.05227848101265,150.0,21.59607881568628,61.94148634401749,100412.83249335106,1,-0.028527405,0.53270966,149.97147259488702,0.53270966
22.619240506329113,114.05253164556962,150.0,21.59607881568628,61.94148634401749,100412.83249335106,1,-0.05399486,0.56383145,149.9460051394999,0.56383145
22.619240506329113,114.05278481012658,150.0,21.59607881568628,61.94148634401749,100412.83249335106,1,-0.12676188,0.5841849,149.87323811650276,0.5841849
22.619240506329113,114.05303797468355,150.0,21.59607881568628,61.94148634401749,100412.83249335106,1,0.3589112,2.3730314,150.35891118645668,2.3730314
22.619240506329113,114.0532911392405,150.0,21.59607881568628,61.94148634401749,100412.83249335106,1,0.024202662,0.6326826,150.0242026615888,0.6326826
22.619240506329113,114.05354430379747,150.0,21.59607881568628,61.94148634401749,100412.83249335106,1,0.09001294,0.46877286,150.0900129377842,0.46877286
22.619240506329113,114.05379746835443,150.0,21.59607881568628,61.94148634401749,100412.83249335106,1,-0.04014862,0.6190956,149.9598513804376,0.6190956
22.619240506329113,114.05405063291138,150.0,21.59607881568628,61.94148634401749,100412.83249335106,1,-0.027342783,0.5143774,149.97265721671283,0.5143774
22.619240506329113,114.05430379746835,150.0,21.59607881568628,61.94148634401749,100412.83249335106,1,-0.024634967,0.6424492,149.97536503337324,0.6424492
22.619240506329113,114.05455696202532,150.0,21.59607881568628,61.94148634401749,100412.83249335106,1,0.069433145,0.5379904,150.06943314522505,0.5379904
22.619240506329113,114.05481012658227,150.0,21.59607881568628,61.94148634401749,100412.83249335106,1,-0.16886827,0.5678699,149.83113172650337,0.5678699
22.619240506329113,114.05506329113923,150.0,21.59607881568628,61.94148634401749,100412.83249335106,1,-0.01716461,0.61058825,149.9828353896737,0.61058825
22.619240506329113,114.0553164556962,150.0,21.59607881568628,61.94148634401749,100412.83249335106,1,-0.17748517,0.63677996,149.8225148320198,0.63677996
22.619240506329113,114.05556962025317,150.0,21.59607881568628,61.94148634401749,100412.83249335106,1,0.004865199,0.72146684,150.0048651988618,0.72146684
22.619240506329113,114.05582278481012,150.0,21.59607881568628,61.94148634401749,100412.83249335106,1,-0.06342515,0.38523498,149.93657484650612,0.38523498
22.619240506329113,114.05607594936708,150.0,21.59607881568628,61.94148634401749,100412.83249335106,1,0.6807202,3.351192,150.68072021007538,3.351192
22.619240506329113,114.05632911392405,150.0,21.59607881568628,61.94148634401749,100412.83249335106,1,0.05027897,0.7212169,150.05027896910906,0.7212169
22.619240506329113,114.056582278481,150.0,21.59607881568628,61.94148634401749,100412.83249335106,1,-0.067703106,0.75422686,149.93229689449072,0.75422686
22.619240506329113,114.05683544303797,150.0,21.59607881568628,61.94148634401749,100412.83249335106,1,0.060468134,0.7414734,150.06046813353896,0.7414734
22.619240506329113,114.05708860759493,150.0,21.59607881568628,61.94148634401749,100412.83249335106,1,0.5509395,3.4390895,150.55093950033188,3.4390895
22.619240506329113,114.0573417721519,150.0,21.59607881568628,61.94148634401749,100412.83249335106,1,0.18262975,1.1715872,150.1826297491789,1.1715872
22.619240506329113,114.05759493670885,150.0,21.59607881568628,61.94148634401749,100412.83249335106,1,0.018570242,0.8209463,150.01857024244964,0.8209463
22.619240506329113,114.05784810126582,150.0,21.59607881568628,61.94148634401749,100412.83249335106,1,-0.009800632,0.5915987,149.99019936844707,0.5915987
22.619240506329113,114.05810126582278,150.0,21.59607881568628,61.94148634401749,100412.83249335106,1,-0.16825223,0.7460206,149.83174777030945,0.7460206
22.619240506329113,114.05835443037974,150.0,21.59607881568628,61.94148634401749,100412.83249335106,1,-0.22507933,1.0922071,149.77492067217827,1.0922071
22.619240506329113,114.0586075949367,150.0,21.59607881568628,61.94148634401749,100412.83249335106,1,1.391131,6.7458405,151.39113104343414,6.7458405
22.619240506329113,114.05886075949367,150.0,21.59607881568628,61.94148634401749,100412.83249335106,1,1.376352,7.2977643,151.3763519525528,7.2977643
22.619240506329113,114.05911392405064,150.0,21.59607881568628,61.94148634401749,100412.83249335106,1,-0.121827915,0.7499153,149.87817208468914,0.7499153
22.619240506329113,114.05936708860759,150.0,21.59607881568628,61.94148634401749,100412.83249335106,1,0.4348207,1.9497151,150.4348207116127,1.9497151
22.619240506329113,114.05962025316455,150.0,21.59607881568628,61.94148634401749,100412.83249335106,1,0.12736239,1.1332548,150.1273623853922,1.1332548
22.619240506329113,114.05987341772152,150.0,21.59607881568628,61.94148634401749,100412.83249335106,1,0.29747066,0.6198488,150.29747065901756,0.6198488
22.619240506329113,114.06012658227847,150.0,21.59607881568628,61.94148634401749,100412.83249335106,1,0.1007637,0.78920376,150.10076370090246,0.78920376
22.619240506329113,114.06037974683544,150.0,21.59607881568628,61.94148634401749,100412.83249335106,1,0.091749884,0.5847729,150.09174988418818,0.5847729
22.619240506329113,114.0606329113924,150.0,21.59607881568628,61.94148634401749,100412.83249335106,1,-0.07019071,0.66661096,149.92980928719044,0.66661096
22.619240506329113,114.06088607594936,150.0,21.59607881568628,61.94148634401749,100412.83249335106,1,-0.015777526,0.8668124,149.98422247357666,0.8668124
22.619240506329113,114.06113924050632,150.0,21.59607881568628,61.94148634401749,100412.83249335106,1,0.0336584,0.8880877,150.03365840017796,0.8880877
22.619240506329113,114.06139240506329,150.0,21.59607881568628,61.94148634401749,100412.83249335106,1,0.35322335,0.7013422,150.35322335362434,0.7013422
22.619240506329113,114.06164556962025,150.0,21.59607881568628,61.94148634401749,100412.83249335106,1,0.2867485,1.3362617,150.2867484986782,1.3362617
22.619240506329113,114.0618987341772,150.0,21.59607881568628,61.94148634401749,100412.83249335106,1,0.4555276,3.6108336,150.45552760362625,3.6108336
22.619240506329113,114.06215189873417,150.0,21.59607881568628,61.94148634401749,100412.83249335106,1,-0.09515403,0.7428378,149.90484596788883,0.7428378
22.619240506329113,114.06240506329114,150.0,21.59607881568628,61.94148634401749,100412.83249335106,1,1.1451088,6.6792994,151.14510881900787,6.6792994
22.619240506329113,114.06265822784809,150.0,21.59607881568628,61.94148634401749,100412.83249335106,1,0.022428133,1.1039149,150.02242813259363,1.1039149
22.619240506329113,114.06291139240506,150.0,21.59607881568628,61.94148634401749,100412.83249335106,1,0.9901973,4.987959,150.99019730091095,4.987959
22.619240506329113,114.06316455696202,150.0,21.59607881568628,61.94148634401749,100412.83249335106,1,0.51365995,2.2299838,150.51365995407104,2.2299838
22.619240506329113,114.06341772151899,150.0,21.59607881568628,61.94148634401749,100412.83249335106,1,0.17997377,0.72739744,150.1799737662077,0.72739744
22.619240506329113,114.06367088607594,150.0,21.59607881568628,61.94148634401749,100412.83249335106,1,2.6053224,14.41087,152.60532236099243,14.41087
22.619240506329113,114.0639240506329,150.0,21.59607881568628,61.94148634401749,100412.83249335106,1,1.8811343,8.594681,151.8811342716217,8.594681
22.619240506329113,114.06417721518987,150.0,21.59607881568628,61.94148634401749,100412.83249335106,1,0.5363133,1.4206988,150.53631329536438,1.4206988
22.619240506329113,114.06443037974682,150.0,21.59607881568628,61.94148634401749,100412.83249335106,1,4.667192,17.305471,154.6671919822693,17.305471
22.619240506329113,114.06468354430379,150.0,21.59607881568628,61.94148634401749,100412.83249335106,1,2.0882494,10.046906,152.08824944496155,10.046906
22.619240506329113,114.06493670886076,150.0,21.59607881568628,61.94148634401749,100412.83249335106,1,1.9033456,9.54368,151.90334558486938,9.54368
22.619240506329113,114.06518987341772,150.0,21.59607881568628,61.94148634401749,100412.83249335106,1,6.0079045,14.689769,156.00790452957153,14.689769
22.619240506329113,114.06544303797467,150.0,21.59607881568628,61.94148634401749,100412.83249335106,1,1.6749494,10.77106,151.67494940757751,10.77106
22.619240506329113,114.06569620253164,150.0,21.59607881568628,61.94148634401749,100412.83249335106,1,4.5255537,13.102858,154.5255537033081,13.102858
22.619240506329113,114.0659493670886,150.0,21.59607881568628,61.94148634401749,100412.83249335106,1,4.258684,12.228357,154.2586841583252,12.228357
22.619240506329113,114.06620253164556,150.0,21.59607881568628,61.94148634401749,100412.83249335106,1,2.7824175,7.977827,152.78241753578186,7.977827
22.619240506329113,114.06645569620252,150.0,21.59607881568628,61.94148634401749,100412.83249335106,1,1.5840588,5.598195,151.58405876159668,5.598195
22.619240506329113,114.06670886075949,150.0,21.59607881568628,61.94148634401749,100412.83249335106,1,3.9793062,12.803056,153.9793062210083,12.803056
22.619240506329113,114.06696202531644,150.0,21.59607881568628,61.94148634401749,100412.83249335106,1,5.011449,11.101603,155.01144886016846,11.101603
22.619240506329113,114.06721518987341,150.0,21.59607881568628,61.94148634401749,100412.83249335106,1,4.2701864,15.851963,154.27018642425537,15.851963
22.619240506329113,114.06746835443037,150.0,21.59607881568628,61.94148634401749,100412.83249335106,1,0.77409476,1.360241,150.77409476041794,1.360241
22.619240506329113,114.06772151898734,150.0,21.59607881568628,61.94148634401749,100412.83249335106,1,4.9768844,16.878939,154.9768843650818,16.878939
22.619240506329113,114.06797468354429,150.0,21.59607881568628,61.94148634401749,100412.83249335106,1,7.535171,19.409374,157.5351710319519,19.409374
22.619240506329113,114.06822784810126,150.0,21.59607881568628,61.94148634401749,100412.83249335106,1,0.6732662,1.7449379,150.67326617240906,1.7449379
22.619240506329113,114.06848101265822,150.0,21.59607881568628,61.94148634401749,100412.83249335106,1,3.7892873,12.682478,153.7892873287201,12.682478
22.619240506329113,114.06873417721518,150.0,21.59607881568628,61.94148634401749,100412.83249335106,1,3.9027836,8.477315,153.90278363227844,8.477315
22.619240506329113,114.06898734177214,150.0,21.59607881568628,61.94148634401749,100412.83249335106,1,2.47774,9.893125,152.47774004936218,9.893125
22.619240506329113,114.06924050632911,150.0,21.59607881568628,61.94148634401749,100412.83249335106,1,4.509827,14.848382,154.5098271369934,14.848382
22.619240506329113,114.06949367088608,150.0,21.59607881568628,61.94148634401749,100412.83249335106,1,3.105525,6.6683292,153.10552501678467,6.6683292
22.619240506329113,114.06974683544303,150.0,21.59607881568628,61.94148634401749,100412.83249335106,1,8.825671,22.465677,158.8256711959839,22.465677
22.619240506329113,114.07,150.0,21.59607881568628,61.94148634401749,100412.83249335106,1,8.116049,19.579102,158.1160488128662,19.579102
22.619493670886076,114.05,150.0,21.59607881568628,61.94148634401749,100412.83249335106,1,-0.07317132,0.659409,149.92682868242264,0.659409
22.619493670886076,114.05025316455696,150.0,21.59607881568628,61.94148634401749,100412.83249335106,1,-0.03322581,0.45757848,149.96677419170737,0.45757848
22.619493670886076,114.05050632911392,150.0,21.59607881568628,61.94148634401749,100412.83249335106,1,0.20376024,0.5908128,150.2037602365017,0.5908128
22.619493670886076,114.05075949367088,150.0,21.59607881568628,61.94148634401749,100412.83249335106,1,-0.031631418,0.7052734,149.9683685824275,0.7052734
22.619493670886076,114.05101265822785,150.0,21.59607881568628,61.94148634401749,100412.83249335106,1,-0.014210149,0.4536617,149.98578985128552,0.4536617
22.619493670886076,114.05126582278481,150.0,21.59607881568628,61.94148634401749,100412.83249335106,1,-0.00015881845,0.47566774,149.9998411815468,0.47566774
22.619493670886076,114.05151898734177,150.0,21.59607881568628,61.94148634401749,100412.83249335106,1,0.75409424,4.0889297,150.75409424304962,4.0889297
22.619493670886076,114.05177215189873,150.0,21.59607881568628,61.94148634401749,100412.83249335106,1,0.045723762,0.6272255,150.0457237623632,0.6272255
22.619493670886076,114.0520253164557,150.0,21.59607881568628,61.94148634401749,100412.83249335106,1,-0.028721664,0.61009187,149.97127833589911,0.61009187
22.619493670886076,114.05227848101265,150.0,21.59607881568628,61.94148634401749,100412.83249335106,1,0.7351421,5.5214953,150.73514211177826,5.5214953
22.619493670886076,114.05253164556962,150.0,21.59607881568628,61.94148634401749,100412.83249335106,1,-0.08283577,0.5381489,149.91716422885656,0.5381489
22.619493670886076,114.05278481012658,150.0,21.59607881568628,61.94148634401749,100412.83249335106,1,0.044667453,0.57539237,150.04466745257378,0.57539237
22.619493670886076,114.05303797468355,150.0,21.59607881568628,61.94148634401749,100412.83249335106,1,-0.022554632,0.6599267,149.9774453677237,0.6599267
22.619493670886076,114.0532911392405,150.0,21.59607881568628,61.94148634401749,100412.83249335106,1,-0.15315337,0.5170979,149.84684662520885,0.5170979
22.619493670886076,114.05354430379747,150.0,21.59607881568628,61.94148634401749,100412.83249335106,1,0.0970044,0.41816238,150.09700439870358,0.41816238
22.619493670886076,114.05379746835443,150.0,21.59607881568628,61.94148634401749,100412.83249335106,1,0.02533729,0.68996596,150.0253372900188,0.68996596
22.619493670886076,114.05405063291138,150.0,21.59607881568628,61.94148634401749,100412.83249335106,1,0.087982565,0.46398646,150.08798256516457,0.46398646
22.619493670886076,114.05430379746835,150.0,21.59607881568628,61.94148634401749,100412.83249335106,1,-0.17407447,0.6204333,149.82592552900314,0.6204333
22.619493670886076,114.05455696202532,150.0,21.59607881568628,61.94148634401749,100412.83249335106,1,-0.08046391,0.8005485,149.91953609138727,0.8005485
22.619493670886076,114.05481012658227,150.0,21.59607881568628,61.94148634401749,100412.83249335106,1,-0.08144371,0.6146265,149.9185562878847,0.6146265
22.619493670886076,114.05506329113923,150.0,21.59607881568628,61.94148634401749,100412.83249335106,1,-0.09971997,0.5859836,149.90028002858162,0.5859836
22.619493670886076,114.0553164556962,150.0,21.59607881568628,61.94148634401749,100412.83249335106,1,0.06245199,0.9084212,150.06245198845863,0.9084212
22.619493670886076,114.05556962025317,150.0,21.59607881568628,61.94148634401749,100412.83249335106,1,0.10687318,0.74640346,150.10687317699194,0.74640346
22.619493670886076,114.05582278481012,150.0,21.59607881568628,61.94148634401749,100412.83249335106,1,0.1818337,0.7898094,150.1818336993456,0.7898094
22.619493670886076,114.05607594936708,150.0,21.59607881568628,61.94148634401749,100412.83249335106,1,-0.052042346,0.64819795,149.9479576535523,0.64819795
22.619493670886076,114.05632911392405,150.0,21.59607881568628,61.94148634401749,100412.83249335106,1,0.12420231,0.44873407,150.12420231103897,0.44873407
22.619493670886076,114.056582278481,150.0,21.59607881568628,61.94148634401749,100412.83249335106,1,0.2137793,0.8348931,150.21377930045128,0.8348931
22.619493670886076,114.05683544303797,150.0,21.59607881568628,61.94148634401749,100412.83249335106,1,0.15109755,0.68588614,150.1510975509882,0.68588614
22.619493670886076,114.05708860759493,150.0,21.59607881568628,61.94148634401749,100412.83249335106,1,-0.015073525,0.6397304,149.98492647521198,0.6397304
22.619493670886076,114.0573417721519,150.0,21.59607881568628,61.94148634401749,100412.83249335106,1,0.25812933,0.6049232,150.2581293284893,0.6049232
22.619493670886076,114.05759493670885,150.0,21.59607881568628,61.94148634401749,100412.83249335106,1,0.123581335,0.5515953,150.12358133494854,0.5515953
22.619493670886076,114.05784810126582,150.0,21.59607881568628,61.94148634401749,100412.83249335106,1,0.051515605,0.5166003,150.05151560530066,0.5166003
22.619493670886076,114.05810126582278,150.0,21.59607881568628,61.94148634401749,100412.83249335106,1,0.6369105,4.4145894,150.63691049814224,4.4145894
22.619493670886076,114.05835443037974,150.0,21.59607881568628,61.94148634401749,100412.83249335106,1,0.52555835,3.0914178,150.5255583524704,3.0914178
22.619493670886076,114.0586075949367,150.0,21.59607881568628,61.94148634401749,100412.83249335106,1,0.8308644,5.2074447,150.83086442947388,5.2074447
22.619493670886076,114.05886075949367,150.0,21.59607881568628,61.94148634401749,100412.83249335106,1,-0.075770065,0.76614475,149.9242299348116,0.76614475
22.619493670886076,114.05911392405064,150.0,21.59607881568628,61.94148634401749,100412.83249335106,1,0.13549674,0.694913,150.13549673557281,0.694913
22.619493670886076,114.05936708860759,150.0,21.59607881568628,61.94148634401749,100412.83249335106,1,0.0178227,0.7137572,150.01782269962132,0.7137572
22.619493670886076,114.05962025316455,150.0,21.59607881568628,61.94148634401749,100412.83249335106,1,0.587745,2.8676019,150.5877450108528,2.8676019
22.619493670886076,114.05987341772152,150.0,21.59607881568628,61.94148634401749,100412.83249335106,1,-0.14483753,0.8096777,149.85516247153282,0.8096777
22.619493670886076,114.06012658227847,150.0,21.59607881568628,61.94148634401749,100412.83249335106,1,0.039112665,0.6928428,150.03911266475916,0.6928428
22.619493670886076,114.06037974683544,150.0,21.59607881568628,61.94148634401749,100412.83249335106,1,-0.11681651,0.72441,149.88318348675966,0.72441
22.619493670886076,114.0606329113924,150.0,21.59607881568628,61.94148634401749,100412.83249335106,1,0.0024419285,0.6861812,150.00244192848913,0.6861812
22.619493670886076,114.06088607594936,150.0,21.59607881568628,61.94148634401749,100412.83249335106,1,0.014535868,0.6582522,150.01453586760908,0.6582522
22.619493670886076,114.06113924050632,150.0,21.59607881568628,61.94148634401749,100412.83249335106,1,-0.05040813,0.7310947,149.949591871351,0.7310947
22.619493670886076,114.06139240506329,150.0,21.59607881568628,61.94148634401749,100412.83249335106,1,-0.01950319,0.70282835,149.98049681074917,0.70282835
22.619493670886076,114.06164556962025,150.0,21.59607881568628,61.94148634401749,100412.83249335106,1,0.083721854,0.75307065,150.08372185379267,0.75307065
22.619493670886076,114.0618987341772,150.0,21.59607881568628,61.94148634401749,100412.83249335106,1,-0.18837519,0.7453801,149.8116248100996,0.7453801
22.619493670886076,114.06215189873417,150.0,21.59607881568628,61.94148634401749,100412.83249335106,1,0.22476193,1.636896,150.2247619330883,1.636896
22.619493670886076,114.06240506329114,150.0,21.59607881568628,61.94148634401749,100412.83249335106,1,2.5839171,9.5690975,152.5839171409607,9.5690975
22.619493670886076,114.06265822784809,150.0,21.59607881568628,61.94148634401749,100412.83249335106,1,2.5586169,13.581301,152.55861687660217,13.581301
22.619493670886076,114.06291139240506,150.0,21.59607881568628,61.94148634401749,100412.83249335106,1,0.31784764,2.14324,150.31784763932228,2.14324
22.619493670886076,114.06316455696202,150.0,21.59607881568628,61.94148634401749,100412.83249335106,1,1.4629843,7.035781,151.4629843235016,7.035781
22.619493670886076,114.06341772151899,150.0,21.59607881568628,61.94148634401749,100412.83249335106,1,1.4895245,6.876789,151.48952448368073,6.876789
22.619493670886076,114.06367088607594,150.0,21.59607881568628,61.94148634401749,100412.83249335106,1,2.3891368,10.18747,152.38913679122925,10.18747
22.619493670886076,114.0639240506329,150.0,21.59607881568628,61.94148634401749,100412.83249335106,1,0.42860612,1.2456121,150.42860612273216,1.2456121
22.619493670886076,114.06417721518987,150.0,21.59607881568628,61.94148634401749,100412.83249335106,1,0.43103018,1.6396935,150.43103018403053,1.6396935
22.619493670886076,114.06443037974682,150.0,21.59607881568628,61.94148634401749,100412.83249335106,1,0.691458,2.7329605,150.69145798683167,2.7329605
22.619493670886076,114.06468354430379,150.0,21.59607881568628,61.94148634401749,100412.83249335106,1,0.28921762,0.66858035,150.28921762108803,0.66858035
22.619493670886076,114.06493670886076,150.0,21.59607881568628,61.94148634401749,100412.83249335106,1,-0.10624125,1.3380713,149.89375875145197,1.3380713
22.619493670886076,114.06518987341772,150.0,21.59607881568628,61.94148634401749,100412.83249335106,1,7.505481,19.665487,157.5054807662964,19.665487
22.619493670886076,114.06544303797467,150.0,21.59607881568628,61.94148634401749,100412.83249335106,1,0.44565338,3.500806,150.44565337896347,3.500806
22.619493670886076,114.06569620253164,150.0,21.59607881568628,61.94148634401749,100412.83249335106,1,2.6939738,14.807967,152.69397377967834,14.807967
22.619493670886076,114.0659493670886,150.0,21.59607881568628,61.94148634401749,100412.83249335106,1,0.8236297,1.5280272,150.82362967729568,1.5280272
22.619493670886076,114.06620253164556,150.0,21.59607881568628,61.94148634401749,100412.83249335106,1,2.2243721,6.3543215,152.2243721485138,6.3543215
22.619493670886076,114.06645569620252,150.0,21.59607881568628,61.94148634401749,100412.83249335106,1,3.7732792,11.394788,153.77327919006348,11.394788
22.619493670886076,114.06670886075949,150.0,21.59607881568628,61.94148634401749,100412.83249335106,1,0.88251907,2.4177067,150.88251906633377,2.4177067
22.619493670886076,114.06696202531644,150.0,21.59607881568628,61.94148634401749,100412.83249335106,1,1.1224377,4.035773,151.1224377155304,4.035773
22.619493670886076,114.06721518987341,150.0,21.59607881568628,61.94148634401749,100412.83249335106,1,3.5272603,10.980476,153.52726030349731,10.980476
22.619493670886076,114.06746835443037,150.0,21.59607881568628,61.94148634401749,100412.83249335106,1,2.2749796,9.781441,152.27497959136963,9.781441
22.619493670886076,114.06772151898734,150.0,21.59607881568628,61.94148634401749,100412.83249335106,1,4.2581964,11.587617,154.25819635391235,11.587617
22.619493670886076,114.06797468354429,150.0,21.59607881568628,61.94148634401749,100412.83249335106,1,2.5499513,7.347344,152.54995131492615,7.347344
22.619493670886076,114.06822784810126,150.0,21.59607881568628,61.94148634401749,100412.83249335106,1,3.7712674,11.051515,153.77126741409302,11.051515
22.619493670886076,114.06848101265822,150.0,21.59607881568628,61.94148634401749,100412.83249335106,1,2.3808434,8.601827,152.3808434009552,8.601827
22.619493670886076,114.06873417721518,150.0,21.59607881568628,61.94148634401749,100412.83249335106,1,9.58776,22.783566,159.58775997161865,22.783566
22.619493670886076,114.06898734177214,150.0,21.59607881568628,61.94148634401749,100412.83249335106,1,2.2486846,4.9333506,152.2486846446991,4.9333506
22.619493670886076,114.06924050632911,150.0,21.59607881568628,61.94148634401749,100412.83249335106,1,8.023571,24.827518,158.0235710144043,24.827518
22.619493670886076,114.06949367088608,150.0,21.59607881568628,61.94148634401749,100412.83249335106,1,2.734108,3.8805792,152.7341079711914,3.8805792
22.619493670886076,114.06974683544303,150.0,21.59607881568628,61.94148634401749,100412.83249335106,1,9.945364,21.753704,159.9453639984131,21.753704
22.619493670886076,114.07,150.0,21.59607881568628,61.94148634401749,100412.83249335106,1,16.619678,24.825655,166.61967849731445,24.825655
22.61974683544304,114.05,150.0,21.59607881568628,61.94148634401749,100412.83249335106,1,0.13732104,0.58313924,150.1373210400343,0.58313924
22.61974683544304,114.05025316455696,150.0,21.59607881568628,61.94148634401749,100412.83249335106,1,-0.10868841,0.62031955,149.89131159335375,0.62031955
22.61974683544304,114.05050632911392,150.0,21.59607881568628,61.94148634401749,100412.83249335106,1,-0.050572302,0.7300344,149.94942769780755,0.7300344
22.61974683544304,114.05075949367088,150.0,21.59607881568628,61.94148634401749,100412.83249335106,1,-0.19733088,0.5873758,149.80266912281513,0.5873758
22.61974683544304,114.05101265822785,150.0,21.59607881568628,61.94148634401749,100412.83249335106,1,0.20732437,0.4506184,150.20732437074184,0.4506184
22.61974683544304,114.05126582278481,150.0,21.59607881568628,61.94148634401749,100412.83249335106,1,-0.020205056,0.5571923,149.9797949437052,0.5571923
22.61974683544304,114.05151898734177,150.0,21.59607881568628,61.94148634401749,100412.83249335106,1,-0.09051635,0.52769333,149.9094836488366,0.52769333
22.61974683544304,114.05177215189873,150.0,21.59607881568628,61.94148634401749,100412.83249335106,1,1.9295402,10.666732,151.92954015731812,10.666732
22.61974683544304,114.0520253164557,150.0,21.59607881568628,61.94148634401749,100412.83249335106,1,-0.12040778,0.63071287,149.87959221750498,0.63071287
22.61974683544304,114.05227848101265,150.0,21.59607881568628,61.94148634401749,100412.83249335106,1,0.011936554,0.6824225,150.0119365537539,0.6824225
22.61974683544304,114.05253164556962,150.0,21.59607881568628,61.94148634401749,100412.83249335106,1,0.5246403,3.0055592,150.52464032173157,3.0055592
22.61974683544304,114.05278481012658,150.0,21.59607881568628,61.94148634401749,100412.83249335106,1,-0.12480835,0.57928264,149.8751916512847,0.57928264
22.61974683544304,114.05303797468355,150.0,21.59607881568628,61.94148634401749,100412.83249335106,1,-0.06374881,0.7373427,149.936251193285,0.7373427
22.61974683544304,114.0532911392405,150.0,21.59607881568628,61.94148634401749,100412.83249335106,1,-0.031374227,0.5126081,149.96862577274442,0.5126081
22.61974683544304,114.05354430379747,150.0,21.59607881568628,61.94148634401749,100412.83249335106,1,0.11209066,0.55385476,150.11209066212177,0.55385476
22.61974683544304,114.05379746835443,150.0,21.59607881568628,61.94148634401749,100412.83249335106,1,-0.061659828,0.6652122,149.9383401721716,0.6652122
22.61974683544304,114.05405063291138,150.0,21.59607881568628,61.94148634401749,100412.83249335106,1,-0.025370995,0.42813575,149.97462900541723,0.42813575
22.61974683544304,114.05430379746835,150.0,21.59607881568628,61.94148634401749,100412.83249335106,1,-0.11313592,0.9538329,149.88686408102512,0.9538329
22.61974683544304,114.05455696202532,150.0,21.59607881568628,61.94148634401749,100412.83249335106,1,-0.2615576,0.73263,149.73844239115715,0.73263
22.61974683544304,114.05481012658227,150.0,21.59607881568628,61.94148634401749,100412.83249335106,1,-0.076226525,0.83270526,149.92377347499132,0.83270526
22.61974683544304,114.05506329113923,150.0,21.59607881568628,61.94148634401749,100412.83249335106,1,0.48187366,1.1013439,150.48187366127968,1.1013439
22.61974683544304,114.0553164556962,150.0,21.59607881568628,61.94148634401749,100412.83249335106,1,-0.0078032953,0.77986526,149.99219670472667,0.77986526
22.61974683544304,114.05556962025317,150.0,21.59607881568628,61.94148634401749,100412.83249335106,1,0.5754956,2.539552,150.57549560070038,2.539552
22.61974683544304,114.05582278481012,150.0,21.59607881568628,61.94148634401749,100412.83249335106,1,0.095521696,0.5058193,150.09552169591188,0.5058193
22.61974683544304,114.05607594936708,150.0,21.59607881568628,61.94148634401749,100412.83249335106,1,0.18324943,0.56968516,150.1832494288683,0.56968516
22.61974683544304,114.05632911392405,150.0,21.59607881568628,61.94148634401749,100412.83249335106,1,0.07041034,0.6239426,150.0704103410244,0.6239426
22.61974683544304,114.056582278481,150.0,21.59607881568628,61.94148634401749,100412.83249335106,1,-0.09816618,0.5252851,149.90183381736279,0.5252851
22.61974683544304,114.05683544303797,150.0,21.59607881568628,61.94148634401749,100412.83249335106,1,0.064570084,0.51610625,150.0645700842142,0.51610625
22.61974683544304,114.05708860759493,150.0,21.59607881568628,61.94148634401749,100412.83249335106,1,0.30674738,0.95179284,150.3067473769188,0.95179284
22.61974683544304,114.0573417721519,150.0,21.59607881568628,61.94148634401749,100412.83249335106,1,-0.06537571,0.96579796,149.93462429195642,0.96579796
22.61974683544304,114.05759493670885,150.0,21.59607881568628,61.94148634401749,100412.83249335106,1,-0.021217227,0.9112814,149.97878277301788,0.9112814
22.61974683544304,114.05784810126582,150.0,21.59607881568628,61.94148634401749,100412.83249335106,1,-0.096235424,0.623192,149.90376457571983,0.623192
22.61974683544304,114.05810126582278,150.0,21.59607881568628,61.94148634401749,100412.83249335106,1,0.0051023513,0.72333074,150.00510235130787,0.72333074
22.61974683544304,114.05835443037974,150.0,21.59607881568628,61.94148634401749,100412.83249335106,1,1.3944645,7.924412,151.39446449279785,7.924412
22.61974683544304,114.0586075949367,150.0,21.59607881568628,61.94148634401749,100412.83249335106,1,-0.082737155,0.62374085,149.91726284474134,0.62374085
22.61974683544304,114.05886075949367,150.0,21.59607881568628,61.94148634401749,100412.83249335106,1,-0.042972554,0.6930041,149.9570274464786,0.6930041
22.61974683544304,114.05911392405064,150.0,21.59607881568628,61.94148634401749,100412.83249335106,1,-0.008428489,0.85253257,149.99157151114196,0.85253257
22.61974683544304,114.05936708860759,150.0,21.59607881568628,61.94148634401749,100412.83249335106,1,0.050287087,0.53391933,150.05028708651662,0.53391933
22.61974683544304,114.05962025316455,150.0,21.59607881568628,61.94148634401749,100412.83249335106,1,0.12957655,0.6489215,150.12957654893398,0.6489215
22.61974683544304,114.05987341772152,150.0,21.59607881568628,61.94148634401749,100412.83249335106,1,-0.23353374,0.68217295,149.76646625995636,0.68217295
22.61974683544304,114.06012658227847,150.0,21.59607881568628,61.94148634401749,100412.83249335106,1,0.25287703,0.8568265,150.25287702679634,0.8568265
22.61974683544304,114.06037974683544,150.0,21.59607881568628,61.94148634401749,100412.83249335106,1,0.07085419,1.2150272,150.07085418701172,1.2150272
22.61974683544304,114.0606329113924,150.0,21.59607881568628,61.94148634401749,100412.83249335106,1,-0.052984152,0.6923869,149.94701584801078,0.6923869
22.61974683544304,114.06088607594936,150.0,21.59607881568628,61.94148634401749,100412.83249335106,1,0.16958898,0.76396763,150.16958898305893,0.76396763
22.61974683544304,114.06113924050632,150.0,21.59607881568628,61.94148634401749,100412.83249335106,1,-0.008688653,0.92106026,149.99131134711206,0.92106026
22.61974683544304,114.06139240506329,150.0,21.59607881568628,61.94148634401749,100412.83249335106,1,0.61705756,2.897723,150.6170575618744,2.897723
22.61974683544304,114.06164556962025,150.0,21.59607881568628,61.94148634401749,100412.83249335106,1,-0.033733588,0.7862358,149.96626641228795,0.7862358
22.61974683544304,114.0618987341772,150.0,21.59607881568628,61.94148634401749,100412.83249335106,1,0.50875473,2.1696243,150.5087547302246,2.1696243
22.61974683544304,114.06215189873417,150.0,21.59607881568628,61.94148634401749,100412.83249335106,1,1.5224907,6.596648,151.5224907398224,6.596648
22.61974683544304,114.06240506329114,150.0,21.59607881568628,61.94148634401749,100412.83249335106,1,0.20555857,0.7359603,150.2055585682392,0.7359603
22.61974683544304,114.06265822784809,150.0,21.59607881568628,61.94148634401749,100412.83249335106,1,1.7439289,10.625392,151.74392890930176,10.625392
22.61974683544304,114.06291139240506,150.0,21.59607881568628,61.94148634401749,100412.83249335106,1,3.1909854,13.076718,153.19098544120789,13.076718
22.61974683544304,114.06316455696202,150.0,21.59607881568628,61.94148634401749,100412.83249335106,1,0.016098144,1.0534765,150.01609814353287,1.0534765
22.61974683544304,114.06341772151899,150.0,21.59607881568628,61.94148634401749,100412.83249335106,1,0.10818136,0.86157644,150.10818135738373,0.86157644
22.61974683544304,114.06367088607594,150.0,21.59607881568628,61.94148634401749,100412.83249335106,1,0.04844435,0.9054809,150.04844434931874,0.9054809
22.61974683544304,114.0639240506329,150.0,21.59607881568628,61.94148634401749,100412.83249335106,1,0.25366834,1.3902291,150.25366833806038,1.3902291
22.61974683544304,114.06417721518987,150.0,21.59607881568628,61.94148634401749,100412.83249335106,1,0.4173246,3.1941798,150.4173246026039,3.1941798
22.61974683544304,114.06443037974682,150.0,21.59607881568628,61.94148634401749,100412.83249335106,1,0.9348991,3.823718,150.93489909172058,3.823718
22.61974683544304,114.06468354430379,150.0,21.59607881568628,61.94148634401749,100412.83249335106,1,1.0152723,4.222798,151.01527225971222,4.222798
22.61974683544304,114.06493670886076,150.0,21.59607881568628,61.94148634401749,100412.83249335106,1,0.42699286,1.0100496,150.42699286341667,1.0100496
22.61974683544304,114.06518987341772,150.0,21.59607881568628,61.94148634401749,100412.83249335106,1,4.267255,13.41865,154.26725482940674,13.41865
22.61974683544304,114.06544303797467,150.0,21.59607881568628,61.94148634401749,100412.83249335106,1,0.11725367,1.4093863,150.11725366860628,1.4093863
22.61974683544304,114.06569620253164,150.0,21.59607881568628,61.94148634401749,100412.83249335106,1,0.537515,1.306369,150.5375149846077,1.306369
22.61974683544304,114.0659493670886,150.0,21.59607881568628,61.94148634401749,100412.83249335106,1,0.48598298,1.9137988,150.48598298430443,1.9137988
22.61974683544304,114.06620253164556,150.0,21.59607881568628,61.94148634401749,100412.83249335106,1,3.3136952,15.842525,153.31369519233704,15.842525
22.61974683544304,114.06645569620252,150.0,21.59607881568628,61.94148634401749,100412.83249335106,1,0.42832235,1.1167974,150.4283223450184,1.1167974
22.61974683544304,114.06670886075949,150.0,21.59607881568628,61.94148634401749,100412.83249335106,1,1.7698166,6.5112076,151.76981663703918,6.5112076
22.61974683544304,114.06696202531644,150.0,21.59607881568628,61.94148634401749,100412.83249335106,1,0.5660586,1.342102,150.56605857610703,1.342102
22.61974683544304,114.06721518987341,150.0,21.59607881568628,61.94148634401749,100412.83249335106,1,-0.22044425,1.2921566,149.77955575287342,1.2921566
22.61974683544304,114.06746835443037,150.0,21.59607881568628,61.94148634401749,100412.83249335106,1,1.6754782,4.374337,151.67547821998596,4.374337
22.61974683544304,114.06772151898734,150.0,21.59607881568628,61.94148634401749,100412.83249335106,1,9.448064,21.578743,159.44806385040283,21.578743
22.61974683544304,114.06797468354429,150.0,21.59607881568628,61.94148634401749,100412.83249335106,1,3.3253436,12.351846,153.3253436088562,12.351846
22.61974683544304,114.06822784810126,150.0,21.59607881568628,61.94148634401749,100412.83249335106,1,4.826657,12.364649,154.8266568183899,12.364649
22.61974683544304,114.06848101265822,150.0,21.59607881568628,61.94148634401749,100412.83249335106,1,6.8754425,18.023968,156.8754425048828,18.023968
22.61974683544304,114.06873417721518,150.0,21.59607881568628,61.94148634401749,100412.83249335106,1,8.101002,20.960188,158.10100173950195,20.960188
22.61974683544304,114.06898734177214,150.0,21.59607881568628,61.94148634401749,100412.83249335106,1,6.3024893,18.290333,156.30248928070068,18.290333
22.61974683544304,114.06924050632911,150.0,21.59607881568628,61.94148634401749,100412.83249335106,1,9.851746,21.018904,159.85174560546875,21.018904
22.61974683544304,114.06949367088608,150.0,21.59607881568628,61.94148634401749,100412.83249335106,1,10.797086,25.708122,160.79708576202393,25.708122
22.61974683544304,114.06974683544303,150.0,21.59607881568628,61.94148634401749,100412.83249335106,1,9.200359,20.919996,159.20035934448242,20.919996
22.61974683544304,114.07,150.0,21.59607881568628,61.94148634401749,100412.83249335106,1,2.889646,4.079088,152.8896460533142,4.079088
22.62,114.05,150.0,21.59607881568628,61.94148634401749,100412.83249335106,1,0.217973,0.582855,150.2179729938507,0.582855
22.62,114.05025316455696,150.0,21.59607881568628,61.94148634401749,100412.83249335106,1,0.00379927,0.6506611,150.00379926990718,0.6506611
22.62,114.05050632911392,150.0,21.59607881568628,61.94148634401749,100412.83249335106,1,0.01157639,0.6946464,150.0115763898939,0.6946464
22.62,114.05075949367088,150.0,21.59607881568628,61.94148634401749,100412.83249335106,1,-0.1085734,0.50826544,149.89142660051584,0.50826544
22.62,114.05101265822785,150.0,21.59607881568628,61.94148634401749,100412.83249335106,1,-0.06250194,0.5527516,149.93749806284904,0.5527516
22.62,114.05126582278481,150.0,21.59607881568628,61.94148634401749,100412.83249335106,1,2.3178139,13.251552,152.31781387329102,13.251552
22.62,114.05151898734177,150.0,21.59607881568628,61.94148634401749,100412.83249335106,1,-0.076905526,0.7392877,149.9230944737792,0.7392877
22.62,114.05177215189873,150.0,21.59607881568628,61.94148634401749,100412.83249335106,1,-0.2402628,0.77320296,149.75973719358444,0.77320296
22.62,114.0520253164557,150.0,21.59607881568628,61.94148634401749,100412.83249335106,1,-0.04212127,0.718543,149.95787873119116,0.718543
22.62,114.05227848101265,150.0,21.59607881568628,61.94148634401749,100412.83249335106,1,0.13462812,0.40368962,150.1346281170845,0.40368962
22.62,114.05253164556962,150.0,21.59607881568628,61.94148634401749,100412.83249335106,1,0.22548968,0.4613017,150.2254896759987,0.4613017
22.62,114.05278481012658,150.0,21.59607881568628,61.94148634401749,100412.83249335106,1,0.10604204,0.82696706,150.1060420423746,0.82696706
22.62,114.05303797468355,150.0,21.59607881568628,61.94148634401749,100412.83249335106,1,0.101931795,0.48782638,150.10193179547787,0.48782638
22.62,114.0532911392405,150.0,21.59607881568628,61.94148634401749,100412.83249335106,1,-0.1190025,0.72149223,149.8809975013137,0.72149223
22.62,114.05354430379747,150.0,21.59607881568628,61.94148634401749,100412.83249335106,1,1.5165851,6.278481,151.51658511161804,6.278481
22.62,114.05379746835443,150.0,21.59607881568628,61.94148634401749,100412.83249335106,1,0.087762326,0.49427298,150.08776232600212,0.49427298
22.62,114.05405063291138,150.0,21.59607881568628,61.94148634401749,100412.83249335106,1,2.3529308,12.722513,152.35293078422546,12.722513
22.62,114.05430379746835,150.0,21.59607881568628,61.94148634401749,100412.83249335106,1,0.06366993,0.6386117,150.06366992741823,0.6386117
22.62,114.05455696202532,150.0,21.59607881568628,61.94148634401749,100412.83249335106,1,-0.27170935,0.7107955,149.7282906472683,0.7107955
22.62,114.05481012658227,150.0,21.59607881568628,61.94148634401749,100412.83249335106,1,0.14877473,0.57219714,150.14877472817898,0.57219714
22.62,114.05506329113923,150.0,21.59607881568628,61.94148634401749,100412.83249335106,1,-0.105162494,0.74262524,149.89483750611544,0.74262524
22.62,114.0553164556962,150.0,21.59607881568628,61.94148634401749,100412.83249335106,1,0.0037843713,0.5943609,150.00378437130712,0.5943609
22.62,114.05556962025317,150.0,21.59607881568628,61.94148634401749,100412.83249335106,1,-0.07858946,0.88063926,149.92141053825617,0.88063926
22.62,114.05582278481012,150.0,21.59607881568628,61.94148634401749,100412.83249335106,1,-0.16026652,0.9792691,149.83973348140717,0.9792691
22.62,114.05607594936708,150.0,21.59607881568628,61.94148634401749,100412.83249335106,1,-0.032436337,0.6150835,149.967563662678,0.6150835
22.62,114.05632911392405,150.0,21.59607881568628,61.94148634401749,100412.83249335106,1,0.02610755,0.5822356,150.02610754966736,0.5822356
22.62,114.056582278481,150.0,21.59607881568628,61.94148634401749,100412.83249335106,1,0.058409765,0.60011137,150.05840976536274,0.60011137
22.62,114.05683544303797,150.0,21.59607881568628,61.94148634401749,100412.83249335106,1,2.3353405,12.111266,152.33534049987793,12.111266
22.62,114.05708860759493,150.0,21.59607881568628,61.94148634401749,100412.83249335106,1,-0.13805583,0.788735,149.86194416880608,0.788735
22.62,114.0573417721519,150.0,21.59607881568628,61.94148634401749,100412.83249335106,1,0.04392794,0.76842725,150.04392794147134,0.76842725
22.62,114.05759493670885,150.0,21.59607881568628,61.94148634401749,100412.83249335106,1,0.21902359,1.2004021,150.21902358531952,1.2004021
22.62,114.05784810126582,150.0,21.59607881568628,61.94148634401749,100412.83249335106,1,1.7457353,10.0959,151.74573528766632,10.0959
22.62,114.05810126582278,150.0,21.59607881568628,61.94148634401749,100412.83249335106,1,0.17994806,0.78259367,150.17994806170464,0.78259367
22.62,114.05835443037974,150.0,21.59607881568628,61.94148634401749,100412.83249335106,1,0.71640503,3.180668,150.71640503406525,3.180668
22.62,114.0586075949367,150.0,21.59607881568628,61.94148634401749,100412.83249335106,1,-0.007479769,0.6348777,149.99252023082227,0.6348777
22.62,114.05886075949367,150.0,21.59607881568628,61.94148634401749,100412.83249335106,1,0.31851423,1.5347993,150.31851422786713,1.5347993
22.62,114.05911392405064,150.0,21.59607881568628,61.94148634401749,100412.83249335106,1,0.57360727,2.5126805,150.57360726594925,2.5126805
22.62,114.05936708860759,150.0,21.59607881568628,61.94148634401749,100412.83249335106,1,0.019538263,0.6770962,150.019538262859,0.6770962
22.62,114.05962025316455,150.0,21.59607881568628,61.94148634401749,100412.83249335106,1,2.1006908,7.360898,152.1006908416748,7.360898
22.62,114.05987341772152,150.0,21.59607881568628,61.94148634401749,100412.83249335106,1,0.21287617,0.7022131,150.21287617087364,0.7022131
22.62,114.06012658227847,150.0,21.59607881568628,61.94148634401749,100412.83249335106,1,0.07173015,0.82905406,150.0717301517725,0.82905406
22.62,114.06037974683544,150.0,21.59607881568628,61.94148634401749,100412.83249335106,1,0.060667194,0.71073043,150.06066719442606,0.71073043
22.62,114.0606329113924,150.0,21.59607881568628,61.94148634401749,100412.83249335106,1,0.16123389,0.6796917,150.16123388707638,0.6796917
22.62,114.06088607594936,150.0,21.59607881568628,61.94148634401749,100412.83249335106,1,2.09014,9.934164,152.09014010429382,9.934164
22.62,114.06113924050632,150.0,21.59607881568628,61.94148634401749,100412.83249335106,1,0.9442592,4.293112,150.94425922632217,4.293112
22.62,114.06139240506329,150.0,21.59607881568628,61.94148634401749,100412.83249335106,1,2.7591493,15.384406,152.75914931297302,15.384406
22.62,114.06164556962025,150.0,21.59607881568628,61.94148634401749,100412.83249335106,1,0.51619726,2.4424407,150.5161972641945,2.4424407
22.62,114.0618987341772,150.0,21.59607881568628,61.94148634401749,100412.83249335106,1,0.3829423,1.8421974,150.382942289114,1.8421974
22.62,114.06215189873417,150.0,21.59607881568628,61.94148634401749,100412.83249335106,1,1.5197355,7.723336,151.519735455513,7.723336
22.62,114.06240506329114,150.0,21.59607881568628,61.94148634401749,100412.83249335106,1,2.7213447,14.463727,152.72134470939636,14.463727
22.62,114.06265822784809,150.0,21.59607881568628,61.94148634401749,100412.83249335106,1,1.09532,6.3120275,151.09531998634338,6.3120275
22.62,114.06291139240506,150.0,21.59607881568628,61.94148634401749,100412.83249335106,1,0.049240794,0.64856446,150.0492407940328,0.64856446
22.62,114.06316455696202,150.0,21.59607881568628,61.94148634401749,100412.83249335106,1,1.519826,5.483113,151.51982605457306,5.483113
22.62,114.06341772151899,150.0,21.59607881568628,61.94148634401749,100412.83249335106,1,1.5815102,8.898036,151.58151018619537,8.898036
22.62,114.06367088607594,150.0,21.59607881568628,61.94148634401749,100412.83249335106,1,1.7692027,10.202368,151.769202709198,10.202368
22.62,114.0639240506329,150.0,21.59607881568628,61.94148634401749,100412.83249335106,1,1.3178073,7.870371,151.3178073167801,7.870371
22.62,114.06417721518987,150.0,21.59607881568628,61.94148634401749,100412.83249335106,1,1.7981898,6.8852553,151.79818975925446,6.8852553
22.62,114.06443037974682,150.0,21.59607881568628,61.94148634401749,100412.83249335106,1,1.3177325,8.4521475,151.31773245334625,8.4521475
22.62,114.06468354430379,150.0,21.59607881568628,61.94148634401749,100412.83249335106,1,2.1099186,6.802606,152.10991859436035,6.802606
22.62,114.06493670886076,150.0,21.59607881568628,61.94148634401749,100412.83249335106,1,0.6279125,1.4728222,150.6279125213623,1.4728222
22.62,114.06518987341772,150.0,21.59607881568628,61.94148634401749,100412.83249335106,1,4.2524676,17.749783,154.2524676322937,17.749783
22.62,114.06544303797467,150.0,21.59607881568628,61.94148634401749,100412.83249335106,1,0.59162194,1.5790424,150.59162193536758,1.5790424
22.62,114.06569620253164,150.0,21.59607881568628,61.94148634401749,100412.83249335106,1,0.2242177,1.4442493,150.22421769797802,1.4442493
22.62,114.0659493670886,150.0,21.59607881568628,61.94148634401749,100412.83249335106,1,2.2134233,5.866025,152.2134232521057,5.866025
22.62,114.06620253164556,150.0,21.59607881568628,61.94148634401749,100412.83249335106,1,4.020236,13.58462,154.02023601531982,13.58462
22.62,114.06645569620252,150.0,21.59607881568628,61.94148634401749,100412.83249335106,1,3.4003613,16.120565,153.40036129951477,16.120565
22.62,114.06670886075949,150.0,21.59607881568628,61.94148634401749,100412.83249335106,1,4.29613,12.198576,154.2961301803589,12.198576
22.62,114.06696202531644,150.0,21.59607881568628,61.94148634401749,100412.83249335106,1,4.0952306,13.450514,154.09523057937622,13.450514
22.62,114.06721518987341,150.0,21.59607881568628,61.94148634401749,100412.83249335106,1,5.531188,19.348972,155.53118801116943,19.348972
22.62,114.06746835443037,150.0,21.59607881568628,61.94148634401749,100412.83249335106,1,3.871678,14.959229,153.87167811393738,14.959229
22.62,114.06772151898734,150.0,21.59607881568628,61.94148634401749,100412.83249335106,1,2.0272777,3.3648045,152.0272777080536,3.3648045
22.62,114.06797468354429,150.0,21.59607881568628,61.94148634401749,100412.83249335106,1,2.1112123,4.987721,152.11121225357056,4.987721
22.62,114.06822784810126,150.0,21.59607881568628,61.94148634401749,100412.83249335106,1,3.44271,10.74732,153.44270992279053,10.74732
22.62,114.06848101265822,150.0,21.59607881568628,61.94148634401749,100412.83249335106,1,4.2580175,12.124248,154.25801753997803,12.124248
22.62,114.06873417721518,150.0,21.59607881568628,61.94148634401749,100412.83249335106,1,7.182162,15.885859,157.18216180801392,15.885859
22.62,114.06898734177214,150.0,21.59607881568628,61.94148634401749,100412.83249335106,1,3.6742976,8.47031,153.67429757118225,8.47031
22.62,114.06924050632911,150.0,21.59607881568628,61.94148634401749,100412.83249335106,1,2.5685577,7.6992035,152.5685577392578,7.6992035
22.62,114.06949367088608,150.0,21.59607881568628,61.94148634401749,100412.83249335106,1,5.093808,13.125729,155.0938081741333,13.125729
22.62,114.06974683544303,150.0,21.59607881568628,61.94148634401749,100412.83249335106,1,4.6211762,12.144972,154.62117624282837,12.144972
22.62,114.07,150.0,21.59607881568628,61.94148634401749,100412.83249335106,1,12.5278225,27.586483,162.52782249450684,27.586483
